pair_id,topic_id,doc_id,grade,raw,ts
P00000,PBSAP-17,W1885296745,3.0,"{""grade"": 3, ""reason"": ""A Philippine study directly about the costs of biosafety regulation for GM rice under the National Biosafety Framework (EO 514), which bears on the implementation of biosafety regulations the goal targets.""}",1791560050.472852
P00001,PBSAP-02,W7117240352,2.0,"{""grade"": 2, ""reason"": ""The paper is directly about land restoration and community approaches to it, which partly informs the goal's stakeholder and planning actions, but it studies Ethiopian watersheds rather than the Philippines.""}",1791560052.2215989
P00002,PBSAP-13,W4412044687,1.0,"{""grade"": 1, ""reason"": ""The paper addresses equity in protected area governance (distributional, procedural, recognitional) across 19 countries, not access to genetic resources, benefit sharing from genetic resources, digital sequence information, or traditional knowledge, and it is not Philippine-focused; it shares only general equity and Indigenous-rights themes with the goal.""}",1791560054.545858
P00003,PBSAP-05,W4379365480,3.0,"{""grade"": 3, ""reason"": ""This Philippine study inventories wild food plants harvested and used by local communities, records harvested plant parts and threats, and documents sustainable harvesting practices, which directly supports the NTFP baseline inventories and sustainable-use monitoring in the goal.""}",1791560057.389647
P00004,PBSAP-05,W2279736519,3.0,"{""grade"": 3, ""reason"": ""This Philippine study directly addresses the harvest, trade, and management of a wild marine resource (trepang), including trade networks and the need for trader commitment to sustainable management, which bears directly on the goal.""}",1791560059.961452
P00005,PBSAP-17,W4402971859,2.0,"{""grade"": 2, ""reason"": ""This Philippine study covers GM crop awareness and calls for a stronger regulatory framework and GMO communication, which relates to biosafety governance, but it does not directly address biosafety laws, risk assessment, or their implementation.""}",1791560061.811292
P00006,PBSAP-04,W2542377898,3.0,"{""grade"": 3, ""reason"": ""A Philippine study that uses IUCN Red List criteria to set landscape-level management targets for a threatened species (Philippine Eagle), directly supporting the goal's threatened-species conservation planning and Red List-based monitoring.""}",1791560063.340148
P00007,PBSAP-01,W4413449508,3.0,"{""grade"": 3, ""reason"": ""The paper directly assesses OECM performance and strategic planning for conservation areas, and includes Philippine data, so it could inform planning and monitoring of OECMs under this goal.""}",1791560066.048755
P00008,PBSAP-16,W7217033531,1.0,"{""grade"": 1, ""reason"": ""The paper reviews environmental crime in the Philippines (illegal logging, mining, fishing, wildlife trade), which shares only broad themes like waste management and sustainable development with the goal of sustainable consumption and circular economy policy, so it would not really help someone working on this goal.""}",1791560067.703868
P00009,PBSAP-06,W859661940,1.0,"{""grade"": 1, ""reason"": ""The paper is a Philippine biodiversity inventory and governance study of a protected area with no mention of invasive alien species or their spread, so it shares only general biodiversity-monitoring vocabulary with the goal.""}",1791560070.047894
P00010,PBSAP-12,W2779613575,2.0,"{""grade"": 2, ""reason"": ""The paper addresses green infrastructure spatial planning in cities, which partly overlaps with expanding urban green spaces, but its focus is urban resilience and climate adaptation rather than public access, and only one of its four case-study cities (Manila) is in the Philippines.""}",1791560072.302252
P00011,PBSAP-16,W2929380377,1.0,"{""grade"": 1, ""reason"": ""The paper addresses unsustainable harvesting of species as a biodiversity threat, which shares the word 'unsustainable' with the goal, but it concerns wildlife overexploitation and protected areas rather than sustainable consumption policy, circular economy, waste, or food sustainability, and it is not Philippine-focused.""}",1791560073.696752
P00012,PBSAP-06,W4413743321,3.0,"{""grade"": 3, ""reason"": ""This Philippine-focused study provides the most comprehensive national inventory of established non-native species, directly supporting the monitoring and management of invasive alien species as the goal requires.""}",1791560074.820916
P00013,PBSAP-01,W3108704521,3.0,"{""grade"": 3, ""reason"": ""The paper presents a landscape-level land suitability assessment for biodiversity conservation in the Philippines, directly supporting biodiversity-inclusive spatial planning and land use policy under NIPAS, which matches the goal of spatial analysis and planning for protected and production landscapes.""}",1791560076.458834
P00014,PBSAP-21,W4406673699,3.0,"{""grade"": 3, ""reason"": ""A Philippine study that documents Indigenous Kalinga traditional ecological knowledge, recommends documenting TEK and integrating it into education, and so directly addresses the goal's traditional knowledge and education components.""}",1791560078.200532
P00015,PBSAP-11,W4389520227,2.0,"{""grade"": 2, ""reason"": ""A Philippine study on climate change impacts on forest ecosystems and mitigation (including extreme weather) relates to ecosystem resilience to hazards, but only indirectly, since it does not address disaster needs assessments, regulation of hazards, or the ecosystem-service valuation the goal's actions focus on.""}",1791560080.3470862
P00016,PBSAP-17,S2_e4a23859e6ca4f6beef2554ec6907efddb5a2b3c,3.0,"{""grade"": 3, ""reason"": ""The paper directly analyzes Philippine biosafety regulation of GM crops, including the agencies, permits, field trials, risk assessment and governance that the goal targets, so it would directly help someone working on biosafety measures and regulations.""}",1791560081.681403
P00017,PBSAP-16,W4414186735,1.0,"{""grade"": 1, ""reason"": ""The paper is a Philippine study on airline adoption of sustainable aviation fuel and its cost and policy barriers, which touches on sustainable production policy but not on consumption choices, waste, circular economy, or food sustainability, so it would add little to this goal.""}",1791560084.856513
P00018,PBSAP-09,W4401530171,1.0,"{""grade"": 1, ""reason"": ""The paper is a Nepal study of local stakeholder understanding of REDD+ carbon credits and benefit-sharing, which shares the benefit-sharing theme but does not address sustainable harvest, trade, or by-catch of wild species or fisheries under the goal.""}",1791560086.7820108
P00019,PBSAP-02,W4409253631,2.0,"{""grade"": 2, ""reason"": ""The paper directly studies restoration of degraded forest landscapes and its governance and sustainability, which fits the goal, but its field site is in Nepal rather than the Philippines.""}",1791560088.683537
P00020,PBSAP-21,W3135220306,2.0,"{""grade"": 2, ""reason"": ""The paper is about a regional biodiversity observation network that builds capacity, shares knowledge, and aims to improve data accessibility for decision-makers, which matches the goal's themes, but it is not specific to the Philippines and covers the Asia-Pacific region broadly.""}",1791560090.797266
P00021,PBSAP-15,S2_c36bf128e23f55df3360d1138fbaa3262a856ad7,1.0,"{""grade"": 1, ""reason"": ""The paper is Philippine and concerns marine plastic governance, with a brief mention of producer responsibility (EPR), but it does not address business ESG frameworks, biodiversity disclosure, SEC reporting, or agribusiness policy that the goal targets.""}",1791560093.6390269
P00022,PBSAP-04,W4378214736,3.0,"{""grade"": 3, ""reason"": ""A Philippine study that identifies conservation priorities for threatened and endemic birds and mammals in Mindanao, including site-level priorities, directly supports threatened species assessment and conservation planning under this goal.""}",1791560095.4141388
P00023,PBSAP-01,W4411101325,2.0,"{""grade"": 2, ""reason"": ""The paper applies spatial prioritization to plan new protected areas, which closely matches the goal's spatial planning focus, but it covers 10 countries and only includes the Philippines as one case rather than focusing on Philippine planning.""}",1791560097.553385
P00024,PBSAP-05,W2786268704,3.0,"{""grade"": 3, ""reason"": ""It is a Philippine study evaluating a closed fishing season, a harvest regulation for a wild sardine fishery, and its effects on catch and production, which informs the sustainable capture fisheries management the goal calls for.""}",1791560100.525815
P00025,PBSAP-06,W4400691459,3.0,"{""grade"": 3, ""reason"": ""A Philippine study directly assessing management strategies, challenges, and monitoring/control of invasive alien plant species in a protected area, which directly supports the goal of reducing IAS spread in priority sites.""}",1791560101.769902
P00026,PBSAP-14,W4412506907,2.0,"{""grade"": 2, ""reason"": ""The paper addresses mainstreaming of climate change adaptation into Philippine urban planning, including cross-sectoral coordination and policy integration. That is partly relevant to the goal's mainstreaming mechanisms, but it does not address biodiversity itself.""}",1791560104.134618
P00027,PBSAP-20,W4412040795,1.0,"{""grade"": 1, ""reason"": ""The paper reviews National Greening Program literature on reforestation, governance, and community participation in the Philippines, but it does not address capacity building, training, or technology transfer, so it would offer little help to someone working on this goal.""}",1791560106.013597
P00028,PBSAP-20,W2159619626,1.0,"{""grade"": 1, ""reason"": ""It covers capacity development and leadership for water security in developing countries, which shares the capacity-building theme but not biodiversity, the PBSAP goal, or the Philippines.""}",1791560108.08671
P00029,PBSAP-22,W2966015057,2.0,"{""grade"": 2, ""reason"": ""A Philippine study in the Indigenous Cordillera region that reviews the socio-cultural dynamics of conservation and calls for partnerships and engagement with practitioners, but it does not directly address IPLC participation in decision-making, access to justice, or monitoring.""}",1791560109.968978
P00030,PBSAP-13,W1567522067,3.0,"{""grade"": 3, ""reason"": ""The paper is a Philippine-focused analysis of the CBD and ITPGRFA, the international instruments that govern access to and benefit sharing from plant genetic resources, and it offers institutional options for Philippine public R&D, so it would directly help someone working on this ABS goal.""}",1791560112.9857678
P00031,PBSAP-04,W4399813296,2.0,"{""grade"": 2, ""reason"": ""The paper directly addresses genetic resource conservation (in situ and ex situ) for a crop, which overlaps the goal's focus on genetic diversity of crops and their wild relatives. However, it is a global review of jackfruit with only a passing mention of the Philippines, and jackfruit is not clearly a native Philippine crop, so it is only partly relevant.""}",1791560115.197581
P00032,PBSAP-02,W2485532749,2.0,"{""grade"": 2, ""reason"": ""The paper directly addresses restoring degraded coral reefs through herbivorous fish restocking, which fits the marine restoration goal, but the abstract does not mention the Philippines, so it is capped at 2.""}",1791560117.6283991
P00033,PBSAP-21,W4400344315,2.0,"{""grade"": 2, ""reason"": ""This Philippine study covers capacity building, knowledge sharing, partnerships, and a multipartite communication platform, which match the goal's actions, but its subject is flood and water management rather than biodiversity information systems or education.""}",1791560120.8392608
P00034,PBSAP-21,W4401176757,3.0,"{""grade"": 3, ""reason"": ""This Philippine-focused paper directly addresses indigenous knowledge systems and practices, synthesizes research to make them more accessible, and recommends integrating them into education and policy, which matches the goal's traditional knowledge, education, and research focus.""}",1791560123.134266
P00035,PBSAP-12,W2922249169,1.0,"{""grade"": 1, ""reason"": ""A Philippine study of pedestrian lighting and noise in Manila that mentions green urbanism only in passing, so it shares urban-planning vocabulary but would not really help someone working on green and blue space access.""}",1791560125.309312
P00036,PBSAP-08,W4389192956,2.0,"{""grade"": 2, ""reason"": ""The paper addresses climate change adaptation and disaster risk reduction in Asia, including the Philippines as one of four cases, and mentions green infrastructure as a key solution, but its focus is mainly on structural measures, finance, and governance rather than nature-based solutions or ecosystem-based approaches specifically.""}",1791560127.096149
P00037,PBSAP-20,S2_990a41e1730e061b73c74bc9403d47118f99ac85,2.0,"{""grade"": 2, ""reason"": ""This Philippine study of community-based forest management organizations recommends capacity building and strengthened monitoring, so it partly and indirectly supports the goal, but it does not assess capacity-building mechanisms or technology transfer.""}",1791560128.926164
P00038,PBSAP-13,W4406748347,3.0,"{""grade"": 3, ""reason"": ""This Philippine study explicitly addresses an Access and Benefit Sharing scheme for bioresources, using participatory work with indigenous and local communities and recommending policies for equitable management, which directly supports the goal.""}",1791560130.428594
P00039,PBSAP-13,W4400131744,0.0,"{""grade"": 0, ""reason"": ""The paper addresses human rights in international illegal wildlife trade enforcement, which does not concern access to genetic resources, benefit sharing, digital sequence information, or traditional knowledge under ABS, and it is not Philippine-specific.""}",1791560133.189504
P00040,PBSAP-11,S2_72af8f91f72219fb6ee1a04da907fab2b4993018,1.0,"{""grade"": 1, ""reason"": ""The paper covers COVID-19 effects on regional air pollution, waste, and climate policy in Southeast Asia, including the Philippines, but it does not address ecosystem resilience, biodiversity, hazards, or ecosystem-based regulation of air or extreme events, so it would not really help meet this goal.""}",1791560136.297882
P00041,PBSAP-08,S2_63859ccddaac7e2b835e6ec440b0dfbac2a00829,3.0,"{""grade"": 3, ""reason"": ""A Philippine study directly addressing mangrove conservation as a nature-based approach to climate resiliency and community adaptation, closely matching the goal's NBS, mangrove restoration, and indigenous/local knowledge elements.""}",1791560137.352174
P00042,PBSAP-15,W4289263581,2.0,"{""grade"": 2, ""reason"": ""A Philippine review of production landscapes (rice, coconut, cacao, coffee) that discusses sustainable production and governance, which partly relates to the agribusiness part of the goal, but it does not address corporate ESG reporting, SEC regulation, or supply chains.""}",1791560140.188077
P00043,PBSAP-02,W4399385125,3.0,"{""grade"": 3, ""reason"": ""A Philippine case study directly about mangrove restoration and rehabilitation projects and what makes them succeed, which would help meet and monitor the ecosystem restoration goal.""}",1791560141.3476
P00044,PBSAP-06,W3014575520,1.0,"{""grade"": 1, ""reason"": ""The paper is about reviving native aquatic species through seed production and restocking; invasive alien species appear only as one passing threat, so it would not really help someone working to reduce IAS spread.""}",1791560143.2970629
P00045,PBSAP-02,W7124709407,3.0,"{""grade"": 3, ""reason"": ""This Philippine study uses satellite monitoring to track mangrove cover change and recovery after restoration, which can help identify degraded coastal areas and monitor restoration outcomes.""}",1791560145.459162
P00046,PBSAP-04,W4405260881,2.0,"{""grade"": 2, ""reason"": ""The paper addresses governance and management of bioresources, including species-level management strategies and community participation, which partly overlaps the goal, but it does not focus on threatened species, genetic resources, or monitoring, and the abstract does not explicitly name a Philippine setting.""}",1791560147.706249
P00047,PBSAP-10,W2562713321,3.0,"{""grade"": 3, ""reason"": ""A Philippine study on conservation agriculture with trees and agroforestry in upland farms, covering soil, water and landslide benefits, directly describes the sustainable, biodiversity-friendly upland farming practices the goal aims to promote and monitor.""}",1791560149.977396
P00048,PBSAP-09,W7167346898,3.0,"{""grade"": 3, ""reason"": ""This Philippine study directly addresses sustainable fishery use, enforcement of the Fisheries Code, community participation, and livelihood benefits, all of which bear on the goal's fisheries harvest-control and sustainable-use aims, though it does not analyze harvest limits or by-catch.""}",1791560153.923957
P00049,PBSAP-03,W4393091680,2.0,"{""grade"": 2, ""reason"": ""This Philippine study covers biodiversity status, threats, and management needs of three major inland wetlands, which relates to conserving inland water areas, but it does not address protected area designation, OECMs, or the 30x30 targets directly.""}",1791560156.020468
P00050,PBSAP-06,W4380536720,2.0,"{""grade"": 2, ""reason"": ""The review directly addresses freshwater invasive species detection and management, which supports monitoring and early response, but it covers Southeast Asia broadly rather than clearly applying to the Philippines.""}",1791560158.442349
P00051,PBSAP-18,W4412040795,1.0,"{""grade"": 1, ""reason"": ""The paper reviews the National Greening Program's policy, governance, and reforestation outcomes in the Philippines, but it does not address subsidies, incentives, or their reform or repurposing, so it would only marginally help someone working on this goal.""}",1791560160.230098
P00052,PBSAP-08,W4284688108,2.0,"{""grade"": 2, ""reason"": ""It assesses projected climate change impacts on fisheries and agriculture in coastal communities, including a Philippine site, which partly supports the goal's vulnerability and risk assessment actions, but it does not address nature-based or ecosystem-based solutions or disaster risk reduction through ecosystems.""}",1791560162.442074
P00053,PBSAP-10,S2_73f716bcd75ca1277643bfbc32c4c5b073ba7e31,2.0,"{""grade"": 2, ""reason"": ""The paper is on sustainable, climate-resilient agricultural productivity in the Philippines, which overlaps the goal's sustainable-management and resilience aims, but it does not address biodiversity-friendly practices and its abstract is a generic FAO framework description.""}",1791560165.757784
P00054,PBSAP-20,W4414186735,0.0,"{""grade"": 0, ""reason"": ""The paper addresses sustainable aviation fuel economics and policy for Philippine airlines, with no focus on biodiversity; its only overlap with the goal is a passing mention of 'building capacity' in a non-biodiversity context.""}",1791560168.069249
P00055,PBSAP-11,W3175313232,3.0,"{""grade"": 3, ""reason"": ""A Philippine study that directly assesses post-typhoon damage and recovery of mangrove ecosystems and offers remote monitoring methods, which supports the goal's aim of maintaining and monitoring ecosystem resilience to extreme events.""}",1791560170.1857831
P00056,PBSAP-11,S2_30ad9a5f2c59699fda79655f922e51ea144395d2,3.0,"{""grade"": 3, ""reason"": ""This Philippine study assesses coastal ecosystem vulnerability and adaptive capacity to hazards and recommends ecosystem-based management to strengthen resilience, which directly supports the goal's focus on ecosystem resilience in vulnerable areas, though it does not address protected areas or ecosystem valuation.""}",1791560172.5187
P00057,PBSAP-12,W2981929374,3.0,"{""grade"": 3, ""reason"": ""The paper directly addresses urban green infrastructure planning, including increasing access to green space as a priority, and applies the model to Manila, a Philippine city, so it could help meet or monitor the goal.""}",1791560174.592278
P00058,PBSAP-02,W3171163790,3.0,"{""grade"": 3, ""reason"": ""A Philippine study that directly addresses mangrove restoration, assessing whether Rhizophora mucronata can tolerate copper-polluted (degraded) sites and so is a candidate species for restoration.""}",1791560176.714882
P00059,PBSAP-22,W4401485438,3.0,"{""grade"": 3, ""reason"": ""This Philippine study directly examines levels and forms of community participation in decision-making within the CBFM program, closely matching the goal's focus on meaningful participation of local communities and IPLCs in biodiversity management and identifying gaps to address.""}",1791560177.941901
P00060,PBSAP-12,W7128514123,2.0,"{""grade"": 2, ""reason"": ""It is a Philippine study of an urban green space (Timaco Hill) and its bird biodiversity, and it suggests protection and eco-tourism, but it does not address public access or the creation or expansion of green and blue spaces.""}",1791560180.8551118
P00061,PBSAP-08,S2_9b108644d1ea3f019ed8b5aee0a17c5f7e9664f8,2.0,"{""grade"": 2, ""reason"": ""The paper is a broad, mixed collection on climate change adaptation and mitigation policy, with only one chapter on Philippine fishing communities and no explicit mention of nature-based or ecosystem-based solutions, so it is related to the goal only indirectly.""}",1791560184.152033
P00062,PBSAP-04,W4408882630,3.0,"{""grade"": 3, ""reason"": ""This Philippine study assesses genetic diversity of a native crop (abaca) germplasm and explicitly aims to improve in situ and ex situ conservation of those genetic resources, which directly matches the goal's focus on native crops and their genetic resources.""}",1791560186.372064
P00063,PBSAP-14,W3148798085,1.0,"{""grade"": 1, ""reason"": ""It is about mainstreaming gender equity into REDD+ climate policies in 17 unspecified countries, so it shares the 'mainstreaming' policy-integration theme but does not address biodiversity or the Philippines.""}",1791560188.383105
P00064,PBSAP-20,W2884937716,1.0,"{""grade"": 1, ""reason"": ""The paper is about science-policy engagement for climate-smart agriculture in a global CGIAR context, not Philippine biodiversity; it mentions capacity building only in passing as one element of outreach, so it would not really help someone working on this goal.""}",1791560190.3268402
P00065,PBSAP-03,W4412183575,3.0,"{""grade"": 3, ""reason"": ""A Philippine study prioritizing terrestrial Key Biodiversity Areas with explicit links to PA/OECM coverage and the 30x30 target directly supports identifying and designating areas to conserve land and sea.""}",1791560191.6168551
P00066,PBSAP-04,W3204525239,2.0,"{""grade"": 2, ""reason"": ""A global analysis of Red List species and their use, including sustainable versus unsustainable harvest of threatened species, is closely related to the goal's threatened-species assessment and management, but it is not Philippine-specific.""}",1791560193.304415
P00067,PBSAP-03,W3203944886,3.0,"{""grade"": 3, ""reason"": ""A Philippine study providing baseline biophysical monitoring data for two MPAs in Liloan, Cebu, which directly supports the effective management and monitoring of marine protected areas toward the 16% marine conservation target.""}",1791560195.020948
P00068,PBSAP-20,W4407191573,1.0,"{""grade"": 1, ""reason"": ""The paper is a Philippine case study of turned-over log governance in DENR-CAR, and capacity building appears only as a passing recommendation, so it would not really help someone working on capacity-building mechanisms or technology transfer.""}",1791560197.194699
P00069,PBSAP-20,W7165360961,2.0,"{""grade"": 2, ""reason"": ""The paper is a non-Philippine study of community-based forest management that identifies inadequate capacity and calls for partnerships with NGOs and government, which relate indirectly to the capacity-building goal without focusing on capacity-building mechanisms or technology transfer.""}",1791560200.0873358
P00070,PBSAP-01,W7216180733,3.0,"{""grade"": 3, ""reason"": ""This Philippine study directly evaluates protected area management effectiveness using METT in a Philippine protected landscape, including planning, budget allocation, and indigenous stakeholder involvement, which directly supports the PBSAP goal's actions on PA management plans and METT assessments.""}",1791560201.1910698
P00071,PBSAP-18,S2_53ff6bdd80a4c6f886e3747aef1a322d729f3e1a,2.0,"{""grade"": 2, ""reason"": ""This Philippine study evaluates the economic effects of a government reforestation incentive program and recommends revising incentives, which indirectly informs repurposing incentives, though it does not address harmful subsidies directly.""}",1791560204.263278
P00072,PBSAP-01,W2542377898,3.0,"{""grade"": 3, ""reason"": ""A Philippine study that develops spatially explicit landscape management targets for biodiversity (Philippine Eagle case in Mindanao and the Sierra Madre), which directly supports biodiversity-inclusive land use planning and management.""}",1791560206.85322
P00073,PBSAP-05,W4382752600,3.0,"{""grade"": 3, ""reason"": ""The paper is a Philippine study directly providing a forensic tool to determine provenance (wild vs captive, geographic origin) of traded wildlife, which supports the goal's enforcement and monitoring of wildlife trade under the Wildlife Act.""}",1791560207.863834
P00074,PBSAP-04,W3016904115,2.0,"{""grade"": 2, ""reason"": ""The paper addresses policy for preventing extinctions and recovering threatened species populations, which overlaps with the goal's threatened-species management aims, but it is a global framework critique rather than a Philippine study and does not address genetic resources, seed banks, or wildlife rescue.""}",1791560209.891813
P00075,PBSAP-04,W4417227324,3.0,"{""grade"": 3, ""reason"": ""The paper directly identifies priority wetland sites for migratory waterbirds and threatened species across the East Asian-Australasian Flyway, which includes the Philippines, supporting the goal's actions on migratory species, wetland protection, and site-based conservation.""}",1791560212.553902
P00076,PBSAP-22,W4385536703,3.0,"{""grade"": 3, ""reason"": ""This Philippine study directly examines how local people's organizations participate in decision-making for forest restoration under the National Greening Program, addressing the goal's core concern with meaningful participation and tenure rights of local communities in biodiversity management.""}",1791560213.578143
P00077,PBSAP-07,W4407507071,3.0,"{""grade"": 3, ""reason"": ""A Philippine study assessing pollution in a river (heavy metals, coliform contamination, domestic solid waste) that calls for continuous water-quality monitoring, which directly bears on the goal's pollution-reduction and water-quality monitoring actions, though it does not address nutrient run-off or pesticides specifically.""}",1791560216.344452
P00078,PBSAP-07,W2352073799,2.0,"{""grade"": 2, ""reason"": ""The paper directly addresses farmers' pesticide overuse and its ecosystem and cost impacts, and the need for farmer training, which bears on the goal, but it is a study from Hainan, China rather than the Philippines.""}",1791560218.25893
P00079,PBSAP-09,W3009126446,3.0,"{""grade"": 3, ""reason"": ""A Philippine study directly on wild harvest, bycatch, and trade of a CITES-listed species under the Fisheries Code, providing catch estimates and management inputs for sustainable use and monitoring.""}",1791560220.2340312
P00080,PBSAP-21,W4406621510,3.0,"{""grade"": 3, ""reason"": ""It is a Philippine study that builds a biodiversity information system (a bamboo species database with geotagging and decision support) to fix fragmented data and support decision-makers and stakeholders, which directly relates to the goal's information-platform and accessibility aims.""}",1791560223.0731268
P00081,PBSAP-20,W7128442380,2.0,"{""grade"": 2, ""reason"": ""This Philippine study addresses women's participation in biodiversity conservation and explicitly identifies lack of specialized training and recommends capacity-building programs, but its main focus is gender and participation rather than capacity-building mechanisms themselves.""}",1791560225.664292
P00082,PBSAP-07,W4389547166,2.0,"{""grade"": 2, ""reason"": ""The paper is likely a Philippine study on how phosphate and zinc pollution from aquaculture affects mangrove fungal endophytes, which touches on nutrient pollution impacts on non-target organisms. It does not address pollution reduction or the agricultural, household, or industrial measures the goal targets, so it is only indirectly useful.""}",1791560227.786748
P00083,PBSAP-06,W4411240772,2.0,"{""grade"": 2, ""reason"": ""The paper directly addresses managing invasive alien species to reduce threats, but it covers the EU rather than the Philippines, so it is relevant only indirectly to the Philippine goal.""}",1791560229.756879
P00084,PBSAP-04,W2120351078,1.0,"{""grade"": 1, ""reason"": ""This is a global perspective on protected-area area targets and effectiveness metrics under CBD Target 11, with no focus on threatened species, genetic resources, seed banks, wildlife rescue, or native livestock, and no Philippine context.""}",1791560232.829399
P00085,PBSAP-06,W7164405707,0.0,"{""grade"": 0, ""reason"": ""The paper addresses devolved forest management and local governance in Mauban, Quezon, with no mention of invasive alien species, their spread, or their control, so it does not help with the IAS goal.""}",1791560234.0585852
P00086,PBSAP-21,W2050101688,2.0,"{""grade"": 2, ""reason"": ""The letter addresses the science-policy interface and argues that local and indigenous knowledge should be recognized in biodiversity assessments, which partly relates to the goal's traditional knowledge and information-access themes, but it is a global IPBES commentary and not a Philippine study or an information-platform study.""}",1791560236.619836
P00087,PBSAP-04,W2909723494,2.0,"{""grade"": 2, ""reason"": ""The paper directly addresses in situ conservation networks for crop wild relatives and their genetic diversity, which matches the goal's wild relatives and genetic resources theme, but it covers Mediterranean and West Asian taxa rather than the Philippines.""}",1791560238.612553
P00088,PBSAP-22,W7128442380,3.0,"{""grade"": 3, ""reason"": ""A Philippine study directly examining women's participation, barriers to decision-making, and capacity-building in biodiversity conservation at a local KBA, closely matching the goal's emphasis on gender-inclusive participation of IPLCs.""}",1791560239.7927911
P00089,PBSAP-20,W4389287604,2.0,"{""grade"": 2, ""reason"": ""The paper is a non-Philippine study of village institutions in nature conservation that touches on local-community capacity, citing limited human resources and recommending institutional capacity building, but it does not design or evaluate capacity-building mechanisms or technology transfer.""}",1791560242.207789
P00090,PBSAP-09,W2313622369,3.0,"{""grade"": 3, ""reason"": ""A Philippine study on national capture fisheries catch trends, overexploitation, and management and recovery options directly informs the goal's sustainable harvest of wild fisheries and monitoring of wild populations.""}",1791560244.300053
P00091,PBSAP-14,W2126404776,2.0,"{""grade"": 2, ""reason"": ""The paper examines mainstreaming a related cross-sectoral issue (climate change adaptation) into development planning in Bangladesh, which offers transferable lessons on integration frameworks, but it does not address biodiversity and is not a Philippine study.""}",1791560246.858326
P00092,PBSAP-20,W2890002464,1.0,"{""grade"": 1, ""reason"": ""The paper is about capacity building for flood management under climate change, not biodiversity; its generic capacity-assessment principles and Manila case study share the goal's wording but would offer little direct help for biodiversity capacity-building programs.""}",1791560250.751286
P00093,PBSAP-09,W3204525239,2.0,"{""grade"": 2, ""reason"": ""It directly addresses sustainable versus unsustainable use of wild species and their link to extinction risk, which bears on the goal's aim of sustainable harvest and trade, but it is a global IUCN Red List analysis with no Philippine focus.""}",1791560252.623843
P00094,PBSAP-02,S2_9cb003ac1151047201c67ff14c3543db5c23b561,3.0,"{""grade"": 3, ""reason"": ""This Philippine-focused review of forest rehabilitation approaches, outcomes, and lessons directly addresses restoring degraded forest ecosystems and would help plan and monitor restoration under the goal.""}",1791560253.821891
P00095,PBSAP-21,W4412040795,1.0,"{""grade"": 1, ""reason"": ""The paper is a Philippine review of National Greening Program literature, but its focus is reforestation policy and outcomes rather than biodiversity information systems, knowledge platforms, data accessibility, or education and awareness, so it shares only loose thematic overlap with this goal.""}",1791560256.7808151
P00096,PBSAP-18,W7214047140,2.0,"{""grade"": 2, ""reason"": ""The paper is a Philippine study of protected-area financing and fund administration, which indirectly touches on conservation funding mechanisms like ER 1-94 proceeds, but it does not address harmful subsidies, incentive reform, or biodiversity-relevant taxes.""}",1791560261.096592
P00097,PBSAP-18,S2_a9d52747c36c7447c04900b4c7a3900ae1956e3f,2.0,"{""grade"": 2, ""reason"": ""The paper studies payment for environmental services schemes, including a Philippine case, which relates to designing biodiversity-supporting incentives, but it does not address reducing or repurposing harmful subsidies, taxes, or ERF proceeds directly.""}",1791560263.341418
P00098,PBSAP-19,S2_990a41e1730e061b73c74bc9403d47118f99ac85,2.0,"{""grade"": 2, ""reason"": ""It is a Philippine study of community-based forest management that touches on unstable funding and resource mobilization as barriers to sustainability, but it does not address biodiversity financing directly (ODA, public budgets, private funding, natural capital accounts, or PES).""}",1791560265.289441
P00099,PBSAP-19,W2277658191,3.0,"{""grade"": 3, ""reason"": ""This Philippine study directly addresses financing for biodiversity protected area management by valuing ecosystem services and assessing Payment for Ecosystem Services schemes, which matches the PES modality and biodiversity financing actions in the goal.""}",1791560266.5207
P00100,PBSAP-14,W2342732913,1.0,"{""grade"": 1, ""reason"": ""This Philippine study assesses protected area coverage and management under Aichi Target 11, which is a conservation measure rather than the integration of biodiversity into sectoral policies, programs, and planning that the goal describes.""}",1791560269.180437
P00101,PBSAP-07,W2402690890,1.0,"{""grade"": 1, ""reason"": ""The paper addresses agricultural greenhouse gas emissions and climate mitigation targets, not nutrient run-off or pesticide impacts on non-target organisms, and it is a global study with no Philippine focus, so it only shares the broad agriculture theme.""}",1791560271.059422
P00102,PBSAP-13,W4400344315,0.0,"{""grade"": 0, ""reason"": ""The paper addresses flood risk management and integrated water resources management in the Cagayan River Basin, with no connection to access and benefit sharing, genetic resources, digital sequence information, or traditional knowledge.""}",1791560272.246232
P00103,PBSAP-14,W7220257467,2.0,"{""grade"": 2, ""reason"": ""A Philippine study of local policy coherence and inter-agency coordination for environmental sustainability, which indirectly supports mainstreaming, though it never mentions biodiversity specifically.""}",1791560274.253243
P00104,PBSAP-13,W4321515620,2.0,"{""grade"": 2, ""reason"": ""The paper covers CBD and ITPGRFA obligations on plant genetic resources and includes Philippine (PhilRice) compliance and capacity-building, which partly relates to ABS, but it focuses on IPR and agbiotech R&D rather than benefit-sharing itself.""}",1791560277.067029
P00105,PBSAP-08,W4205704710,3.0,"{""grade"": 3, ""reason"": ""A Philippine study (Palawan) directly addressing climate change impacts on ecosystems and biodiversity, including mangrove destruction, community adaptation via mangrove planting, and indigenous knowledge, which closely matches the goal's focus on climate impacts, NBS, and indigenous knowledge systems.""}",1791560278.131443
P00106,PBSAP-15,W4403258450,1.0,"{""grade"": 1, ""reason"": ""The paper is a global projection of plastic use and recycling with no focus on biodiversity, corporate ESG disclosure, SEC regulation, or agribusiness policy, and it is not Philippine-specific; it only shares a general sustainable-production theme.""}",1791560281.3684092
P00107,PBSAP-21,W1593209885,2.0,"{""grade"": 2, ""reason"": ""It is a Philippine study that documents Indigenous Ati Negrito traditional knowledge of medicinal plants and raises awareness of its change, which partly touches the goal's indigenous knowledge component, but it does not address biodiversity information systems or accessibility.""}",1791560283.757649
P00108,PBSAP-08,W4415656728,3.0,"{""grade"": 3, ""reason"": ""This Philippine-focused review directly addresses agroforestry as a nature-based solution for climate adaptation and mitigation, and explicitly calls for integrating indigenous knowledge, which closely matches the goal's NBS and indigenous-knowledge emphasis.""}",1791560286.212594
P00109,PBSAP-06,S2_45eca6a156f6ef0cf8581c21b1191b05be39518b,3.0,"{""grade"": 3, ""reason"": ""This Philippine study directly examines alien plant invasion in a riparian system, provides baseline data on alien species richness and drivers, and offers information useful for managing and monitoring invasive alien species, which is the focus of the goal.""}",1791560287.514714
P00110,PBSAP-09,W2786268704,3.0,"{""grade"": 3, ""reason"": ""This Philippine study evaluates a closed fishing season, a harvest control measure for capture fisheries, and its effects on sardine catch and livelihoods, informing whether such regulations should be institutionalized for sustainable use.""}",1791560290.993129
P00111,PBSAP-12,W2673587905,2.0,"{""grade"": 2, ""reason"": ""The paper directly addresses urban green space networks and corridor planning in Metro Manila, one of three cities studied, which could inform green infrastructure planning. However, it focuses on bird connectivity rather than public access to green and blue spaces, so it is only partly relevant to the goal.""}",1791560294.3764548
P00112,PBSAP-23,W3148798085,2.0,"{""grade"": 2, ""reason"": ""The paper directly addresses gender mainstreaming and inclusive decision-making in REDD+ forest-carbon policy, which is close to the goal's gender-responsive participation theme, but it is not specifically about biodiversity and does not state that it covers the Philippines.""}",1791560296.4996
P00113,PBSAP-14,S2_4cc97dd36db744d6958765cd23ba4f0c8215ab42,3.0,"{""grade"": 3, ""reason"": ""A Philippine systematic review of biodiversity assessment methods in mining areas, written to support national biodiversity compliance guidance for mining companies, directly serves the goal's extractive-industry and EIA integration actions.""}",1791560298.6758962
P00114,PBSAP-12,W4400318614,2.0,"{""grade"": 2, ""reason"": ""It is a Philippine city case study on urban development and ecosystem strain that recommends integrating green infrastructure and community engagement, which relates to the goal, but it does not directly measure or expand public access to green and blue spaces.""}",1791560300.414825
P00115,PBSAP-13,W2167371444,1.0,"{""grade"": 1, ""reason"": ""The paper addresses benefit-sharing and community rights in forest management, but not access to genetic resources, DSI, or traditional knowledge, and it does not clearly concern the Philippines, so it would only marginally help someone working on this ABS goal.""}",1791560302.974823
P00116,PBSAP-22,W2069105096,3.0,"{""grade"": 3, ""reason"": ""This Philippine study directly addresses community-based resource management and whether local participation in biodiversity/environmental decisions is real, closely matching the goal's focus on meaningful participation of local communities and partnerships with NGOs.""}",1791560304.305757
P00117,PBSAP-18,W2277658191,2.0,"{""grade"": 2, ""reason"": ""A Philippine study on valuing Mount Apo Natural Park and designing payment-for-environmental-services schemes to finance conservation is related to redirecting incentives and funding biodiversity, but it does not address harmful subsidies, ERF proceeds, or biodiversity-relevant taxes.""}",1791560306.664772
P00118,PBSAP-01,W3217007692,3.0,"{""grade"": 3, ""reason"": ""The paper develops a geospatial land use policy area model integrating ecosystem, watershed, and land use overlays for a Philippine study site, directly supporting biodiversity-inclusive spatial planning and zoning as the goal requires.""}",1791560307.984073
P00119,PBSAP-20,W1603507857,2.0,"{""grade"": 2, ""reason"": ""This Philippine review of early REDD+ projects names capacity building and biodiversity conservation among its lessons, so it touches the goal indirectly, but it is mainly about climate mitigation rather than biodiversity capacity-building mechanisms.""}",1791560309.687867
P00120,PBSAP-14,W4395008763,2.0,"{""grade"": 2, ""reason"": ""A Philippine study on implementing nature-based solutions in a local municipality that touches on governance structures, mainstreaming, and biodiversity net gain, but its focus is NbS implementation rather than integrating biodiversity into policies and sectoral plans.""}",1791560312.87282
P00121,PBSAP-06,W1853248936,3.0,"{""grade"": 3, ""reason"": ""The paper is directly about invasive alien plant species in the Philippines, developing a criteria and rating system to determine invasiveness, which could help manage and monitor the IAS spread goal.""}",1791560314.05394
P00122,PBSAP-20,S2_7542d52d104cb50b76a2b81abe4cb196e4ef3bd3,1.0,"{""grade"": 1, ""reason"": ""The paper covers participatory development in general, mentioning capacity development only as one strategy among many, with no focus on biodiversity, conservation, or PBSAP capacity-building mechanisms, though it cites a Philippine example.""}",1791560316.1009789
P00123,PBSAP-07,W3161478110,2.0,"{""grade"": 2, ""reason"": ""The review directly addresses reducing synthetic pesticide use and its biodiversity and environmental impacts through IPM and agroecological crop protection, which bears on the goal, but it is not a Philippine study and does not address nutrient run-off or the policy actions the goal lists.""}",1791560318.180303
P00124,PBSAP-16,W4213190475,2.0,"{""grade"": 2, ""reason"": ""The paper is a global (non-Philippine) study of food system trajectories that mentions unsustainable consumption footprints and identifies leverage points for sustainability transformation, so it is only indirectly related to the goal's policy instruments for sustainable consumption and production.""}",1791560320.280458
P00125,PBSAP-14,W3016904115,1.0,"{""grade"": 1, ""reason"": ""The paper concerns a species-recovery goal in the global Post-2020 CBD framework and does not address integrating biodiversity into sectoral policies, plans, or processes, nor is it Philippine-focused, so it would barely help with mainstreaming.""}",1791560322.0972722
P00126,PBSAP-17,W2218576507,2.0,"{""grade"": 2, ""reason"": ""It is a Philippine study of rice biotechnology policy and the science-policy interface, so it bears on how biotech regulation is developed, but it does not directly address biosafety measures, risk assessment, or implementation of biosafety laws.""}",1791560324.274205
P00127,PBSAP-10,W7203736561,3.0,"{""grade"": 3, ""reason"": ""A Philippine study of multi-storey agroforestry adoption under CBFM in an upland area directly addresses biodiversity-friendly forestry and agricultural practices and the barriers to sustaining them, which could inform this goal.""}",1791560326.632083
P00128,PBSAP-18,S2_3cff0c31944d73e9c187c5dfa5398be262a2a695,1.0,"{""grade"": 1, ""reason"": ""The paper is a Philippine study of biodiversity governance in the National Greening Program, but it does not address subsidies, incentives, or their phase-out, so it would not really help someone working on this goal.""}",1791560328.474179
P00129,PBSAP-09,W2808891583,2.0,"{""grade"": 2, ""reason"": ""The paper directly addresses legal trade of wild-harvested, CITES-listed sharks and rays and fisheries governance for sustainable use, but its abstract covers eight Southeast Asian countries without naming the Philippines.""}",1791560332.014886
P00130,PBSAP-17,W4041787,3.0,"{""grade"": 3, ""reason"": ""This Philippine-focused paper directly evaluates the adequacy of national biosafety regulations for GM crops and their environmental protection, closely matching the goal of biosafety laws and regulations being in place and implemented.""}",1791560333.287324
P00131,PBSAP-22,S2_990a41e1730e061b73c74bc9403d47118f99ac85,3.0,"{""grade"": 3, ""reason"": ""A Philippine study of people's organizations running Community-based Forest Management that examines empowerment, capacity building, partnerships, and monitoring, which directly bears on community-based resource management and local participation in biodiversity management, though it does not focus specifically on IPLCs or decision-making rights.""}",1791560335.745769
P00132,PBSAP-10,W4402110947,2.0,"{""grade"": 2, ""reason"": ""The paper is on topic: it reviews indigenous pest management that preserves beneficial insects and biodiversity and integrates with IPM, which matches the goal's biodiversity-friendly agricultural practices. It is a general review that cites the Philippines only as one example among several regions, so it is not clearly Philippine-focused.""}",1791560338.1627562
P00133,PBSAP-18,W4391256934,2.0,"{""grade"": 2, ""reason"": ""It is a Philippine study of how subsidies and aid affect agricultural landscape management, which partly informs incentive design, but it does not examine subsidies that are harmful to biodiversity or their reform, repurposing, or phase-out.""}",1791560340.457394
P00134,PBSAP-22,W7215025714,2.0,"{""grade"": 2, ""reason"": ""The paper is a conceptual ethics essay on Indigenous Peoples' empowerment and engagement in the SDGs with a Philippine context (85% of KBAs in ancestral domains), so it is on topic, but it does not directly address participation mechanisms, decision-making, or access to justice and information for IPLCs.""}",1791560342.689656
P00135,PBSAP-18,W4308625497,1.0,"{""grade"": 1, ""reason"": ""The paper addresses global direct drivers of biodiversity loss, which is only tangentially related to the goal of reducing harmful subsidies and incentives; it is not Philippine-focused and does not discuss subsidies, incentives, taxes, or fund use.""}",1791560343.862995
P00136,PBSAP-06,W4386934009,3.0,"{""grade"": 3, ""reason"": ""A Philippine study documenting the distribution of an invasive alien plant (Swietenia macrophylla) near a protected area and assessing management responses directly supports the IAS goal of limiting spread in priority sites.""}",1791560344.959491
P00137,PBSAP-19,W2138277462,2.0,"{""grade"": 2, ""reason"": ""The paper analyzes funding strategies for scaling up sustainable land management in China, including payment for ecosystem services and public-private partnerships, which partly bears on biodiversity financing, but it is not Philippine and is focused on land degradation rather than biodiversity finance.""}",1791560346.7022731
P00138,PBSAP-21,W4393353983,3.0,"{""grade"": 3, ""reason"": ""This Philippine study directly addresses preservation of indigenous knowledge systems and practices, their role in sustainable development, and academe-government-community collaboration, which matches the goal's traditional knowledge and partnership actions.""}",1791560348.782735
P00139,PBSAP-16,S2_9336575cd80f17c9df61d06d7d617f8f0d12ee65,1.0,"{""grade"": 1, ""reason"": ""The paper covers home food self-production with hydroponic modules and shares the 'sustainable living' and food themes, but it does not address policy instruments, waste reduction, circular economy, or consumption choices, so it would not really help someone working on this goal.""}",1791560351.0019908
P00140,PBSAP-17,W3200111825,3.0,"{""grade"": 3, ""reason"": ""This Philippine case study directly examines biosafety issues, regulation of genetically modified traits, and gaps in how new breeding technologies are governed, which could inform the biosafety regulation goal.""}",1791560353.9716322
P00141,PBSAP-05,W2808891583,2.0,"{""grade"": 2, ""reason"": ""The paper directly addresses legal trade of wild-harvested sharks and rays and fisheries management under CITES, which matches the goal's themes, but it covers eight Southeast Asian countries without explicitly naming the Philippines.""}",1791560357.349962
P00142,PBSAP-10,W3156975388,3.0,"{""grade"": 3, ""reason"": ""A Philippine study (Molawin-Dampalit watershed, Mt. Makiling) that directly assesses agroforestry as a biodiversity-friendly upland practice in watershed areas, with findings that could inform promotion of such practices under this goal.""}",1791560359.105063
P00143,PBSAP-19,W4392378610,2.0,"{""grade"": 2, ""reason"": ""The paper addresses conservation funding, cost-effectiveness, and return on investment, and urges governments to invest more, which partly relates to biodiversity financing. It is not Philippine-specific and focuses on field stations rather than financing mechanisms like ODA, budgets, or PES.""}",1791560360.936964
P00144,PBSAP-05,W3204525239,2.0,"{""grade"": 2, ""reason"": ""The paper directly addresses sustainable versus unsustainable use and trade of wild species, which matches the goal's theme, but its analysis is global across IUCN Red List taxa and does not focus on the Philippines or on Philippine harvest rules, enforcement, or NTFP management.""}",1791560362.795542
P00145,PBSAP-23,W7203762891,3.0,"{""grade"": 3, ""reason"": ""A Philippine study directly assessing gender responsiveness, participation of men and women, and gender-disaggregated data in protected area management, which directly addresses the Gender Equality goal and could help monitor it.""}",1791560364.009655
P00146,PBSAP-19,W4410834963,2.0,"{""grade"": 2, ""reason"": ""The paper is a Philippine study that identifies short-term and insufficient funding as a critical obstacle to assisted natural regeneration and calls for long-term financing mechanisms, which partly relates to biodiversity financing, though its focus is restoration implementation rather than financing sources or mechanisms.""}",1791560366.567092
P00147,PBSAP-03,W4386331097,2.0,"{""grade"": 2, ""reason"": ""The paper reviews mangrove conservation policies across Southeast Asia, including 28 Philippine laws, which indirectly informs coastal conservation governance, but it does not address protected areas, OECMs, or the 30x30 target directly.""}",1791560368.614345
P00148,PBSAP-09,W4400131744,2.0,"{""grade"": 2, ""reason"": ""The paper addresses international illegal wildlife trade policy and legal frameworks, which partly overlaps the goal's enforcement and anti-illegal-trade actions, but it is not Philippine-specific and does not address sustainable harvest limits or benefit-sharing.""}",1791560370.766722
P00149,PBSAP-10,W4412040795,2.0,"{""grade"": 2, ""reason"": ""A Philippine review of the National Greening Program that covers forest governance, community participation, and biodiversity-sensitive planting, so it bears on the forestry part of the goal, but it focuses on reforestation rather than sustainable production-forest management and says nothing about agriculture or aquaculture.""}",1791560374.4512372
P00150,PBSAP-06,W2948065736,3.0,"{""grade"": 3, ""reason"": ""A Philippine study that maps invasive alien plant species in Quezon Protected Landscape and models their suitable habitat, which directly supports detecting, monitoring, and prioritizing sites to limit IAS spread.""}",1791560375.9531982
P00151,PBSAP-08,W2585505791,3.0,"{""grade"": 3, ""reason"": ""A Philippine study directly addressing indigenous peoples' climate change awareness, adaptation, and community-based forest management in Caraballo Mountain, which bears on the goal's call to integrate indigenous knowledge and ecosystem-based climate responses.""}",1791560376.9248111
P00152,PBSAP-23,W4411958778,2.0,"{""grade"": 2, ""reason"": ""This Philippine study addresses community participation in biodiversity conservation and governance, and notes that sex predicts participation, but gender equality and inclusive representation are only a partial, secondary focus rather than the paper's main aim.""}",1791560379.2350888
P00153,PBSAP-07,W1793960580,2.0,"{""grade"": 2, ""reason"": ""This Philippine review covers nutrient enrichment and pesticide effects on marine biodiversity, which is closely tied to the goal, but it focuses on documenting impacts (with much attention to plastics and heavy metals) rather than on reducing run-off or pesticide use.""}",1791560382.9975932
P00154,PBSAP-22,W2145438031,3.0,"{""grade"": 3, ""reason"": ""This Philippine study directly examines Indigenous (Agta) participation in biodiversity protected area management decision-making, including barriers to meaningful participation, which bears directly on the IPLC participation goal.""}",1791560383.960661
P00155,PBSAP-21,W4410914975,1.0,"{""grade"": 1, ""reason"": ""The paper is a Philippine review of digital tools for crop disease and pest management; it mentions interoperability barriers and farmer education, but it does not address biodiversity information systems, their accessibility, or biodiversity knowledge platforms, so it would not really help with this goal.""}",1791560386.4631538
P00156,PBSAP-05,W4387972153,3.0,"{""grade"": 3, ""reason"": ""A Philippine study that quantifies online trade in threatened and conservation-concern wild species, providing a monitoring method that could support enforcement against illegal wildlife trade, which the goal targets.""}",1791560388.46103
P00157,PBSAP-12,W4395008763,2.0,"{""grade"": 2, ""reason"": ""This Philippine study on nature-based solutions and governance for green infrastructure partly supports the goal, but it focuses on a rural municipality rather than urban green and blue spaces accessible to the public in cities.""}",1791560390.412595
P00158,PBSAP-10,S2_8da3451eb28c19f1de34677cbac5742ee5d12a8e,3.0,"{""grade"": 3, ""reason"": ""This Philippine review directly addresses the environmental footprint of aquaculture, including biodiversity impacts such as mangrove and seagrass loss and non-native species, and calls for mitigation, which bears directly on sustainable aquaculture management under this goal.""}",1791560392.985198
P00159,PBSAP-03,W4413449508,3.0,"{""grade"": 3, ""reason"": ""The paper directly evaluates OECMs toward the 30x30 area-based conservation target and includes the Philippines as one of three case-study countries, providing evidence that could inform the goal's OECM registry and monitoring.""}",1791560394.376213
P00160,PBSAP-19,W4385248007,2.0,"{""grade"": 2, ""reason"": ""A Philippine study of the National Greening Program that touches on financial constraints and the lack of an incentive system, which indirectly informs financing and PES design, though its core focus is reforestation implementation rather than biodiversity financing.""}",1791560397.697367
P00161,PBSAP-18,W1544602039,1.0,"{""grade"": 1, ""reason"": ""The paper debates enforcement versus incentive-based conservation and farming for illegal wildlife trade, which only loosely touches on incentives, but it does not address harmful subsidies, their reform, or repurposing, and it is not Philippine-focused.""}",1791560400.008471
P00162,PBSAP-22,W2802079037,3.0,"{""grade"": 3, ""reason"": ""The paper is a Philippine study directly addressing indigenous peoples' participation in decision-making over protected areas and policy (IPRA, NIPAS, ICCA bill), which bears directly on the IPLC participation goal.""}",1791560401.382699
P00163,PBSAP-10,W4417216203,3.0,"{""grade"": 3, ""reason"": ""This Philippine study directly addresses sustainable forest land management policy (SFLMA), its biodiversity risks, and science-based safeguards and monitoring indicators, all of which bear on the goal's forestry component and its expansion of sustainable forest management.""}",1791560403.655931
P00164,PBSAP-21,W2515998503,2.0,"{""grade"": 2, ""reason"": ""The paper is about the cost and long-term financing of global biodiversity knowledge products, which partly supports the goal's call to resource information systems, but it is not Philippine-specific and does not address interoperability or accessibility directly.""}",1791560405.5811431
P00165,PBSAP-02,W33323309,3.0,"{""grade"": 3, ""reason"": ""The paper directly describes a Philippine mangrove rehabilitation project in Dasol Bay, reporting restoration implementation, stakeholder participation, and results, which directly supports the ecosystem restoration goal.""}",1791560406.809985
P00166,PBSAP-18,W4395447577,1.0,"{""grade"": 1, ""reason"": ""The paper is a global model-based review of biodiversity and ecosystem service trends with only general mention of sustainability policy, and it does not address subsidies, incentives, or their phase-out, nor is it Philippine-focused.""}",1791560409.1667168
P00167,PBSAP-01,W4287219592,2.0,"{""grade"": 2, ""reason"": ""It uses geospatial land-use mapping and ecosystem service valuation of coastal wetlands and mangroves to inform future land use plans, which partly supports spatial planning for biodiversity, but it is set in Bangladesh and does not address protected areas, OECMs, or planning processes directly.""}",1791560411.520214
P00168,PBSAP-23,W4414510181,3.0,"{""grade"": 3, ""reason"": ""A Philippine study directly examining women's barriers to leadership and decision-making in natural resource management across Sierra Madre, Palawan and Mindanao, and advocating gender-responsive NRM policies, directly addresses the gender-equality goal of equitable participation in biodiversity decision-making.""}",1791560412.85136
P00169,PBSAP-14,S2_07a828605a8b53d56c947e9ea4e772d14de2c63e,2.0,"{""grade"": 2, ""reason"": ""The paper is about Key Biodiversity Areas as a conservation planning approach for mainstreaming biodiversity in Malaysia, which only partly and indirectly addresses integrating biodiversity into sectoral policies and plans, and it is not a Philippine study.""}",1791560415.720541
P00170,PBSAP-16,W3204525239,1.0,"{""grade"": 1, ""reason"": ""The paper covers unsustainable use of wild species as a threat to biodiversity, which shares the words 'sustainable' and 'unsustainable' with the goal but does not address consumption policy, circular economy, waste, or food sustainability, and it is a global study rather than a Philippine one.""}",1791560417.664504
P00171,PBSAP-08,W2086040564,1.0,"{""grade"": 1, ""reason"": ""It offers a generic conceptual climate vulnerability and risk model with no Philippine focus and no nature-based or ecosystem-based solutions, so it only loosely touches the goal's vulnerability-assessment theme.""}",1791560420.941947
P00172,PBSAP-07,W2169278375,3.0,"{""grade"": 3, ""reason"": ""This Philippine study directly addresses reducing nutrient release from aquaculture (nutrient run-off pollution) at three Philippine sites, with mitigation measures that could help meet the goal's nutrient pollution reduction target.""}",1791560422.191825
P00173,PBSAP-07,W2510889377,2.0,"{""grade"": 2, ""reason"": ""The paper directly measures how pesticide reduction lowers ecosystem and health externalities (EIQ), which bears on the goal's pesticide-impact target, but it studies Indian cotton farms rather than the Philippines.""}",1791560424.014678
P00174,PBSAP-13,W3200111825,2.0,"{""grade"": 2, ""reason"": ""It is a Philippine study on digital sequence information, patents, and access to plant genetic resources, which are central to ABS policy, but it does not directly address benefit-sharing arrangements or mechanisms.""}",1791560427.2148852
P00175,PBSAP-18,W20757553,2.0,"{""grade"": 2, ""reason"": ""The paper is a Philippine study of REDD+ as an economic incentive for forest conservation, which relates indirectly to repurposing incentives, but it does not address reducing or eliminating harmful subsidies.""}",1791560429.647841
P00176,PBSAP-19,W7214047140,3.0,"{""grade"": 3, ""reason"": ""This Philippine study directly addresses sustainable financing and fund administration for a protected area, including revenue-generating mechanisms and alternative financing options, which directly supports the PBSAP resource mobilization goal of increasing biodiversity financing.""}",1791560430.755732
P00177,PBSAP-04,W7134227437,2.0,"{""grade"": 2, ""reason"": ""A Philippine study assessing governance and management effectiveness of a wetland wildlife sanctuary, which indirectly supports the goal's aim of improving management regimes and monitoring for wetland biodiversity, but it does not focus on threatened species, genetic diversity, or the specific actions listed.""}",1791560432.6186602
P00178,PBSAP-05,W4295278544,3.0,"{""grade"": 3, ""reason"": ""The paper is a Philippine case study on using CITES Appendix III to regulate international trade in nationally protected native wildlife, which directly supports the goal's aim of keeping wild species trade within legal limits under the Wildlife Act.""}",1791560434.3278909
P00179,PBSAP-05,W7212125727,3.0,"{""grade"": 3, ""reason"": ""This Philippine study analyzes legal (CITES) and illegal (DENR-BMB, PCSD confiscation) wildlife trade records, directly informing the goal of regulating harvest and trade of wild species and combating illegal wildlife trade under RA 9147.""}",1791560435.6889129
P00180,PBSAP-04,W4311292266,2.0,"{""grade"": 2, ""reason"": ""The paper applies the STAR metric to national Red List plants in Brazil, Norway, and South Africa to identify threat-abatement actions that reduce extinction risk. This partly supports the goal's Red List-based threatened species assessment and conservation planning, but it is not Philippine and does not address active management or genetic diversity directly.""}",1791560437.850343
P00181,PBSAP-03,W4378447969,2.0,"{""grade"": 2, ""reason"": ""It is a Philippine study that identifies conservation priorities, threats, and data gaps for terrestrial vertebrates in Mindanao, which can inform area-based conservation planning, but it does not directly address designating, managing, or monitoring protected areas or OECMs.""}",1791560439.89925
P00182,PBSAP-23,W4401007949,3.0,"{""grade"": 3, ""reason"": ""A Philippine study that uses gender analysis to examine women's and men's decision-making power, access to information and resources, and gender gaps among Indigenous Obu Manuvu communities in biodiversity conservation, directly addressing the goal's gender-responsive participation and inclusion of Indigenous Peoples.""}",1791560441.8347058
P00183,PBSAP-16,W4389520227,1.0,"{""grade"": 1, ""reason"": ""The paper is a Philippine essay on climate change impacts on forests, and it mentions sustainable practices and responsible consumption only in passing, so it would not really help someone working on SCP policy, circular economy, or food sustainability.""}",1791560443.777084
P00184,PBSAP-23,W4417325046,3.0,"{""grade"": 3, ""reason"": ""A Philippine study that directly analyzes gender differences in Indigenous Peoples' participation, perceptions, and roles in watershed conservation and management, providing evidence that could inform gender-responsive participation in biodiversity decisions.""}",1791560445.710589
P00185,PBSAP-11,W4408351182,3.0,"{""grade"": 3, ""reason"": ""This Philippine study directly assesses how a typhoon (an extreme event) changed mangrove ecosystems and the livelihoods of dependent coastal households, providing evidence on ecosystem resilience and recovery that could inform monitoring and management under this goal.""}",1791560447.2597902
P00186,PBSAP-11,S2_63859ccddaac7e2b835e6ec440b0dfbac2a00829,3.0,"{""grade"": 3, ""reason"": ""A Philippine study on how mangrove conservation builds climate resilience and reduces hazard exposure for resource-dependent coastal communities directly addresses the goal's focus on ecosystem resilience and communities most dependent on biodiversity.""}",1791560449.0182168
P00187,PBSAP-10,W4415656728,3.0,"{""grade"": 3, ""reason"": ""The paper directly addresses smallholder adoption of agroforestry, a sustainable, biodiversity-supporting farming practice, with Philippine focus and discussion of adoption barriers and biodiversity conservation, which would help implement or monitor this goal.""}",1791560451.2043672
P00188,PBSAP-12,S2_9bed369b0f9e87ca2700e6266dd33da23bd7db4c,1.0,"{""grade"": 1, ""reason"": ""The paper concerns green building techniques and construction costs for low-cost housing, not public access to urban green or blue spaces, so it shares only the word 'green' with the goal.""}",1791560453.0989408
P00189,PBSAP-01,W4386331097,2.0,"{""grade"": 2, ""reason"": ""The paper reviews mangrove conservation policies across Southeast Asia, including the Philippines and coastal spatial planning, which partly touches the goal's land and sea use planning, but it does not address spatial planning for protected areas or OECMs.""}",1791560454.941333
P00190,PBSAP-11,W2773910037,2.0,"{""grade"": 2, ""reason"": ""The paper covers management of climate extremes such as floods and droughts and resilience-building, which matches the hazards and extreme-events theme, but it focuses on agriculture and human systems rather than ecosystems or biodiversity, and it is not specific to the Philippines.""}",1791560457.090621
P00191,PBSAP-15,W4410834963,1.0,"{""grade"": 1, ""reason"": ""The paper addresses forest restoration via assisted natural regeneration in the Philippines, which is unrelated to the goal of ESG frameworks, SEC disclosure, and biodiversity reporting by businesses and sustainable supply chains, sharing only general biodiversity and policy vocabulary.""}",1791560458.456156
P00192,PBSAP-11,W4379797892,2.0,"{""grade"": 2, ""reason"": ""A Philippine study on community awareness of mangrove services, including coastal protection from typhoons and storm surges, and of management challenges, is relevant to hazard regulation and community dependence on ecosystems, but it does not assess ecosystem resilience, disaster needs, or resource valuation.""}",1791560461.378001
P00193,PBSAP-08,W2773910037,2.0,"{""grade"": 2, ""reason"": ""The paper covers climate extremes, disaster risk reduction, and adaptation strategies, which partly overlap with the goal, but it is not about nature-based or ecosystem-based approaches and has no Philippine focus.""}",1791560463.4382029
P00194,PBSAP-14,W3093727647,1.0,"{""grade"": 1, ""reason"": ""The paper addresses integrating citizen and organizational biodiversity monitoring efforts, which shares the word 'integration' with the goal but does not concern mainstreaming biodiversity into government policies, sectoral plans, or processes, and it is not specific to the Philippines.""}",1791560466.61438
P00195,PBSAP-13,W4401530171,1.0,"{""grade"": 1, ""reason"": ""The paper concerns local stakeholders' understanding of REDD+ carbon credits in Nepal; it shares the words 'benefit-sharing' and community engagement but does not address genetic resources, digital sequence information, traditional knowledge, or ABS arrangements, and it is not Philippine.""}",1791560468.76428
P00196,PBSAP-18,W4410834963,1.0,"{""grade"": 1, ""reason"": ""The paper is a Philippine study on assisted natural regeneration for forest restoration; it mentions incentives and funding only as drivers and challenges of restoration projects, not as harmful subsidies or their reform, ERF proceeds, or biodiversity-relevant taxes.""}",1791560470.8107688
P00197,PBSAP-09,W3174895525,3.0,"{""grade"": 3, ""reason"": ""This Philippine study evaluates a seasonal fishery closure's effect on catch and fishing pressure for commercially harvested species, directly informing sustainable capture-fisheries management and monitoring relevant to the goal's harvest control and sustainable use objectives.""}",1791560473.027436
P00198,PBSAP-08,W2468565069,2.0,"{""grade"": 2, ""reason"": ""The paper addresses climate change impacts and adaptation options for food production, which partly overlaps the goal of minimizing climate impacts, but it is global rather than Philippine and does not mention nature-based or ecosystem-based solutions.""}",1791560476.443115
P00199,PBSAP-12,W7128304332,1.0,"{""grade"": 1, ""reason"": ""This Philippine urban study addresses light pollution in Mandaluyong and Pasig, which shares an urban-environment context with the goal but does not address green or blue spaces, their accessibility, or urban biodiversity.""}",1791560477.857742
P00200,PBSAP-17,W2276919489,3.0,"{""grade"": 3, ""reason"": ""The paper directly addresses biosafety policies and their institutional implementation in the Philippines, which is exactly what the goal on enacting and implementing biosafety laws and regulations targets.""}",1791560479.123779
P00201,PBSAP-03,W2120351078,2.0,"{""grade"": 2, ""reason"": ""This paper directly addresses protected area targets, OECMs, and effectiveness metrics, which are central to the 30x30 goal, but it is a global CBD-focused commentary rather than a Philippine study.""}",1791560480.867367
P00202,PBSAP-14,W1480932035,1.0,"{""grade"": 1, ""reason"": ""The commentary concerns protected-area coverage of key biodiversity areas in Africa and only touches briefly on science-policy integration and corporate assessments, so it shares some themes with mainstreaming but would offer little practical help for integrating biodiversity into Philippine policies, plans, and sectors.""}",1791560484.408635
P00203,PBSAP-07,W4386962819,3.0,"{""grade"": 3, ""reason"": ""A Philippine farmer survey directly linking diversified rice farms and flower strips to reduced pesticide applications addresses the goal's aim of reducing pesticide-related impacts and offers a practical pathway (IPM, diversification) that could help meet and monitor the target.""}",1791560485.867481
P00204,PBSAP-23,W2993403696,3.0,"{""grade"": 3, ""reason"": ""This Philippine study directly addresses the roles, expectations, and challenges of indigenous women in forest conservation and their participation in community decision-making, closely matching the gender equality and inclusive participation goal.""}",1791560486.84435
P00205,PBSAP-02,S2_4e36d1af617e80b783206b38dc9d713c7862c01c,3.0,"{""grade"": 3, ""reason"": ""A systematic review directly on forest and land rehabilitation effectiveness, explicitly covering the Philippines' National Greening Program, so it directly informs monitoring and implementing ecosystem restoration in the Philippines.""}",1791560488.065463
P00206,PBSAP-22,W4410399810,2.0,"{""grade"": 2, ""reason"": ""The paper addresses gender-based participation and decision-making in community water governance, which overlaps with the goal's call for inclusive participation of women and local communities, but it concerns water rather than biodiversity management and is set in Bangladesh, not the Philippines.""}",1791560490.577433
P00207,PBSAP-12,W2990588419,2.0,"{""grade"": 2, ""reason"": ""It is a Philippine study of peri-urban ecosystem services and biodiversity near Manila that could inform urban-fringe landscape management, but it does not address public access to urban green or blue spaces or urban planning directly.""}",1791560492.687213
P00208,PBSAP-03,W1501813999,2.0,"{""grade"": 2, ""reason"": ""A Philippine study on coastal marine resources and stock assessment that recommends conserving seagrass and seaweed beds, which touches on marine conservation but does not address protected areas, OECMs, or the 16% marine conservation target directly.""}",1791560494.724906
P00209,PBSAP-16,W4400668787,2.0,"{""grade"": 2, ""reason"": ""It is a Philippine-applied program report on circular economy and waste management in Cagayan de Oro, which partly matches the LGU circular economy action, but its focus is on energy-water-food infrastructure and business plans rather than sustainable consumption choices or policy instruments.""}",1791560498.282256
P00210,PBSAP-19,S2_3cff0c31944d73e9c187c5dfa5398be262a2a695,1.0,"{""grade"": 1, ""reason"": ""It is a Philippine study of biodiversity goals within the National Greening Program, but it addresses planting targets and governance rather than financing, ODA, budgets, private funding, natural capital accounts, or PES, so it would not really help with the resource mobilization goal.""}",1791560500.3041909
P00211,PBSAP-04,W2969061020,3.0,"{""grade"": 3, ""reason"": ""This Philippine study assesses conservation status, threats, and priorities for threatened and endemic bats to guide conservation policy, which directly supports the goal's threatened-species assessment and conservation-planning actions.""}",1791560502.15662
P00212,PBSAP-02,W4412040795,3.0,"{""grade"": 3, ""reason"": ""This Philippine-focused review directly evaluates the National Greening Program, a national reforestation/restoration program of degraded land, covering monitoring, governance, and ecological matching relevant to ecosystem restoration goals.""}",1791560503.4776902
P00213,PBSAP-03,W3108704521,3.0,"{""grade"": 3, ""reason"": ""A Philippine study on landscape-level planning that addresses the gap of KBAs and biodiversity corridors being excluded from NIPAS, directly supporting the expansion of conserved land areas and OECMs.""}",1791560505.5001442
P00214,PBSAP-06,W1571560810,3.0,"{""grade"": 3, ""reason"": ""This Philippine study directly documents the status, distribution, and spread of invasive alien frog species and offers management recommendations to control their spread, which directly supports the IAS goal of reducing spread in priority sites.""}",1791560506.69138
P00215,PBSAP-05,W4402494050,3.0,"{""grade"": 3, ""reason"": ""A Philippine study that monitors illegal online trade of wild-sourced live turtles and tortoises, using CITES data, and calls for enforcement cooperation, directly informs the goal's aims to regulate wildlife trade and combat illegal trade.""}",1791560508.4948108
P00216,PBSAP-10,W3103428383,2.0,"{""grade"": 2, ""reason"": ""The paper directly addresses biodiversity-supporting agroecological rice-fish practices, which relate closely to the goal's biodiversity-friendly agriculture and aquaculture theme, but its focus is regional (Cambodia, Vietnam, and other South and Southeast Asian countries) rather than Philippine-specific.""}",1791560510.762736
P00217,PBSAP-15,S2_c72dbb9114fd5f11074b2e862e1a2c91876c13aa,2.0,"{""grade"": 2, ""reason"": ""It is a Philippine study of agricultural seed value chains and climate-resilient crops, which partly touches on supply chains and agribusiness, but it does not address ESG, biodiversity disclosure, or sustainability reporting by businesses.""}",1791560513.616333
P00218,PBSAP-10,W2573964298,3.0,"{""grade"": 3, ""reason"": ""A Philippine study of conservation agriculture with trees in upland farms, promoting soil conservation, agrobiodiversity, and sustainable land use, which directly matches the goal's biodiversity-friendly agricultural practices in upland landscapes.""}",1791560515.581828
P00219,PBSAP-17,W1526182800,2.0,"{""grade"": 2, ""reason"": ""A Philippine study on biotechnology communication that touches on risk communication for GM crops, which partly relates to biosafety governance, but it does not address biosafety laws, regulations, risk assessment, or their implementation.""}",1791560517.711566
P00220,PBSAP-13,W4410364108,1.0,"{""grade"": 1, ""reason"": ""The paper concerns carbon rights governance and REDD+ in Vietnam, and its only overlap with the goal is the generic phrase 'benefit-sharing' applied to forest carbon payments, not to genetic resources, DSI, or traditional knowledge.""}",1791560520.173675
P00221,PBSAP-18,W2584863268,2.0,"{""grade"": 2, ""reason"": ""The paper examines the design and fairness of payment-for-environmental-services incentives using a Philippine case study among others, which relates indirectly to redirecting incentives toward biodiversity, but it does not address harmful subsidies, taxes, or fund allocation directly.""}",1791560522.523791
P00222,PBSAP-17,W4311185537,2.0,"{""grade"": 2, ""reason"": ""The paper assesses national biosecurity policies, regulations, and risk-analysis protocols, including the Philippines, which partly overlaps with biosafety regulation. However, its focus is disease and pest biosecurity in seaweed aquaculture rather than biotechnology or GMO biosafety.""}",1791560525.1064022
P00223,PBSAP-23,W7128442380,3.0,"{""grade"": 3, ""reason"": ""A Philippine study directly examining women's participation, barriers to decision-making, and calls for gender-responsive conservation policies in a Key Biodiversity Area, which directly bears on the gender equality and inclusive participation goal.""}",1791560526.517143
P00224,PBSAP-15,W4400318614,1.0,"{""grade"": 1, ""reason"": ""A Philippine case study on urban development and environmental sustainability that shares general sustainability and regulation themes with the goal, but it does not address business ESG disclosure, biodiversity reporting, supply chains, or agribusiness policy.""}",1791560528.770667
P00225,PBSAP-03,W2230288673,3.0,"{""grade"": 3, ""reason"": ""A Philippine study that inventories wildlife in protected and watershed areas and explicitly recommends designating them as KBAs or biodiversity corridors, which directly supports identifying and conserving areas for the 30x30 target.""}",1791560530.818342
P00226,PBSAP-19,W4381803799,1.0,"{""grade"": 1, ""reason"": ""The paper assesses policy-institution-program responses to ecosystem change in Nepal but says nothing about financing, funding sources, or resource mobilization for biodiversity, so it shares only general policy vocabulary with the goal.""}",1791560533.582788
P00227,PBSAP-23,W4416745341,3.0,"{""grade"": 3, ""reason"": ""A Philippine study directly examining gender participation, roles, and involvement in protected area management decisions, which bears directly on the goal of gender-equitable and gender-responsive participation in biodiversity governance.""}",1791560535.18579
P00228,PBSAP-04,W3216364292,3.0,"{""grade"": 3, ""reason"": ""A Philippine study on ex-situ conservation of threatened plants, including Philippine Red List species, with citizen participation, directly supports the goal's aims for threatened species management and monitoring.""}",1791560537.168715
P00229,PBSAP-19,W4409253631,2.0,"{""grade"": 2, ""reason"": ""The paper is a Nepal study (not Philippine) on donor-funded forest restoration whose findings on lacking sustainable financing and the need to integrate restoration into government budgets bear indirectly on the goal's financing actions, but it does not address biodiversity financing mechanisms directly.""}",1791560539.829581
P00230,PBSAP-03,W2342732913,3.0,"{""grade"": 3, ""reason"": ""A Philippine study directly assessing protected area coverage of key biodiversity areas and management effectiveness, which bears squarely on the goal of conserving 24% of land and 16% of sea effectively.""}",1791560541.05825
P00231,PBSAP-19,W2112102997,3.0,"{""grade"": 3, ""reason"": ""This Philippine study reviews four real Payment for Ecosystem Services schemes and their institutional lessons, which directly informs the PBSAP action to develop and institutionalize PES modalities for biodiversity financing.""}",1791560542.798985
P00232,PBSAP-12,W4313009438,2.0,"{""grade"": 2, ""reason"": ""The paper is a Philippine study of bird diversity in urban green spaces in Davao City, which is on topic for urban green space and biodiversity, but it does not address public access to these spaces, which is the goal's focus.""}",1791560545.4202082
P00233,PBSAP-23,W4391481187,2.0,"{""grade"": 2, ""reason"": ""The review directly addresses gender roles, decision-making, and inclusion in community forestry, which matches the goal's theme, but the abstract does not indicate a Philippine focus, so it is partly relevant rather than highly relevant.""}",1791560547.715874
P00234,PBSAP-01,W7117574889,3.0,"{""grade"": 3, ""reason"": ""A Philippine study that uses geospatial land cover analysis to guide local land use planning, including a conservation cluster and mangrove and seagrass monitoring, which directly supports spatial planning for the goal.""}",1791560550.2630038
P00235,PBSAP-07,W7117981078,2.0,"{""grade"": 2, ""reason"": ""The paper is a Philippine study on river pollution and household waste behavior that could inform LGU and household-waste actions under the goal, but it addresses plastic litter rather than nutrient run-off or pesticide impacts, so it is only indirectly relevant.""}",1791560553.129993
P00236,PBSAP-15,W4414269792,2.0,"{""grade"": 2, ""reason"": ""This Philippine review of agroforestry as a sustainable production practice with biodiversity benefits partly relates to the goal's agribusiness good-practice models, but it does not address corporate ESG reporting, SEC disclosure, or supply chain governance.""}",1791560555.222871
P00237,PBSAP-09,W4214750964,2.0,"{""grade"": 2, ""reason"": ""The paper directly addresses harvest control rules and allowable catch for a capture fishery, which matches the goal's HCR component, but it is an Indonesian study (East Java), not a Philippine one, so it is only partly applicable.""}",1791560556.982475
P00238,PBSAP-20,W3174154525,2.0,"{""grade"": 2, ""reason"": ""The paper is Philippine and concerns academic institutions' biodiversity research output and its implications for higher education, which partly relates to the goal's research and education focus, but it does not describe capacity-building mechanisms, training, or technology transfer.""}",1791560560.20766
P00239,PBSAP-18,W1543590217,1.0,"{""grade"": 1, ""reason"": ""The paper models global biodiversity indicators and extinction risk under development scenarios, with no mention of subsidies, incentives, taxes, or fund allocation, and no Philippine focus; it shares only general monitoring and target language with the goal.""}",1791560562.768757
P00240,PBSAP-01,W2342732913,3.0,"{""grade"": 3, ""reason"": ""This Philippine study directly assesses protected area coverage, management effectiveness, zonation, and alignment with key biodiversity areas, which are core to the goal's spatial planning and PA/OECM management actions.""}",1791560564.407004
P00241,PBSAP-02,W7153338599,2.0,"{""grade"": 2, ""reason"": ""The paper studies socio-institutional factors (gender equity, land tenure, associations) in restoration projects, including Philippine cases, so it partly supports implementing restoration, but it does not address restoring degraded ecosystems or their biodiversity and function directly.""}",1791560566.6581109
P00242,PBSAP-23,W4388730417,1.0,"{""grade"": 1, ""reason"": ""The paper is about gendered climate risk in agri-food systems in low- and middle-income countries, not biodiversity, and it does not address women's or marginalized groups' representation, participation, or access to information in biodiversity decision-making; it only shares the general gender-inequality theme.""}",1791560569.2525609
P00243,PBSAP-20,W2591298098,1.0,"{""grade"": 1, ""reason"": ""The paper is a Philippine watershed and community forest management case study that mentions capacity building only briefly, so it is only marginally useful for the capacity-building and technology-transfer goal.""}",1791560570.550028
P00244,PBSAP-15,W4417216203,2.0,"{""grade"": 2, ""reason"": ""A Philippine study on how the SFLMA tenure policy could drive natural forest conversion to production-oriented agroforestry and plantations, and on biodiversity safeguards, which partly touches the goal's policy instruments for production systems, but it does not address corporate ESG disclosure, SEC reporting, or supply-chain practices.""}",1791560573.1099489
P00245,PBSAP-19,W4412040795,1.0,"{""grade"": 1, ""reason"": ""The paper reviews the Philippine National Greening Program's governance, monitoring, and outcomes, but it does not address biodiversity financing, budgets, ODA, private funding, natural capital accounts, or PES, so it would offer little help to someone working on this goal.""}",1791560575.465075
P00246,PBSAP-12,W4416862269,3.0,"{""grade"": 3, ""reason"": ""This Philippine study directly analyzes urban green space change in Davao City using NDVI and explicitly recommends green infrastructure planning and community involvement, which directly supports monitoring and achieving the goal of urban green spaces accessible to the public.""}",1791560576.4427168
P00247,PBSAP-15,W3093563774,3.0,"{""grade"": 3, ""reason"": ""This Philippine study directly examines biodiversity impacts of banana and pineapple production and trade, and its policy analysis and plantation mapping could inform or monitor sustainable agribusiness and supply-chain instruments, though it does not address ESG or corporate disclosure.""}",1791560579.766494
P00248,PBSAP-03,W2955304591,2.0,"{""grade"": 2, ""reason"": ""The paper directly addresses protected area expansion and the qualitative elements of Aichi Target 11 (coverage, effective and equitable management), which closely match the goal. However, it is a multi-country analysis of the like-minded megadiverse countries, of which the Philippines is only one, rather than a Philippine-focused study.""}",1791560582.878046
P00249,PBSAP-07,W4416457425,2.0,"{""grade"": 2, ""reason"": ""The review directly addresses pesticide impacts on non-target terrestrial and marine organisms and calls for biomonitoring, which matches the goal's pesticide component, but it is a general review with no Philippine focus.""}",1791560584.680115
P00250,PBSAP-17,W2279951851,2.0,"{""grade"": 2, ""reason"": ""The paper addresses public engagement in biosafety decision-making within regulatory frameworks, which is on topic for the goal, but it is not about Philippine laws or implementation and draws on general and sub-Saharan examples.""}",1791560586.627053
P00251,PBSAP-05,W4399612554,3.0,"{""grade"": 3, ""reason"": ""A Philippine study analyzing seizure records of illegal seahorse trade and law enforcement effectiveness directly addresses the goal's concerns about regulating wildlife trade, combating illegal trade, and enforcement, and could help monitor them.""}",1791560588.472214
P00252,PBSAP-19,W4312559589,1.0,"{""grade"": 1, ""reason"": ""A Philippine study on climate responsiveness of DENR programs that only mentions Payment for Environmental Services in passing as a policy to integrate, with no focus on financing, funding flows, or natural capital accounts, so it would not really help the resource mobilization goal.""}",1791560590.5201018
P00253,PBSAP-05,S2_c66fd4a176bed2043b1cfc7c2540b64637c1d5fc,3.0,"{""grade"": 3, ""reason"": ""A Philippine study that documents and monitors illegal domestic trade of a nationally protected wild turtle, providing evidence directly useful for wildlife trade regulation, enforcement, and monitoring under the goal.""}",1791560592.193762
P00254,PBSAP-08,W1938137845,3.0,"{""grade"": 3, ""reason"": ""The paper is a Philippine study presenting climate change vulnerability assessment tools for coastal areas and mangrove ecosystems, directly supporting the goal's actions on vulnerability and risk assessment in coastal ecosystems and mangrove-based adaptation.""}",1791560593.897598
P00255,PBSAP-17,W2976099232,3.0,"{""grade"": 3, ""reason"": ""A Philippine study directly examining the regulations and procedures for biosafety permits for GM maize imports, including processing delays under current biosafety rules, which bears directly on implementing biosafety laws and regulations under the goal.""}",1791560595.230421
P00256,PBSAP-06,W4380630464,3.0,"{""grade"": 3, ""reason"": ""A Philippine study assessing invasion risk of non-native fishes in Lake Taal with a decision-support tool adopted by government, directly informing prevention and management of invasive alien species, which is the goal's focus.""}",1791560596.463409
P00257,PBSAP-14,W2955304591,1.0,"{""grade"": 1, ""reason"": ""The paper analyzes protected area expansion under Aichi Target 11 across megadiverse countries, which only touches mainstreaming through a passing mention of NBSAP commitments and landscape integration, so it would not really help someone working on sectoral policy integration in the Philippines.""}",1791560598.815032
P00258,PBSAP-03,W2164623622,2.0,"{""grade"": 2, ""reason"": ""The paper directly addresses area-based conservation coverage targets and alternative measures like community- and privately managed sites (similar to OECMs), but it is a global analysis rather than a Philippine study.""}",1791560600.860895
P00259,PBSAP-01,S2_ded5cb3a96ffe5887c19379eecbc6ecee5746218,3.0,"{""grade"": 3, ""reason"": ""The thesis directly addresses systematic conservation planning and reserve-system design for coral reefs, which supports the goal's biodiversity-inclusive spatial planning, and it includes a Philippine community-based reserve case study and Indo-Pacific reef data that clearly apply to the Philippines.""}",1791560605.0603352
P00260,PBSAP-21,W4413846361,2.0,"{""grade"": 2, ""reason"": ""A Philippine study on traditional knowledge and climate awareness in farming communities touches the goal's themes of indigenous knowledge and public awareness, but it addresses climate adaptation rather than biodiversity information systems, data accessibility, or biodiversity education.""}",1791560607.1098151
P00261,PBSAP-05,W3213911384,3.0,"{""grade"": 3, ""reason"": ""A Philippine study directly documenting illegal trade and local harvest/use of a wild species (Philippine pangolin) in Palawan, which informs enforcement, monitoring, and regulation of wildlife harvest and trade under the goal.""}",1791560608.4384902
P00262,PBSAP-04,S2_e7a962fa90839c56c79e7faa574828af6c27cef2,3.0,"{""grade"": 3, ""reason"": ""This Philippine study assesses extinction risk using IUCN Red List data for terrestrial vertebrates, identifies threats and knowledge gaps, and recommends monitoring and conservation priorities, directly supporting the goal's threatened species assessment and monitoring actions.""}",1791560609.8718169
P00263,PBSAP-14,W4378447969,1.0,"{""grade"": 1, ""reason"": ""It is a Philippine study of Mindanao vertebrate biodiversity data gaps and threats, and only briefly mentions mining and calls for institutional collaboration, so it shares topic words with mainstreaming but would not really help integrate biodiversity into policies and sectoral plans.""}",1791560612.433441
P00264,PBSAP-21,W4401530171,2.0,"{""grade"": 2, ""reason"": ""The paper studies local stakeholders' awareness and understanding of REDD+, capacity gaps, and knowledge dissemination, which partly matches the goal's awareness and capacity-building themes, but it is about forest carbon rather than biodiversity information systems and is set in Nepal, not the Philippines.""}",1791560615.361877
P00265,PBSAP-11,W4382632468,1.0,"{""grade"": 1, ""reason"": ""The paper covers COVID-19, allergic diseases, and One Health across the Asia Pacific, touching on climate change, air pollution, and biodiversity loss, but it does not address ecosystem resilience, disaster needs assessment, or ecosystem service valuation, so it would not really help with this goal.""}",1791560617.3279831
P00266,PBSAP-02,W4407398510,3.0,"{""grade"": 3, ""reason"": ""This Philippine case study directly evaluates a mangrove restoration project, including survival rates, infrastructure, and community involvement, which would directly inform planning and monitoring of coastal ecosystem restoration under the goal.""}",1791560618.67753
P00267,PBSAP-10,W4289263581,3.0,"{""grade"": 3, ""reason"": ""This Philippine review of biodiversity-based socioecological production landscapes (rice terraces, coffee, cacao, coconut, rice-fish) covers the status, threats, and sustainable management strategies for production systems that bear directly on biodiversity-friendly agriculture and agrobiodiversity in the goal.""}",1791560621.625437
P00268,PBSAP-21,S2_3cff0c31944d73e9c187c5dfa5398be262a2a695,1.0,"{""grade"": 1, ""reason"": ""It is a Philippine study on biodiversity and governance in the National Greening Program, but it does not address information systems, knowledge platforms, education, awareness, or traditional knowledge, so it would not really help with this goal.""}",1791560623.595472
P00269,PBSAP-04,W2230288673,3.0,"{""grade"": 3, ""reason"": ""A Philippine study that inventories wildlife, including threatened species, in protected areas and gives explicit management and conservation recommendations, such as biodiversity corridors and KBA designation, which would help monitor and manage threatened species.""}",1791560626.157897
P00270,PBSAP-18,W2015199826,2.0,"{""grade"": 2, ""reason"": ""The paper covers economic incentives such as effluent taxes and subsidies for reducing pollution, which partly relates to using fiscal instruments to address environmental harm. It does not address harmful subsidies or biodiversity directly, and its scope is Asia-wide with only passing mention of the Philippines.""}",1791560628.712512
P00271,PBSAP-23,W3001813355,3.0,"{""grade"": 3, ""reason"": ""A Philippine study directly examining indigenous women's participation in forest conservation, gender-based restrictions, and barriers such as limited access to resources and education, which bears directly on the goal's gender-equitable participation in biodiversity efforts.""}",1791560630.8129978
P00272,PBSAP-02,W2087254397,3.0,"{""grade"": 3, ""reason"": ""This Philippine study directly describes a restoration strategy and outcomes for degraded forest in Mt. Makiling, closely matching the goal of restoring degraded terrestrial ecosystems and providing a model for implementation and monitoring.""}",1791560632.091535
P00273,PBSAP-13,W1971999535,1.0,"{""grade"": 1, ""reason"": ""The paper concerns fairness and efficiency in payment for ecosystem services, a different benefit-sharing context that shares only general 'fair benefit' wording with ABS and does not address genetic resources, digital sequence information, or traditional knowledge, though it includes Philippine case studies.""}",1791560634.041057
P00274,PBSAP-22,W7166862734,3.0,"{""grade"": 3, ""reason"": ""A Philippine study of Indigenous and community-based forest management that centers IPLC roles in participatory forest management and biodiversity conservation, directly relevant to the goal's community-based resource management actions.""}",1791560636.290873
P00275,PBSAP-11,W2080521276,3.0,"{""grade"": 3, ""reason"": ""A Philippine study on restoring mangroves for resilience to typhoons, storm surges, and sea-level rise, which directly supports the goal of maintaining and enhancing ecosystem resilience to hazards in vulnerable coastal communities.""}",1791560638.409956
P00276,PBSAP-01,W4412040795,2.0,"```json
{""grade"": 2, ""reason"": ""This Philippine review of the National Greening Program touches on land-use planning, geospatial monitoring, fragmented planning, and participatory planning, which partly relate to the goal, but it does not address protected areas, OECMs, or biodiversity-inclusive spatial planning directly.""}
```",1791560640.694835
P00277,PBSAP-14,W4399684148,2.0,"{""grade"": 2, ""reason"": ""This Philippine study on Bukidnon's biodiversity threats and conservation strategies touches on integrating conservation with socioeconomic development, which partly relates to mainstreaming, but it does not address policy, planning, or sectoral integration directly.""}",1791560642.416212
P00278,PBSAP-11,S2_ae0c2a0a4d5661b9984fecf24b107d8e23ab0ddd,2.0,"{""grade"": 2, ""reason"": ""The paper directly addresses ecosystem resilience to extreme events (cyclones and drought) in protected areas, which matches the goal's focus on high-exposure areas, but it is a global assessment in which the Philippines is only one of several regions, so it is relevant rather than highly relevant.""}",1791560645.177425
P00279,PBSAP-10,CR_10.47125_jesam_2020_2_02,2.0,"{""grade"": 2, ""reason"": ""The paper assesses multidimensional sustainability of watershed management, including agricultural land practices, forest cover, and soil and water conservation, which partly relates to the goal. It is set in Indonesia rather than the Philippines, so it cannot receive a 3.""}",1791560647.146407
P00280,PBSAP-12,W4392147228,2.0,"{""grade"": 2, ""reason"": ""It is a Philippine study of biodiversity in urban green spaces that could inform urban biodiversity profiling and planning, but it does not address public access to or expansion of green and blue spaces.""}",1791560649.4343932
P00281,PBSAP-11,W2120351078,1.0,"{""grade"": 1, ""reason"": ""The paper addresses CBD Target 11 protected-area coverage, effectiveness, and OECM metrics, which share vocabulary with the goal's ecosystem and protected-area focus but do not address hazard regulation, extreme events, air quality, or ecosystem resilience to disasters.""}",1791560652.4732769
P00282,PBSAP-17,W2995685838,0.0,"{""grade"": 0, ""reason"": ""The paper covers climate-resilient agriculture technologies and does not address biotechnology, biosafety laws, GMO regulation, risk assessment, or related biosafety governance, so it is not relevant to the goal.""}",1791560653.905143
P00283,PBSAP-09,W3014575520,2.0,"{""grade"": 2, ""reason"": ""A Philippine study on overexploitation of native aquatic species that cites RA 9147 and proposes seed production and restocking to revive populations, which partly supports sustainable use, but it does not address harvest limits, trade quotas, by-catch monitoring, or harvest control rules.""}",1791560656.057238
P00284,PBSAP-02,S2_ca92060e6d57c31b8be63e7e98193c28ca285787,2.0,"{""grade"": 2, ""reason"": ""This regional systematic review of mangrove restoration directly addresses the goal's restoration theme, but it covers Southeast Asia broadly rather than focusing on Philippine sites, so it is relevant but only partly applicable.""}",1791560658.7176268
P00285,PBSAP-21,W4395008763,2.0,"{""grade"": 2, ""reason"": ""A Philippine study that finds local stakeholders have limited knowledge of NbS and recommends information and education campaigns, which partly relates to the goal's awareness and education aims, though it does not address biodiversity information systems or traditional knowledge.""}",1791560661.083771
P00286,PBSAP-11,W4406310182,3.0,"{""grade"": 3, ""reason"": ""A Philippine study that monitors mangrove cover recovery after Typhoon Haiyan and links natural disturbances to ecosystem change, directly informing ecosystem resilience to extreme events and its monitoring.""}",1791560664.146656
P00287,PBSAP-08,S2_0d19e96387c931fc4983e2d58643c62cc270040f,3.0,"{""grade"": 3, ""reason"": ""A Philippine study on participatory climate change adaptation using a watershed approach, addressing ecosystem resilience and NCCAP-linked community adaptation, directly relevant to the goal of minimizing climate impacts through ecosystem-based approaches.""}",1791560665.374516
P00288,PBSAP-20,W4323974790,2.0,"{""grade"": 2, ""reason"": ""It documents capacity development programmes with multisectoral partnerships and nature-based farming (agroforestry, indigenous practices) across Southeast Asia, which indirectly supports the goal, but its focus is climate adaptation and farming resilience rather than biodiversity capacity or technology transfer in the Philippines.""}",1791560668.018419
P00289,PBSAP-15,W4410531560,1.0,"{""grade"": 1, ""reason"": ""The paper is a Philippine watershed futures study that touches on sustainable farming and governance, but it does not address business ESG disclosure, supply chains, or agribusiness policy instruments, so it would only marginally help this goal.""}",1791560670.084395
P00290,PBSAP-01,W7134227437,3.0,"{""grade"": 3, ""reason"": ""This Philippine study assesses management effectiveness of a protected area using METT-4 and addresses threats, management plans, and land-use pressures, directly supporting the goal's actions on PA management plans, METT assessments, and spatial planning.""}",1791560671.107849
P00291,PBSAP-12,W4400989671,2.0,"{""grade"": 2, ""reason"": ""The paper addresses green urban development and nature-based solutions in Beijing, which partly overlaps with urban green space planning, but it is not about public access to green or blue spaces and is not Philippine-focused.""}",1791560672.9838982
P00292,PBSAP-06,W4389345136,2.0,"{""grade"": 2, ""reason"": ""The paper is directly about invasive species and their ecological and economic impacts, but it is a global, agriculture-focused discussion with no Philippine context and no concrete spread-reduction or management measures for priority sites.""}",1791560675.310067
P00293,PBSAP-16,W3133525125,2.0,"{""grade"": 2, ""reason"": ""The paper addresses unsustainable consumption and single-use plastic waste from food delivery and recommends industry action, which partly matches the goal's waste-reduction and sustainable-consumption aims, but it is not Philippine-specific and does not address policy instruments or the SCP action plan directly.""}",1791560677.764593
P00294,PBSAP-14,W2087423504,2.0,"{""grade"": 2, ""reason"": ""It is a Philippine study on mainstreaming a environmental concern (climate change adaptation) into national development plans, so it indirectly informs barriers and entry points for biodiversity mainstreaming, but it does not address biodiversity itself.""}",1791560680.631669
P00295,PBSAP-19,S2_a57b78f38afa529c1fe5522777b46c7bffc76a89,3.0,"{""grade"": 3, ""reason"": ""This Philippine study directly addresses institutionalizing Payment for Ecosystem Services, a financing mechanism named in the goal's actions, and offers a framework that could guide PES policy development, though at the local rather than national level.""}",1791560682.988234
P00296,PBSAP-04,W4229025685,2.0,"{""grade"": 2, ""reason"": ""The paper directly addresses genetic diversity conservation of a crop wild relative and gaps in ex situ germplasm collections, which matches the goal's focus on wild relatives and genetic resources. It is not a Philippine study, though it names the Philippines as a collection priority, so it earns a 2 rather than a 3.""}",1791560685.2098718
P00297,PBSAP-09,W4410779488,3.0,"{""grade"": 3, ""reason"": ""This Philippine study uses participatory catch assessment and CPUE to track declining small-scale fishery catches, directly supporting the goal's monitoring of wild aquatic populations, fisher-engaged data collection, and the catch data needed for capture-fisheries harvest control.""}",1791560687.800215
P00298,PBSAP-10,S2_8fc65d06f67bc4a087735396608920ee556a3b81,3.0,"{""grade"": 3, ""reason"": ""This Philippine report directly addresses the sustainable development of agriculture and fisheries, including their environmental pressures, ecosystem-service dependence, and response measures, which bears directly on the goal's sustainable management aim, though it does not focus specifically on biodiversity-friendly practices.""}",1791560690.56481
P00299,PBSAP-08,W1556955148,3.0,"{""grade"": 3, ""reason"": ""A Philippine study on mangroves and seagrasses as ecosystem-based approaches to climate change adaptation, storm surge and sea-level rise reduction, and blue carbon, which directly addresses the goal's NBS and EbA climate-impact objectives and mangrove restoration actions.""}",1791560691.99799
P00300,PBSAP-01,W4378447969,2.0,"{""grade"": 2, ""reason"": ""A Philippine (Mindanao) synthesis that identifies conservation priority areas, threats such as deforestation and agricultural expansion, and data gaps, which partly informs biodiversity-inclusive spatial planning but does not address land or sea use planning directly.""}",1791560694.5125172
P00301,PBSAP-15,W3133999024,1.0,"{""grade"": 1, ""reason"": ""The paper is a Philippine study of blue carbon ecosystem drivers and management responses, but it does not address business ESG disclosure, supply chains, agribusiness policy, or EIA reforms, so it only shares general biodiversity and management themes with the goal.""}",1791560696.71076
P00302,PBSAP-06,S2_573448af3e4cf51118387a8c5619f4dbe6b00910,3.0,"{""grade"": 3, ""reason"": ""The paper is directly about invasive alien species concerns and status in the Philippines, which is the core subject of the goal on reducing IAS spread, though its abstract focuses on general background and introduction rates rather than control or monitoring measures.""}",1791560697.99343
P00303,PBSAP-22,W4405979884,3.0,"{""grade"": 3, ""reason"": ""A Philippine study directly examining community participation in watershed conservation, including barriers, local knowledge in decision-making, and stakeholder cooperation, which bears directly on meaningful local participation in conservation.""}",1791560700.1900969
P00304,PBSAP-05,W3014575520,2.0,"{""grade"": 2, ""reason"": ""A Philippine study on overexploitation of native aquatic species that cites RA 9147 and proposes seed production and restocking, which relates to sustainable harvest but does not address harvest limits, trade, or enforcement directly.""}",1791560702.6479402
P00305,PBSAP-22,W4411958778,3.0,"{""grade"": 3, ""reason"": ""A Philippine study directly examining community participation in biodiversity conservation, including gender effects, decision-making, participatory governance, and training, which matches the goal's focus on inclusive participation and could inform its implementation and monitoring.""}",1791560704.525828
P00306,PBSAP-11,W4412183575,2.0,"{""grade"": 2, ""reason"": ""The paper is a Philippine geospatial prioritization of key biodiversity areas based on forest loss, fragmentation and threatened species, which indirectly supports habitat stability in vulnerable areas. It does not address hazards, extreme events, disaster needs assessment, or ecosystem valuation.""}",1791560706.950292
P00307,PBSAP-11,W3194620394,3.0,"{""grade"": 3, ""reason"": ""This Philippine study directly examines how typhoons (Agnes, Haiyan) reduced mangrove cover and highlights mangroves' role in disaster risk reduction, which bears on ecosystem resilience to extreme events and on monitoring it.""}",1791560709.920043
P00308,PBSAP-13,W4220660132,1.0,"{""grade"": 1, ""reason"": ""The paper covers phytosanitary safeguarding of international germplasm transfer and its economic impact in Bangladesh, which shares vocabulary with genetic resource exchange but does not address access and benefit sharing, benefit-sharing mechanisms, traditional knowledge, or Philippine context.""}",1791560712.0131252
P00309,PBSAP-10,S2_8c66cf5d6cd11c4e4a35d61fd460e5f97fce47f9,3.0,"{""grade"": 3, ""reason"": ""This Philippine study on upland shifting-cultivation landscapes compares management scenarios for biodiversity and carbon, and it recommends secondary-forest recovery as a cost-effective reforestation measure, which bears directly on sustainable upland land use and forest management.""}",1791560714.835398
P00310,PBSAP-16,W4378219384,3.0,"{""grade"": 3, ""reason"": ""This Philippine study examines a no-plastic policy (a policy instrument) to promote SDG 12 sustainable consumption and reduce single-use plastic waste, and it bears on the goal's waste-reduction and education elements, though it is a single-institution perception study.""}",1791560717.189116
P00311,PBSAP-09,W2723375828,2.0,"{""grade"": 2, ""reason"": ""It is a Philippine assessment of threatened flora under RA 9147, the law that governs wildlife harvest, so it partly supports the goal's monitoring and sustainable-use needs, but it does not address harvest, trade, permits, or quotas.""}",1791560720.5188742
P00312,PBSAP-22,W4414510181,3.0,"{""grade"": 3, ""reason"": ""A Philippine study directly examining women's participation and decision-making in natural resource management, including an Indigenous governance model, closely matches the goal's call for equitable, gender-inclusive participation of IPLCs in biodiversity management.""}",1791560721.704994
P00313,PBSAP-18,S2_8c66cf5d6cd11c4e4a35d61fd460e5f97fce47f9,1.0,"{""grade"": 1, ""reason"": ""The paper is a Philippine study on carbon and biodiversity in shifting cultivation landscapes, which touches on land use and reforestation but does not address harmful subsidies, incentive reform, ERF proceeds, or biodiversity-relevant taxes, so it would not really help someone working on this goal.""}",1791560723.025874
P00314,PBSAP-21,W3174154525,2.0,"{""grade"": 2, ""reason"": ""A Philippine study that synthesizes 34 years of academic biodiversity data and highlights that much of it stays unpublished, which bears on biodiversity information accessibility and research, though it does not address information systems or a knowledge platform directly.""}",1791560724.870223
P00315,PBSAP-15,W7216180733,0.0,"{""grade"": 0, ""reason"": ""The paper evaluates protected area management effectiveness in a Philippine protected landscape and has no connection to business ESG disclosure, corporate reporting, agribusiness policy, or supply chains.""}",1791560727.420272
P00316,PBSAP-10,W4413602529,2.0,"{""grade"": 2, ""reason"": ""The review covers sustainable, climate-smart aquaculture practices (IMTA, water management) that partly overlap with the goal's aquaculture and resilience aims, but it is a global review focused on climate adaptation rather than biodiversity-friendly management in the Philippines.""}",1791560729.47717
P00317,PBSAP-22,W4414809216,2.0,"{""grade"": 2, ""reason"": ""A Philippine study that touches on community engagement, People's Organization empowerment, and the need to integrate indigenous rights in the National Greening Program, but it focuses on program effectiveness perceptions rather than IPLC participation in biodiversity decision-making.""}",1791560731.834118
P00318,PBSAP-02,W7172202359,3.0,"{""grade"": 3, ""reason"": ""A Philippine study implementing and monitoring artificial reef and mangrove rehabilitation in a degraded coastal area directly addresses marine ecosystem restoration and its ecological monitoring, which the goal calls for.""}",1791560733.265816
P00319,PBSAP-06,W4413798916,3.0,"{""grade"": 3, ""reason"": ""This is a Philippine study documenting invasive alien plant species in riparian areas of Northern Samar, providing baseline data and policy-relevant information that directly supports monitoring and managing IAS spread as the goal requires.""}",1791560734.494903
P00320,PBSAP-01,W2164623622,2.0,"{""grade"": 2, ""reason"": ""The paper is a global study, not Philippine-specific, but it addresses protected area coverage gaps against area targets and mentions OECMs, which indirectly relates to spatial planning for conservation areas.""}",1791560736.340139
P00321,PBSAP-16,W3097024190,2.0,"{""grade"": 2, ""reason"": ""A Philippine school and home gardening project that teaches sustainability concepts, including food systems and solid waste management, so it touches the education and food-sustainability parts of the goal. It does not address consumption policy, circular economy instruments, or business food programs.""}",1791560738.3859358
P00322,PBSAP-03,W3217458552,3.0,"{""grade"": 3, ""reason"": ""The paper is a Philippine study quantifying forest cover loss within the 101 terrestrial Key Biodiversity Areas, directly informing KBA-based conservation prioritization and monitoring that the OECM and 30x30 goal relies on.""}",1791560739.821441
P00323,PBSAP-05,S2_22033d5310e78cb9c89f780ef47f11e72528f71a,3.0,"{""grade"": 3, ""reason"": ""This Philippine study directly addresses illegal wildlife trade under RA 9147 and the enforcement capacity of Wildlife Enforcement Officers, which the goal targets through monitoring, law enforcement, and enforcer capacitation.""}",1791560741.562262
P00324,PBSAP-17,W2238157130,0.0,"{""grade"": 0, ""reason"": ""The paper concerns a climate change adaptation project restructuring with no connection to biotechnology, genetically modified organisms, or biosafety regulation.""}",1791560742.6905248
P00325,PBSAP-07,W3138942864,2.0,"{""grade"": 2, ""reason"": ""The paper directly addresses reducing pesticide use and its impacts on non-target arthropods in rice fields, but it is a Cambodian study and does not clearly apply to the Philippines.""}",1791560745.146402
P00326,PBSAP-23,W4415950227,1.0,"{""grade"": 1, ""reason"": ""The paper is a Philippine philosophical study of equality through deep ecology and indigenous worldviews, but it does not address gender, representation or participation in biodiversity decision-making, or access to justice and information, so it would only marginally help someone working on this goal.""}",1791560747.22165
P00327,PBSAP-05,S2_29e69f3dfa0edeaa997d6ee59ca72492e90da1d3,3.0,"{""grade"": 3, ""reason"": ""A Philippine study providing baseline data on bycatch and wild fish harvest at a major fish port, with explicit aims to inform management, bycatch mitigation, and overexploitation control, which directly supports the goal's bycatch-reduction and fisheries harvest-management actions.""}",1791560750.063645
P00328,PBSAP-13,S2_abbfca136b3504341088138c0764a093e985bc57,3.0,"{""grade"": 3, ""reason"": ""A Philippine rice genebank paper describing germplasm registries, barcoding, and DOI-based tracking that meets SMTA obligations under the ITPGRFA multilateral system, which directly supports the goal's seed bank, registry, and benefit-sharing actions.""}",1791560753.23683
P00329,PBSAP-01,W4312267941,3.0,"{""grade"": 3, ""reason"": ""A Philippine study that uses spatial overlay of human pressure and biodiversity richness to map hotspots and refuge areas, explicitly to guide protected-area management, restoration siting, and LGU conservation planning, which directly supports biodiversity-inclusive spatial planning.""}",1791560755.487097
P00330,PBSAP-06,W4405759221,3.0,"{""grade"": 3, ""reason"": ""This is a Philippine study directly quantifying the prevalence, abundance, and diversity of invasive alien plant species in a protected area, providing baseline data that could help monitor and control IAS spread in priority sites.""}",1791560756.408927
P00331,PBSAP-11,S2_9c450a80461f609dab3dc99e4576e7c6a0bc02e9,2.0,"{""grade"": 2, ""reason"": ""It is a Philippine study mapping climate hazards and extreme-event risk to support resilience, which relates to the goal's hazard and resilience theme, but it focuses on agricultural crops and poverty rather than ecosystems, biodiversity, or ecosystem-based hazard regulation.""}",1791560758.5896242
P00332,PBSAP-23,W2952213043,3.0,"{""grade"": 3, ""reason"": ""The paper directly examines equity and women's participation in land-management decision-making within forest landscape restoration, with one of its two case studies in the Philippines, which closely matches the goal's gender-responsive participation focus.""}",1791560760.914712
P00333,PBSAP-22,W4414864666,2.0,"{""grade"": 2, ""reason"": ""The review covers CBFM, a participatory community forest governance model that addresses community participation, tenure security, and social justice, which relate to the goal. However, its main focus is agroforestry and land use, and it treats IPLC decision-making and rights only indirectly, so it is partly relevant.""}",1791560763.2124531
P00334,PBSAP-02,W4411536063,2.0,"{""grade"": 2, ""reason"": ""The paper directly addresses restoring degraded land, identifying degradation hotspots, and restoration investment, which matches the goal's content, but it studies Kazakhstan rather than the Philippines.""}",1791560764.634155
P00335,PBSAP-15,W4221045540,2.0,"{""grade"": 2, ""reason"": ""This Philippine meta-analysis of sustainable fishery management covers sustainable production and the economic, social and environmental goals of seafood supply, which partly relates to the goal's production and agribusiness policy focus. It does not address ESG disclosure, biodiversity reporting, or corporate risk, so the match is indirect.""}",1791560766.9562309
P00336,PBSAP-12,S2_7130af289ec403fe1fe92db9945b6aa20842afb3,2.0,"{""grade"": 2, ""reason"": ""It is a Philippine systematic review of urban ecology research that identifies knowledge gaps in cities, which is relevant background for urban biodiversity planning, but it does not directly address public access to green or blue spaces.""}",1791560769.00383
P00337,PBSAP-16,W4214828633,2.0,"{""grade"": 2, ""reason"": ""The paper is a global review of food system sustainability that touches on food waste, dietary choices, and connecting policymakers, which partly overlaps with the goal's food-sustainability and coordination actions, but it is not Philippine-specific and does not address SCP policy instruments or circular economy practice in LGUs directly.""}",1791560771.154416
P00338,PBSAP-04,W2955304591,1.0,"{""grade"": 1, ""reason"": ""The paper is about protected area coverage under Aichi Target 11 across megadiverse countries, with no focus on threatened species, genetic resources, or species-level management, so it only shares broad conservation terms with the goal.""}",1791560773.51009
P00339,PBSAP-13,W4384828036,2.0,"{""grade"": 2, ""reason"": ""A Philippine study documenting Indigenous knowledge, seed-saving, and crop-variety conservation by the Matigsalog and Ata, which partly touches on traditional knowledge and genetic resources, but it does not address access, benefit sharing, or ABS mechanisms.""}",1791560775.866592
P00340,PBSAP-05,W3009126446,3.0,"{""grade"": 3, ""reason"": ""This Philippine study quantifies wild seahorse harvest, illegal trade, and CITES non-compliance, and it provides data for sustainable harvest limits and monitoring under the Fisheries Code, directly serving the goal's harvest, trade, and enforcement targets.""}",1791560777.5153542
P00341,PBSAP-07,W4399814953,2.0,"{""grade"": 2, ""reason"": ""It is a Philippine study on regulating plastic pollution, which indirectly supports the goal's household-waste and general pollution-reduction actions, but it does not address nutrient run-off or pesticide impacts on non-target organisms.""}",1791560781.394989
P00342,PBSAP-03,W1594542371,3.0,"{""grade"": 3, ""reason"": ""The paper is a Philippine study directly on the management effectiveness of 28 protected areas in Mindanao, including PAMB governance, staffing, and community participation, which bears directly on conserving land and sea through protected areas.""}",1791560782.400019
P00343,PBSAP-06,W4386087648,3.0,"{""grade"": 3, ""reason"": ""This Philippine study directly addresses invasive alien plants (Mikania, Lantana, Chromolaena) and community perceptions and willingness to engage in their control and management, which would help meet or monitor the IAS goal.""}",1791560783.307523
P00344,PBSAP-11,W2277658191,2.0,"{""grade"": 2, ""reason"": ""This Philippine study values ecosystem services such as watershed protection and proposes PES for a protected area, which partly matches the goal's valuation and PES actions, but it does not address hazard regulation, air quality, or extreme events directly.""}",1791560786.8244932
P00345,PBSAP-03,W7134227437,3.0,"{""grade"": 3, ""reason"": ""This Philippine study evaluates management effectiveness of a protected area (Agusan Marsh Wildlife Sanctuary) using METT-4, directly informing the goal of effectively conserved and managed land and inland water areas, including ancestral domain co-management and monitoring.""}",1791560787.943756
P00346,PBSAP-06,W7114780924,3.0,"{""grade"": 3, ""reason"": ""This Philippine-focused paper directly addresses biological invasions, including prevention, impact assessment, coordination, and monitoring, which are the core concerns of the IAS goal and could help meet or monitor it.""}",1791560789.0142982
P00347,PBSAP-03,W1984683301,2.0,"{""grade"": 2, ""reason"": ""The paper proposes a cross-border marine reserve in the Spratly Islands to conserve reef ecosystems, which directly relates to the marine conservation target, but its focus is on Vietnam and the wider region and it only partly involves the Philippines.""}",1791560791.124678
P00348,PBSAP-16,W3176665606,2.0,"{""grade"": 2, ""reason"": ""The paper addresses sustainable diet practices and consumption choices, which partly overlap with the goal's food sustainability and sustainable consumption theme, but it is a conceptual ethics piece with no policy instruments, waste reduction measures, or explicit Philippine focus.""}",1791560793.598292
P00349,PBSAP-11,W4401480772,3.0,"{""grade"": 3, ""reason"": ""This Philippine study links typhoon hazards, forest loss, and watershed degradation to reduced ecosystem services and hazard susceptibility, which directly informs the goal of maintaining ecosystem resilience to extreme events.""}",1791560796.550356
P00350,PBSAP-21,W4404524185,3.0,"{""grade"": 3, ""reason"": ""This Philippine study directly addresses indigenous knowledge of biodiversity and builds an open, FAIR-compliant, publicly accessible database, which matches the goal's focus on accessible biodiversity information and indigenous knowledge systems.""}",1791560797.88919
P00351,PBSAP-13,W4412040795,1.0,"{""grade"": 1, ""reason"": ""The paper is a Philippine review of reforestation policy and outcomes, and it touches only faintly on planting materials and community benefits, with no discussion of access to genetic resources, benefit sharing, digital sequence information, or traditional knowledge.""}",1791560800.3390348
P00352,PBSAP-09,W4406748347,3.0,"{""grade"": 3, ""reason"": ""A Philippine study that values harvested wild bioresources (including faunal species like Sus philippensis and Apis cerana) for an access and benefit-sharing scheme, and recommends DENR/LGU monitoring to ensure sustainable use, which directly supports the goal.""}",1791560802.221483
P00353,PBSAP-07,W4409964762,3.0,"{""grade"": 3, ""reason"": ""This Philippine study directly addresses integrated pest management, which the goal's actions explicitly name, and reports reduced pesticide use and farmer training needs, so it could help meet the pesticide-reduction target.""}",1791560804.351657
P00354,PBSAP-15,W4376138358,2.0,"{""grade"": 2, ""reason"": ""The paper covers sustainable bioproduction systems and policy responses in Philippine and other Asian production landscapes, which partly matches the goal's focus on sustainable production, but it does not address business ESG, biodiversity disclosure, or supply chain governance.""}",1791560806.483169
P00355,PBSAP-23,W7215025714,2.0,"{""grade"": 2, ""reason"": ""The paper is partly on topic: it addresses Indigenous Peoples' empowerment, ecofeminist perspectives, and the Philippine context (85% of KBAs in ancestral domains), but it does not directly examine representation in decision-making, access to justice, or gender-responsive biodiversity governance.""}",1791560808.6328242
P00356,PBSAP-15,W4412040795,1.0,"{""grade"": 1, ""reason"": ""This Philippine review of the National Greening Program covers reforestation policy and governance, which shares some policy themes with the goal but does not address business ESG disclosure, corporate biodiversity reporting, or agribusiness supply chains.""}",1791560810.579329
P00357,PBSAP-01,W4412183575,3.0,"{""grade"": 3, ""reason"": ""A Philippine geospatial prioritization of terrestrial Key Biodiversity Areas with explicit links to PA/OECM expansion and the 30 by 30 target directly supports biodiversity-inclusive spatial planning for protected areas and OECMs.""}",1791560811.7052422
P00358,PBSAP-17,S2_4325b3fbde129eacf44ae80485e9ad8dcc29f046,0.0,"{""grade"": 0, ""reason"": ""The paper addresses fruit and vegetable productivity, pest control, and food safety through breeding and good agricultural practices, with no connection to biotechnology biosafety laws, GMO regulation, risk assessment, or biosafety governance.""}",1791560812.832695
P00359,PBSAP-10,W2620975379,3.0,"{""grade"": 3, ""reason"": ""This Philippine study directly assesses agroforestry on smallholder farms in watershed areas, measuring biodiversity conservation and carbon benefits, which supports biodiversity-friendly agriculture and forestry practices the goal aims to promote and monitor.""}",1791560814.3530838
P00360,PBSAP-05,W3058305516,2.0,"{""grade"": 2, ""reason"": ""The paper directly addresses illegal trade and use of wild vertebrates, including protected species, which matches the goal's wildlife-trade monitoring focus, but it studies Lao PDR rather than the Philippines.""}",1791560816.464915
P00361,PBSAP-14,W4412040795,2.0,"{""grade"": 2, ""reason"": ""A Philippine review of the National Greening Program that covers policy frameworks, governance, and integrating biodiversity-sensitive practices, which partly bears on mainstreaming, but its main focus is reforestation implementation rather than mainstreaming biodiversity across sectors.""}",1791560818.254026
P00362,PBSAP-20,W2751151007,2.0,"{""grade"": 2, ""reason"": ""This Philippine study on community-based forest management touches on empowering local communities and on collaboration among DENR, LGUs, NGOs and the private sector, which partly and indirectly supports the capacity-building goal, but it does not directly address capacity-building mechanisms, training, or technology transfer.""}",1791560820.5202649
P00363,PBSAP-19,W1528361483,1.0,"{""grade"": 1, ""reason"": ""The paper is a Philippine case study on social capital and community natural resource management; its only link to the goal is a passing mention that bridging and linking capital help mobilize external resources, which does not address biodiversity financing, ODA, budgets, private funding, natural capital accounts, or PES.""}",1791560822.768831
P00364,PBSAP-14,W4414269792,2.0,"{""grade"": 2, ""reason"": ""A Philippine review showing agroforestry enhances biodiversity and recommends policy support touches on integrating biodiversity into a productive sector, but it does not address mainstreaming mechanisms in government policy, planning, or EIA processes.""}",1791560825.734668
P00365,PBSAP-15,W4384807049,2.0,"{""grade"": 2, ""reason"": ""A Philippine review of rice farming practices aimed at sustainability touches on sustainable agricultural production, which the goal's agribusiness good-practice component partly covers, but it does not address corporate ESG, biodiversity disclosure, supply chains, or policy instruments.""}",1791560828.983486
P00366,PBSAP-03,W2929380377,2.0,"{""grade"": 2, ""reason"": ""This global study maps high-threat areas for unsustainable harvesting and reports low protected-area coverage (16% land, 6% sea), which partly informs 30x30 gap planning, but it is not Philippine-specific and does not address OECMs or management of conserved areas.""}",1791560831.369547
P00367,PBSAP-03,W2081623219,2.0,"{""grade"": 2, ""reason"": ""The paper addresses ecosystem-based management and conservation-versus-conversion trade-offs for coastal habitats, which indirectly supports conserving marine and coastal areas, but it is a Thailand study that does not address protected area designation, OECMs, or management bodies.""}",1791560833.4142709
P00368,PBSAP-10,W4205144949,2.0,"{""grade"": 2, ""reason"": ""The review directly addresses sustainable, environmentally friendly aquaculture practices and their adoption and policy, but covers six Asian countries with the Philippines as only one of them, so it applies to the goal only partly and indirectly for Philippine conditions.""}",1791560836.691662
P00369,PBSAP-20,W4402148428,1.0,"{""grade"": 1, ""reason"": ""The paper is Philippine but focuses on LGU climate change mitigation policies and challenges, mentioning capacity building only as one recommendation among many, so it would offer little direct help to biodiversity capacity-building mechanisms.""}",1791560838.7578712
P00370,PBSAP-09,S2_29e69f3dfa0edeaa997d6ee59ca72492e90da1d3,3.0,"{""grade"": 3, ""reason"": ""A Philippine study that documents bycatch baseline data at a fish port, cross-references species with the IUCN Red List, and proposes bycatch categories to inform management, directly supporting the goal's bycatch documentation and sustainable-harvest monitoring actions.""}",1791560840.685729
P00371,PBSAP-12,W4404283411,1.0,"{""grade"": 1, ""reason"": ""The paper is a Philippine study on blue carbon capacity building for mangroves and seagrass, which shares the 'blue' ecosystem theme but does not address urban green or blue spaces, public access, or city planning.""}",1791560843.115551
P00372,PBSAP-16,S2_990a41e1730e061b73c74bc9403d47118f99ac85,1.0,"{""grade"": 1, ""reason"": ""The Philippine study assesses sustainability of community-based forest management people's organizations, which shares only the general word 'sustainability' with the goal and does not address sustainable consumption, waste reduction, circular economy, or food sustainability.""}",1791560845.2950988
P00373,PBSAP-03,W4411101325,3.0,"{""grade"": 3, ""reason"": ""The paper directly addresses spatial prioritization for new protected areas toward the 30% target, and it explicitly analyzes the Philippines as one of its ten case-study countries.""}",1791560848.020135
P00374,PBSAP-02,W4400513480,2.0,"{""grade"": 2, ""reason"": ""A tropical-focused synthesis of assisted natural regeneration methods, costs, and benefits directly supports forest restoration planning, but it is not Philippine-specific and mentions the Philippines only in passing.""}",1791560850.2844648
P00375,PBSAP-08,W4386484833,2.0,"{""grade"": 2, ""reason"": ""The paper directly addresses nature-based solutions for climate change adaptation and disaster risk reduction, matching the goal's core theme, but its case study is in Peru rather than the Philippines.""}",1791560852.052471
P00376,PBSAP-19,S2_7542d52d104cb50b76a2b81abe4cb196e4ef3bd3,1.0,"{""grade"": 1, ""reason"": ""The paper is about participatory development in general and mentions 'resource mobilization' only as a generic strategy, with no focus on biodiversity financing, ODA, public or private biodiversity funding, natural capital accounts, or PES, so it would not really help someone working on this goal.""}",1791560853.895002
P00377,PBSAP-02,W2409742293,3.0,"{""grade"": 3, ""reason"": ""A Philippine study directly on rehabilitating degraded mangrove ecosystems (abandoned fishponds reverted to mangrove), assessing restoration outcomes like carbon stocks and coastal protection, which directly supports the goal of restoring degraded coastal ecosystems.""}",1791560855.229428
P00378,PBSAP-20,S2_3cff0c31944d73e9c187c5dfa5398be262a2a695,1.0,"{""grade"": 1, ""reason"": ""A Philippine study on governance failures in the National Greening Program's biodiversity goals, but it does not address capacity building, training, education, technology transfer, or joint research, only mentioning guidelines for practitioners in passing.""}",1791560857.039638
P00379,PBSAP-16,S2_c36bf128e23f55df3360d1138fbaa3262a856ad7,2.0,"{""grade"": 2, ""reason"": ""It is a Philippine-focused comparison of waste governance, covering LGU roles, EPR, and community waste programs that partly relate to the goal's waste-reduction policy instruments, but its core topic is marine plastic pollution under SDG 14 rather than sustainable consumption and production.""}",1791560859.632954
P00380,PBSAP-08,W2730785316,3.0,"{""grade"": 3, ""reason"": ""The paper directly addresses nature-based adaptation to climate change using coastal forests and mangroves, includes Philippine case studies (Bohol, Palawan), and examines community-based management and local knowledge, all central to this goal.""}",1791560861.269804
P00381,PBSAP-17,W1975108901,3.0,"{""grade"": 3, ""reason"": ""The paper directly addresses biosafety regulation, estimating compliance costs for technologies in the Philippines and other developing countries, which bears on designing and implementing workable biosafety rules.""}",1791560864.136762
P00382,PBSAP-16,W4389358939,1.0,"{""grade"": 1, ""reason"": ""The paper is a Philippine study of urbanization and land-use efficiency (SDG 11.3), which shares only broad 'sustainable development' themes with the goal and does not address sustainable consumption, waste, circular economy, or food sustainability policy.""}",1791560865.97831
P00383,PBSAP-08,W3016463580,2.0,"{""grade"": 2, ""reason"": ""The paper addresses local perceptions of climate impacts and community adaptation strategies, which partly relates to the goal's aim of minimizing climate impacts and reducing disaster risk, but it is a Nepal study and does not examine nature-based or ecosystem-based solutions.""}",1791560868.550988
P00384,PBSAP-05,S2_e12f51b32a59d84ebff19f320b644ee882d59de5,3.0,"{""grade"": 3, ""reason"": ""The paper directly addresses illegal trade in wild-harvested seahorses, enforcement gaps, and non-selective extraction, and names the Philippines as a major source country, so it clearly applies to the Philippines and to the goal's trade and enforcement actions.""}",1791560870.996448
P00385,PBSAP-07,W2084245869,3.0,"{""grade"": 3, ""reason"": ""A Philippine study directly addressing reduction of pesticide use and pesticide residues through IPM training and farmer field schools, which bears directly on the goal of cutting pesticide-related impacts and supports monitoring and extension actions.""}",1791560871.919521
P00386,PBSAP-18,W1971999535,2.0,"{""grade"": 2, ""reason"": ""The paper studies payment for ecosystem services, a positive incentive that could inform repurposing incentives toward conservation, and includes Philippine case studies, but it does not address harmful subsidies or their reform.""}",1791560874.068693
P00387,PBSAP-23,W4410399810,2.0,"{""grade"": 2, ""reason"": ""The paper directly addresses gender-responsive participation in decision-making and access to information, but it concerns water governance in Bangladesh rather than biodiversity or the Philippines, so it is only indirectly relevant.""}",1791560876.118739
P00388,PBSAP-15,W2040848432,2.0,"{""grade"": 2, ""reason"": ""A Philippine study on sustainable socio-ecological production landscapes (GIAHS/satoyama) partly touches the goal's sustainable agricultural production theme, but it does not address business ESG frameworks, biodiversity disclosure, or supply chains.""}",1791560878.8817852
P00389,PBSAP-09,W7216180733,2.0,"{""grade"": 2, ""reason"": ""It is a Philippine study of protected area management that touches on carrying capacity, sustaining economic benefits, and indigenous stakeholder involvement, but it does not address wildlife harvest, trade limits, fisheries harvest control rules, or by-catch monitoring.""}",1791560881.844405
P00390,PBSAP-11,W4312559589,2.0,"{""grade"": 2, ""reason"": ""This Philippine study assesses how DENR programs address climate change impacts on natural ecosystems and adaptation, which partly bears on ecosystem resilience to climate hazards, but it does not address disasters, post-disaster needs assessments, or ecosystem service valuation directly.""}",1791560884.410655
P00391,PBSAP-05,W2467046380,3.0,"{""grade"": 3, ""reason"": ""The paper directly addresses unsustainable hunting of wild vertebrates, illegal and commercial wildlife use, weak enforcement, and the need for sustainable hunting practices, and it explicitly covers the Philippines as one of the four sub-regions studied.""}",1791560887.525496
P00392,PBSAP-13,W1594542371,1.0,"{""grade"": 1, ""reason"": ""The paper covers protected area management and community participation in biodiversity conservation in Mindanao, but it does not address access to genetic resources, benefit sharing, digital sequence information, or traditional knowledge, so it would not really help with this ABS goal.""}",1791560889.367054
P00393,PBSAP-14,S2_a57b78f38afa529c1fe5522777b46c7bffc76a89,3.0,"{""grade"": 3, ""reason"": ""This Philippine study directly examines how an ecosystem-services financing tool is mainstreamed into local government policy, with lessons on regulatory anchoring, cross-sectoral convergence, and capacity gaps that could inform the goal's policy-integration work, though it does not center on biodiversity per se.""}",1791560892.403649
P00394,PBSAP-08,W4395008763,3.0,"{""grade"": 3, ""reason"": ""The paper is a Philippine study (Victoria, Laguna) directly about implementing nature-based solutions for climate change and flooding, which matches the goal's NBS-focused strategic actions and their planning and mainstreaming.""}",1791560893.831253
P00395,PBSAP-12,S2_f09a8e87e97de386a38b5f1206623a0784fbcb15,3.0,"{""grade"": 3, ""reason"": ""This Philippine study directly addresses urban green space network planning in Quezon City (the Green Lung Network) and identifies priority green patches for conservation, which could inform the expansion and designation of urban green spaces in the goal, though it does not focus on public accessibility.""}",1791560896.497977
P00396,PBSAP-10,W3093563774,3.0,"{""grade"": 3, ""reason"": ""A Philippine study directly on agriculture's biodiversity impacts, including policy gaps and spatial overlaps with protected areas and IBAs, which could inform the zoning, monitoring, and biodiversity-friendly management the goal calls for.""}",1791560900.18302
P00397,PBSAP-16,S2_43006f2afc5d9cea514be3c666b1f442e84e04b2,3.0,"{""grade"": 3, ""reason"": ""A Philippine study that directly examines consumers' single-use plastic use, reuse awareness, and willingness to buy a reusable, biodegradable product, which bears on the goal's aim of enabling sustainable consumption choices and reducing waste.""}",1791560903.563055
P00398,PBSAP-14,W3108704521,2.0,"{""grade"": 2, ""reason"": ""A Philippine study on integrated landscape planning and land-use policy frameworks that extend biodiversity conservation into production landscapes partly supports mainstreaming, but it focuses mainly on conservation spatial planning rather than integrating biodiversity into sectoral policies and processes.""}",1791560905.812907
P00399,PBSAP-19,S2_43d3666a59fa86e0986f6ec12b8f989e3aaca600,3.0,"{""grade"": 3, ""reason"": ""This Philippine-focused paper directly addresses Payment for Ecosystem Services modalities, domestic financing, and institutional barriers, which are core to the Resource Mobilization goal's PES and financing actions.""}",1791560907.047744
P00400,PBSAP-23,W7153338599,3.0,"{""grade"": 3, ""reason"": ""The paper directly examines gender equity in restoration projects including the Philippines, addressing equitable participation and benefit distribution that the goal's gender-responsive representation and participation targets require.""}",1791560908.13679
P00401,PBSAP-07,CR_10.62550_en18053023,2.0,"{""grade"": 2, ""reason"": ""The paper is an Indonesian study of organic SRI rice farming, extension, and subsidies, which touches on the goal's sustainable-agriculture actions, but it does not measure nutrient run-off, pesticide impacts, or pollution outcomes, and it is outside the Philippines.""}",1791560910.391451
P00402,PBSAP-19,W4395008763,1.0,"{""grade"": 1, ""reason"": ""The Philippine study covers nature-based solutions readiness in Victoria, Laguna, and mentions financing only as one readiness factor, without addressing biodiversity funding flows such as ODA, public or private budgets, natural capital accounts, or PES.""}",1791560912.775858
P00403,PBSAP-09,W2467046380,2.0,"{""grade"": 2, ""reason"": ""The paper directly addresses unsustainable hunting, weak enforcement, and the need for sustainable hunting practices, which bear on the goal's wildlife-harvest and illegal-trade actions. However, it is a regional Southeast Asian review that includes the Philippines only as one of several sites, so its relevance to Philippine implementation is indirect.""}",1791560915.43887
P00404,PBSAP-18,W3093563774,2.0,"{""grade"": 2, ""reason"": ""A Philippine policy and geographic analysis linking agricultural production and trade to biodiversity loss could inform reviews of harmful agricultural policies, but it never addresses subsidies or incentives directly.""}",1791560917.793487
P00405,PBSAP-13,W4404524185,2.0,"{""grade"": 2, ""reason"": ""A Philippine database documenting indigenous ethnomedicinal plant knowledge touches on traditional knowledge and genetic resource registries that the goal mentions, but it does not address access, benefit-sharing, or ABS governance and instead promotes open data access.""}",1791560919.944177
P00406,PBSAP-22,W7165360961,2.0,"{""grade"": 2, ""reason"": ""The paper directly addresses community empowerment and engagement in forest management, which overlaps with the goal's participation theme, but it covers tropical Asia broadly rather than the Philippines and does not focus on IPLC decision-making or access to justice.""}",1791560922.040222
P00407,PBSAP-14,S2_3cff0c31944d73e9c187c5dfa5398be262a2a695,2.0,"{""grade"": 2, ""reason"": ""A Philippine study on governance failures in the National Greening Program's biodiversity objectives, calling for regulatory guidelines in policy frameworks, which bears on mainstreaming biodiversity into a sectoral program but does not address cross-sector integration directly.""}",1791560924.552117
P00408,PBSAP-07,W4411008696,2.0,"{""grade"": 2, ""reason"": ""The paper is an Indonesian review that covers eutrophication from agricultural and domestic waste and management measures such as regulation and community education, so it relates to the nutrient run-off goal only partly and indirectly, with a focus on industrial heavy metals and human health.""}",1791560926.395303
P00409,PBSAP-20,W4396732615,0.0,"{""grade"": 0, ""reason"": ""The paper addresses energy access and SDG 7 in Global South countries, with no connection to biodiversity capacity building, technology transfer, or training in the Philippines.""}",1791560927.72663
P00410,PBSAP-17,W1459175984,3.0,"{""grade"": 3, ""reason"": ""A Philippine study on national biotechnology policy, GM crop regulation, and regulatory system strengthening directly addresses the goal of biosafety measures and regulations being in place and implemented.""}",1791560928.750516
P00411,PBSAP-06,W4410281535,3.0,"{""grade"": 3, ""reason"": ""A Philippine study directly quantifying the economic costs and impacts of invasive aquatic species in aquaculture areas, providing evidence that supports monitoring and control of IAS, which is the focus of the goal.""}",1791560930.074468
P00412,PBSAP-13,W2950013675,1.0,"{""grade"": 1, ""reason"": ""The paper analyzes global exchange networks of crop resistance genes among breeders, which loosely touches genetic resource exchange, but it does not address access, benefit sharing, traditional knowledge, DSI, or Philippine contexts.""}",1791560932.556618
P00413,PBSAP-02,W2061234940,3.0,"{""grade"": 3, ""reason"": ""This Philippine study directly addresses forest restoration guidelines and frameworks for degraded forests, which could directly help plan and implement the goal of restoring degraded ecosystems.""}",1791560933.870655
P00414,PBSAP-16,W4412040795,0.0,"{""grade"": 0, ""reason"": ""The paper reviews reforestation policy and outcomes under the National Greening Program, which does not address sustainable consumption, circular economy, waste reduction, or food sustainability as the goal requires.""}",1791560935.713773
P00415,PBSAP-11,W4408768228,1.0,"{""grade"": 1, ""reason"": ""The paper covers nuclear accident radiation and health impacts, not Philippine ecosystem resilience or biodiversity-based disaster response; it shares only general words like disaster, hazard, and ecosystem disruption with the goal.""}",1791560938.019319
P00416,PBSAP-18,W4401111444,0.0,"{""grade"": 0, ""reason"": ""The paper concerns ecological traps for bats in European farmland restoration and does not address subsidies, incentives, or fiscal instruments that harm biodiversity, so it is not relevant to the Eliminate Harmful Incentives goal.""}",1791560939.196032
P00417,PBSAP-19,W4402148428,1.0,"{""grade"": 1, ""reason"": ""This Philippine study on LGU climate change mitigation mentions resource constraints, resource allocation, and innovative financing only in passing, with no focus on biodiversity financing, ODA, public or private biodiversity funding, natural capital accounts, or PES.""}",1791560940.936357
P00418,PBSAP-09,S2_22033d5310e78cb9c89f780ef47f11e72528f71a,3.0,"{""grade"": 3, ""reason"": ""This Philippine study directly addresses illegal wildlife trade under RA 9147 and the identification capacity of Wildlife Enforcement Officers, which bears on the goal's enforcement and law-enforcement capacity actions.""}",1791560943.291616
P00419,PBSAP-07,W3215128528,2.0,"{""grade"": 2, ""reason"": ""The paper directly addresses pesticide residues and their risks to non-target fauna (fish, amphibians, insects) in rice paddies, which matches the goal, but it is a Sri Lankan study rather than a Philippine one.""}",1791560945.32724
P00420,PBSAP-20,W4415859928,1.0,"{""grade"": 1, ""reason"": ""The paper is about Philippine rural water infrastructure under KALAHI-CIDSS and does not address biodiversity capacity building, training, or technology transfer, sharing only generic themes like community participation and sustainability.""}",1791560947.192321
P00421,PBSAP-19,S2_621f959862afabacf00b11da48e042a99e581805,1.0,"{""grade"": 1, ""reason"": ""It is a Philippine policy note on the National Greening Program's implementation and monitoring, a government forestry program, but it does not address biodiversity financing, ODA, public budget shares, private funding, natural capital accounts, or payments for ecosystem services.""}",1791560949.746942
P00422,PBSAP-10,W4414269792,3.0,"{""grade"": 3, ""reason"": ""A Philippine-focused review directly on agroforestry as a biodiversity-friendly land practice, covering adoption barriers, incentives, and policy support that match the goal's sustainable agriculture and forestry management targets.""}",1791560951.073771
P00423,PBSAP-15,S2_d9ae6d72bbca3bcae5e975ed8c5c7a3ce1f895c4,1.0,"{""grade"": 1, ""reason"": ""The paper is Philippine and concerns agribusiness productivity and organic farm business models, but it does not address biodiversity, ESG frameworks, corporate disclosure, or environmental impact assessment, so it would offer little help with this goal.""}",1791560953.6348338
P00424,PBSAP-02,W4410834963,3.0,"{""grade"": 3, ""reason"": ""This Philippine study directly addresses implementation, drivers, and challenges of Assisted Natural Regeneration for forest and landscape restoration of degraded uplands, which directly supports the goal of restoring 30% of degraded terrestrial ecosystems.""}",1791560954.965605
P00425,PBSAP-16,W4403258450,2.0,"{""grade"": 2, ""reason"": ""The paper is a global (not Philippine) study that projects plastic consumption and models policy interventions such as reduction and recycling targets, which partly and indirectly informs sustainable consumption and waste reduction policy.""}",1791560956.808536
P00426,PBSAP-17,W7217789486,1.0,"{""grade"": 1, ""reason"": ""The paper covers non-GMO plant biotechnology for natural farming and never addresses biosafety laws, GMO risk assessment, or regulation, so it shares the biotechnology theme but would not really help someone working on this goal.""}",1791560958.963038
P00427,PBSAP-15,W4402140654,2.0,"{""grade"": 2, ""reason"": ""It is a Philippine study of a sustainable natural-resource supply chain (bamboo in Bukidnon) with responsible harvesting and sustainable cultivation, which partly overlaps the goal's sustainable production theme, but it does not address ESG frameworks, biodiversity disclosure, or agribusiness policy instruments.""}",1791560961.1945758
P00428,PBSAP-01,W4392295675,2.0,"{""grade"": 2, ""reason"": ""The paper presents a participatory, geoinformatics land use planning tool for land degradation neutrality, which partly matches the goal's spatial planning focus. However, it addresses land degradation rather than biodiversity-inclusive planning, and it was piloted in Tunisia and Burkina Faso, not the Philippines.""}",1791560963.2618392
P00429,PBSAP-21,W4280544448,2.0,"{""grade"": 2, ""reason"": ""The paper proposes a standardized method for integrating natural and social science data and communicating it to decision makers, which partly relates to biodiversity information management and communication, but it does not address information systems, a knowledge platform, traditional knowledge, or Philippine-specific education and awareness.""}",1791560966.102141
P00430,PBSAP-15,S2_3cff0c31944d73e9c187c5dfa5398be262a2a695,1.0,"{""grade"": 1, ""reason"": ""The paper is a Philippine study of biodiversity and governance in the National Greening Program, a government reforestation effort, which shares themes of governance and production with the goal but does not address corporate ESG disclosure, supply chains, or agribusiness policy.""}",1791560968.139553
P00431,PBSAP-08,W4312559589,3.0,"{""grade"": 3, ""reason"": ""This Philippine study assesses climate responsiveness of DENR programs across ecosystems and recommends integrating climate-responsive policies, land use, and forest management, directly supporting the goal of climate impact minimization through ecosystem-based approaches and mainstreaming into sectoral plans.""}",1791560969.50679
P00432,PBSAP-01,W2955304591,2.0,"{""grade"": 2, ""reason"": ""The paper analyzes protected area expansion and the integration of protected areas into wider landscapes and seascapes across the like-minded megadiverse countries, which includes the Philippines, but it is a multi-country policy review rather than a Philippine-specific spatial planning study.""}",1791560971.864406
P00433,PBSAP-04,W4378447969,2.0,"{""grade"": 2, ""reason"": ""A Philippine (Mindanao) synthesis of vertebrate records, threatened species distribution, and data gaps that partly supports threatened-species monitoring and mapping, but it does not address management regimes, seed banks, wildlife rescue, or genetic resources directly.""}",1791560974.115026
P00434,PBSAP-07,W2046051800,3.0,"{""grade"": 3, ""reason"": ""A Philippine study on pesticide use, residues in soil and water, and contamination among vegetable farmers directly addresses the goal of reducing pesticide-related impacts and recommends monitoring, training, IPM, and alternatives that could help meet the target.""}",1791560975.445782
P00435,PBSAP-22,W7126074537,3.0,"{""grade"": 3, ""reason"": ""This Philippine study directly examines local community participation in mangrove forest management, including the drivers of participation and recommendations for enhancing local involvement, which closely matches the goal of meaningful IPLC participation in biodiversity management.""}",1791560976.5991838
P00436,PBSAP-08,W4353005001,3.0,"{""grade"": 3, ""reason"": ""This Philippine study directly addresses climate change adaptation and resilience through ecosystem-based adaptation in forests and marine ecosystems, which bears directly on the goal of minimizing climate impacts through nature-based solutions.""}",1791560978.31439
P00437,PBSAP-21,W4408886430,2.0,"{""grade"": 2, ""reason"": ""The paper directly examines indigenous knowledge systems and their transmission in Mindanao, which matches the goal's traditional knowledge theme, but it is only partly Philippine (Java is also studied) and does not address information systems, accessibility, or biodiversity education programs.""}",1791560981.180474
P00438,PBSAP-09,W7212125727,3.0,"{""grade"": 3, ""reason"": ""This Philippine study consolidates CITES legal trade and DENR/PCSD confiscation records, directly informing monitoring of wildlife trade, illegal trade enforcement, and the sustainability of wild harvest that the goal addresses.""}",1791560982.992865
P00439,PBSAP-13,W7166862734,1.0,"{""grade"": 1, ""reason"": ""It is a Philippine study of indigenous forest management and social forestry that mentions indigenous knowledge systems, but it does not address genetic resources, benefit sharing, or access and benefit-sharing arrangements, so it would not really help with this goal.""}",1791560984.766837
P00440,PBSAP-16,W4352984548,2.0,"{""grade"": 2, ""reason"": ""A Philippine food-system vision that promotes responsible consumption, circular practices, and waste reduction, which overlaps with the goal, but it does not address policy instruments or the specific SCP actions the goal describes.""}",1791560988.114698
P00441,PBSAP-17,W7117365149,2.0,"{""grade"": 2, ""reason"": ""The review is about transgenic crop research in Indonesia and ASEAN, not specifically Philippine biosafety, but it partly addresses the goal by noting regulatory constraints and the need to strengthen regulatory frameworks for GM crops.""}",1791560989.986628
P00442,PBSAP-17,W4306927827,2.0,"{""grade"": 2, ""reason"": ""The review examines the risks and uncertainties of applying synthetic biology to biodiversity, which partly informs biotechnology impact management, but it is global rather than Philippine and does not address biosafety laws, regulations, or their implementation.""}",1791560992.341983
P00443,PBSAP-23,W4413342621,2.0,"{""grade"": 2, ""reason"": ""This is a Philippine study on women's roles in household water conservation and gender-inclusive water management, which touches on the goal's gender and biodiversity-resource themes, but it does not directly address representation or participation in biodiversity decision-making or access to justice and information.""}",1791560994.80322
P00444,PBSAP-12,W4412040795,1.0,"{""grade"": 1, ""reason"": ""The paper is a Philippine review of the National Greening Program, a rural and upland reforestation effort, so it shares the 'greening' theme but does not address urban green or blue spaces or public accessibility to them.""}",1791560997.052897
P00445,PBSAP-22,W7153338599,3.0,"{""grade"": 3, ""reason"": ""The paper directly examines gender equity, local participation, and benefit-sharing in restoration projects, and it includes Philippine cases, so it could inform the goal's participation and inclusion targets.""}",1791561000.432106
P00446,PBSAP-22,W3027970443,3.0,"{""grade"": 3, ""reason"": ""This Philippine study directly examines local community participation in mangrove restoration and its effects on social capital, access to information, and livelihoods, which directly supports the goal of meaningful IPLC participation in biodiversity management.""}",1791561001.765344
P00447,PBSAP-07,W7116656793,3.0,"{""grade"": 3, ""reason"": ""A Philippine study on rice farmers' awareness and practices of safe pesticide use directly addresses the goal's pesticide-related impacts and calls for farmer training, extension services, and policy implementation that the target relies on.""}",1791561002.8894
P00448,PBSAP-23,W4407340918,2.0,"{""grade"": 2, ""reason"": ""This is a Philippine study on how gender norms and social stratifiers shape community participation in a water access project, which partly touches the goal's gender-responsive participation theme, but it addresses health and water access rather than biodiversity decision-making, representation, or access to justice and information.""}",1791561005.0588522
P00449,PBSAP-21,W2760625140,1.0,"{""grade"": 1, ""reason"": ""The paper concerns expert selection and co-creation in an African IPBES assessment, which shares broad themes of biodiversity knowledge and science-policy but does not address biodiversity information systems, data accessibility, or education in the Philippines.""}",1791561007.091548
P00450,PBSAP-23,W7203732379,3.0,"{""grade"": 3, ""reason"": ""A Philippine study directly assessing gender responsiveness, staffing gender imbalances, and women-empowerment programs in protected area management, which bears directly on gender-equitable participation in biodiversity decision-making and monitoring.""}",1791561008.1602619
P00451,PBSAP-12,W2129804178,2.0,"{""grade"": 2, ""reason"": ""It is a Philippine study of a city-level tree planting and forest cover increase in Puerto Princesa, which relates to urban green space, but it focuses on forest cover and community forest management rather than public access to urban green or blue spaces.""}",1791561010.1629739
P00452,PBSAP-08,W4365502957,2.0,"{""grade"": 2, ""reason"": ""It is a Philippine study on Indigenous Mamanwas' climate adaptation through local knowledge and social capital, which partly matches the goal's indigenous knowledge and climate-impact elements, but it does not address nature-based solutions, ecosystems, or disaster risk reduction through ecosystems.""}",1791561012.094482
P00453,PBSAP-13,W1600819951,1.0,"{""grade"": 1, ""reason"": ""The paper is a Philippine-inclusive study of plant breeding capacity and genetic resource use in agriculture, but it does not address access, benefit sharing, traditional knowledge, or ABS governance, so it would not really help someone working on this goal.""}",1791561014.220166
P00454,PBSAP-18,W2984343842,1.0,"{""grade"": 1, ""reason"": ""The paper is a Philippine study of REDD+ carbon-finance benefits for smallholders, which touches on incentive mechanisms, but it does not address identifying, reforming, or eliminating harmful subsidies, so it would not really help someone working on this goal.""}",1791561017.260065
P00455,PBSAP-12,W4401069513,2.0,"{""grade"": 2, ""reason"": ""The paper addresses urban green spaces and recommends integrating green infrastructure networks into urban planning, which partly relates to the goal, but it focuses on bat diversity in Costa Rica rather than public access to green and blue spaces, and it is not a Philippine study.""}",1791561019.275024
P00456,PBSAP-01,W2051651993,0.0,"{""grade"": 0, ""reason"": ""The paper is a general editorial about the journal Land and the importance of land as a natural resource, with no Philippine focus and no content on biodiversity-inclusive spatial planning, protected areas, or land/sea use planning.""}",1791561020.604112
P00457,PBSAP-04,W4220813165,2.0,"{""grade"": 2, ""reason"": ""The paper assesses threats to threatened, endemic amphibians, birds and mammals and identifies restoration opportunities at a subnational level, which partly informs threatened-species assessment and conservation planning, but it is about India rather than the Philippines and does not address genetic diversity, seed banks, or wildlife rescue.""}",1791561022.403557
P00458,PBSAP-09,W7217033531,2.0,"{""grade"": 2, ""reason"": ""It is a Philippine review that covers illegal wildlife trade and illegal fishing and identifies weak law enforcement as a key problem, which relates to the goal's enforcement actions. However, it is a broad review of environmental crime and does not address sustainable harvest limits, quotas, or harvest control rules directly.""}",1791561024.8044531
P00459,PBSAP-17,W3093563774,1.0,"{""grade"": 1, ""reason"": ""The paper addresses agricultural land use, trade, and biodiversity threats in the Philippines, which only loosely touches the goal, but it says nothing about biotechnology, GMOs, or biosafety regulation.""}",1791561027.929684
