pair_id,topic_id,doc_id,grade,raw,ts
P00000,PBSAP-17,W1885296745,3.0,"{""grade"": 3, ""reason"": ""This paper directly discusses the implementation and costs of biosafety regulations for biotechnology in the Philippines, specifically referencing relevant laws, agencies, and genetically modified organisms, making it highly relevant to the goal.""}",1791561030.963972
P00001,PBSAP-02,W7117240352,2.0,"{""grade"": 2, ""reason"": ""The paper provides relevant insights into community responses and restoration strategies for land degradation, which could inform ecosystem restoration efforts in the Philippines, but it is based on Ethiopian case studies rather than Philippine contexts.""}",1791561032.38538
P00002,PBSAP-13,W4412044687,2.0,"{""grade"": 2, ""reason"": ""The paper discusses equitable governance and benefit-sharing in conservation areas globally, which is relevant to the goal, but it does not focus specifically on genetic resources or the Philippine context.""}",1791561033.7185311
P00003,PBSAP-05,W4379365480,3.0,"{""grade"": 3, ""reason"": ""This paper directly studies the harvest and use of wild species in the Philippines, providing data on species harvested, traditional practices, and threats, which is highly relevant for meeting and monitoring the goal.""}",1791561035.090278
P00004,PBSAP-05,W2279736519,3.0,"{""grade"": 3, ""reason"": ""The paper directly discusses the harvest and trade of wild species (trepang) in the Philippines, including regulatory and management issues, which is highly relevant to the goal.""}",1791561037.0918012
P00005,PBSAP-17,W4402971859,3.0,"{""grade"": 3, ""reason"": ""The paper directly addresses local perspectives, regulatory challenges, and the need for biosafety measures regarding GM crops in the Philippines, providing insights relevant to managing biotechnology impacts and implementing biosafety regulations.""}",1791561039.5257869
P00006,PBSAP-04,W2542377898,3.0,"{""grade"": 3, ""reason"": ""The paper develops and applies a method for setting landscape management targets for threatened species in the Philippines, directly supporting improved governance and management regimes for species and genetic diversity as outlined in the goal.""}",1791561041.187872
P00007,PBSAP-01,W4413449508,3.0,"{""grade"": 3, ""reason"": ""This paper directly evaluates OECMs in the Philippines, discusses their effectiveness, and addresses the need for improved policy and planning, making it highly relevant to the goal of biodiversity-inclusive spatial analysis and planning.""}",1791561042.621071
P00008,PBSAP-16,W7217033531,2.0,"{""grade"": 2, ""reason"": ""The paper discusses environmental crime in the Philippines, including waste management violations, which is indirectly relevant to unsustainable consumption but does not directly address policy instruments or strategies for promoting sustainable consumption and production.""}",1791561044.156562
P00009,PBSAP-06,W859661940,1.0,"{""grade"": 1, ""reason"": ""The paper focuses on biodiversity monitoring and conservation in a Philippine protected area but does not address invasive alien species or their management.""}",1791561045.087945
P00010,PBSAP-12,W2779613575,3.0,"{""grade"": 3, ""reason"": ""The paper includes an in-depth case study of Manila, Philippines, focusing on green infrastructure planning and urban resilience, directly informing efforts to increase access to green and blue spaces in Philippine cities.""}",1791561046.3847392
P00011,PBSAP-16,W2929380377,2.0,"{""grade"": 2, ""reason"": ""The paper is relevant as it addresses global patterns of unsustainable consumption (commercial harvesting), but it does not focus on the Philippines or policy instruments for sustainable consumption.""}",1791561047.843664
P00012,PBSAP-06,W4413743321,3.0,"{""grade"": 3, ""reason"": ""This paper directly provides comprehensive data on established non-native species in the Philippines, which is essential for monitoring, managing, and reducing the spread of invasive alien species as targeted by the goal.""}",1791561048.973082
P00013,PBSAP-01,W3108704521,3.0,"{""grade"": 3, ""reason"": ""The paper is directly about landscape-level spatial planning for biodiversity conservation in the Philippines, addressing land use policy frameworks and stakeholder coordination, which aligns closely with the goal.""}",1791561050.282449
P00014,PBSAP-21,W4406673699,3.0,"{""grade"": 3, ""reason"": ""The paper directly addresses the documentation, preservation, and integration of traditional ecological knowledge in the Philippines, aligning closely with the goal's focus on knowledge systems, education, and information accessibility for biodiversity.""}",1791561051.632365
P00015,PBSAP-11,W4389520227,2.0,"{""grade"": 2, ""reason"": ""The paper discusses the impacts of climate change and extreme events on Philippine forest ecosystems and mitigation strategies, which is relevant to the goal, but it does not specifically address post-disaster needs assessments, ecosystem service valuation, or detailed resilience actions in protected areas.""}",1791561053.03881
P00016,PBSAP-17,S2_e4a23859e6ca4f6beef2554ec6907efddb5a2b3c,3.0,"{""grade"": 3, ""reason"": ""This paper directly analyzes the biosafety regulatory approach, governance, and implementation of biosafety measures for GM crops in the Philippines, addressing the agencies, laws, and challenges central to the goal.""}",1791561054.309526
P00017,PBSAP-16,W4414186735,3.0,"{""grade"": 3, ""reason"": ""This paper directly addresses policy, economic, and organizational aspects of sustainable consumption in the Philippine aviation sector, providing actionable insights for policy instruments and inter-agency coordination relevant to the goal.""}",1791561055.421592
P00018,PBSAP-09,W4401530171,2.0,"{""grade"": 2, ""reason"": ""The paper discusses benefit-sharing and stakeholder engagement in sustainable forest management (REDD+) in Nepal, which is conceptually relevant but not directly about Philippine wildlife harvesting or fisheries regulations.""}",1791561056.484908
P00019,PBSAP-02,W4409253631,2.0,"{""grade"": 2, ""reason"": ""The paper provides relevant insights and methodologies for participatory forest restoration and ecosystem rehabilitation, but it is based in Nepal and not directly about the Philippines.""}",1791561057.7768042
P00020,PBSAP-21,W3135220306,2.0,"{""grade"": 2, ""reason"": ""The paper discusses regional efforts to improve biodiversity information systems, capacity building, and data accessibility, which are relevant but only indirectly applicable to the Philippine-specific goal.""}",1791561059.00797
P00021,PBSAP-15,S2_c36bf128e23f55df3360d1138fbaa3262a856ad7,2.0,"{""grade"": 2, ""reason"": ""The paper discusses environmental governance and policy instruments for marine plastic waste management in the Philippines, which is relevant to sustainable production and supply chains, but it does not directly address ESG frameworks or biodiversity-specific reporting.""}",1791561060.646411
P00022,PBSAP-04,W4378214736,3.0,"{""grade"": 3, ""reason"": ""The paper directly synthesizes biodiversity data for birds and mammals in Mindanao, identifies conservation priorities, and highlights the need for targeted management of threatened and endemic species, which aligns closely with the goal of active management of species and genetic diversity in the Philippines.""}",1791561062.077598
P00023,PBSAP-01,W4411101325,2.0,"{""grade"": 2, ""reason"": ""The paper discusses spatial planning for biodiversity conservation and includes the Philippines in its analysis, but it is a global comparative study and does not focus specifically on Philippine land and sea use planning or management plan integration.""}",1791561063.590044
P00024,PBSAP-05,W2786268704,3.0,"{""grade"": 3, ""reason"": ""The paper directly evaluates the impact of a harvest control policy (closed fishing season) on fisheries in the Philippines, providing evidence relevant to sustainable harvest, regulation, and policy effectiveness as outlined in the goal.""}",1791561064.864277
P00025,PBSAP-06,W4400691459,3.0,"{""grade"": 3, ""reason"": ""This paper directly addresses invasive alien species management in a Philippine protected area, providing insights and recommendations highly relevant to reducing IAS spread in priority sites.""}",1791561066.0712802
P00026,PBSAP-14,W4412506907,2.0,"{""grade"": 2, ""reason"": ""The paper is about mainstreaming climate change adaptation (not biodiversity) into urban planning in Metro Manila, which is relevant to mainstreaming approaches and policy integration, but only indirectly addresses biodiversity.""}",1791561067.402527
P00027,PBSAP-20,W4412040795,2.0,"{""grade"": 2, ""reason"": ""The paper discusses policy frameworks, community participation, and capacity-related challenges in the National Greening Program, which are relevant to capacity building, but it does not directly address mechanisms or programs for capacity building and technology transfer as outlined in the goal.""}",1791561069.247571
P00028,PBSAP-20,W2159619626,2.0,"{""grade"": 2, ""reason"": ""The paper discusses capacity building and leadership development relevant to environmental management, but focuses on water and is not specific to the Philippines or biodiversity.""}",1791561070.5807931
P00029,PBSAP-22,W2966015057,3.0,"{""grade"": 3, ""reason"": ""The paper directly addresses the social science aspects of biodiversity conservation in the Cordillera, Northern Philippines, including issues of participation, decision-making, and partnerships relevant to IPLCs.""}",1791561072.010476
P00030,PBSAP-13,W1567522067,3.0,"{""grade"": 3, ""reason"": ""The paper directly analyzes how international treaties relevant to access and benefit sharing (ABS) impact Philippine agricultural R&D, providing insights and frameworks highly relevant to achieving fair and equitable benefit sharing from genetic resources in the Philippines.""}",1791561073.341723
P00031,PBSAP-04,W4399813296,2.0,"{""grade"": 2, ""reason"": ""The paper discusses genetic resource management and conservation of jackfruit, including in the Philippines, but is not focused specifically on Philippine governance or management regimes.""}",1791561074.570783
P00032,PBSAP-02,W2485532749,2.0,"{""grade"": 2, ""reason"": ""The paper discusses a restoration tool for degraded coral reefs that is relevant to ecosystem restoration, but it is not specific to the Philippines and does not address the full range of ecosystems or the national context.""}",1791561075.799028
P00033,PBSAP-21,W4400344315,2.0,"{""grade"": 2, ""reason"": ""The paper discusses knowledge sharing, capacity building, and information exchange among stakeholders in the Philippines, which is relevant to the goal, but focuses on flood risk management rather than biodiversity information systems specifically.""}",1791561077.13055
P00034,PBSAP-21,W4401176757,3.0,"{""grade"": 3, ""reason"": ""The paper directly addresses the integration, accessibility, and practical application of Indigenous Knowledge Systems and Practices (IKSP) in the Philippines, aligning closely with the goal of improving knowledge platforms, education, and information accessibility for biodiversity.""}",1791561078.461879
P00035,PBSAP-12,W2922249169,2.0,"{""grade"": 2, ""reason"": ""The paper discusses urban design and proposes green urbanism solutions in Manila, which is relevant to increasing access to green and blue spaces, but its main focus is on lighting and acoustics rather than directly on green/blue space expansion or management.""}",1791561079.8955588
P00036,PBSAP-08,W4389192956,2.0,"{""grade"": 2, ""reason"": ""The paper discusses climate change adaptation and disaster risk reduction in the Asia-Pacific, including the Philippines, and highlights nature-based and governance solutions, but is not focused specifically on Philippine protected areas or indigenous practices.""}",1791561081.270326
P00037,PBSAP-20,S2_990a41e1730e061b73c74bc9403d47118f99ac85,3.0,"{""grade"": 3, ""reason"": ""The paper directly assesses capacity building and partnership needs for community-based forest management in the Philippines, offering recommendations highly relevant to strengthening capacity building and development as outlined in the goal.""}",1791561083.070519
P00038,PBSAP-13,W4406748347,3.0,"{""grade"": 3, ""reason"": ""The paper directly addresses the economic valuation and equitable management of genetic resources in a Philippine protected area, with recommendations for benefit-sharing schemes involving local and indigenous communities, aligning closely with the goal.""}",1791561084.375602
P00039,PBSAP-13,W4400131744,2.0,"{""grade"": 2, ""reason"": ""The paper discusses equitable approaches to international wildlife trade, which is related to benefit-sharing and rights, but does not directly address genetic resources or ABS in the Philippine context.""}",1791561085.732239
P00040,PBSAP-11,S2_72af8f91f72219fb6ee1a04da907fab2b4993018,2.0,"{""grade"": 2, ""reason"": ""The paper discusses air quality and environmental impacts relevant to resilience and hazards in Southeast Asia, including the Philippines, but does not directly address ecosystem-based disaster assessments or valuation in Philippine protected areas.""}",1791561086.964716
P00041,PBSAP-08,S2_63859ccddaac7e2b835e6ec440b0dfbac2a00829,3.0,"{""grade"": 3, ""reason"": ""This paper directly addresses climate change impacts and nature-based solutions (mangrove conservation) in the Philippines, providing insights and frameworks highly relevant to minimizing climate change impacts as outlined in the goal.""}",1791561088.395018
P00042,PBSAP-15,W4289263581,3.0,"{""grade"": 3, ""reason"": ""The paper directly reviews Philippine socioecological production landscapes, discusses sustainable management, governance, and future directions relevant to integrating biodiversity into production systems, which aligns closely with the goal of sustainable production and supply chains with biodiversity considerations.""}",1791561089.783419
P00043,PBSAP-02,W4399385125,3.0,"{""grade"": 3, ""reason"": ""This paper directly examines mangrove restoration projects in the Philippines, focusing on factors critical to successful ecosystem rehabilitation, making it highly relevant to the goal of restoring degraded ecosystems.""}",1791561090.954697
P00044,PBSAP-06,W3014575520,2.0,"{""grade"": 2, ""reason"": ""The paper discusses the impact of invasive alien species on native aquatic species in the Philippines and relevant legal frameworks, but focuses mainly on reviving native species rather than directly addressing the reduction or management of invasive alien species.""}",1791561092.083531
P00045,PBSAP-02,W7124709407,3.0,"{""grade"": 3, ""reason"": ""This paper directly monitors mangrove ecosystem restoration in the Philippines, providing data and methodologies highly relevant for meeting and tracking the ecosystem restoration goal.""}",1791561093.412697
P00046,PBSAP-04,W4405260881,2.0,"{""grade"": 2, ""reason"": ""The paper discusses general principles and strategies for bioresource management, including species management and governance, but does not focus specifically on the Philippines or provide direct data or case studies relevant to the PBSAP goal.""}",1791561094.641919
P00047,PBSAP-10,W2562713321,3.0,"{""grade"": 3, ""reason"": ""The paper directly addresses sustainable management of agriculture and forestry in the Philippines, focusing on innovative, biodiversity-friendly agroforestry systems that improve productivity and resilience in upland areas.""}",1791561095.666365
P00048,PBSAP-09,W7167346898,3.0,"{""grade"": 3, ""reason"": ""The paper directly addresses sustainable fisheries management, law enforcement, compliance with fisheries laws, and community engagement in the Philippines, all of which are central to the goal.""}",1791561096.712796
P00049,PBSAP-03,W4393091680,3.0,"{""grade"": 3, ""reason"": ""The paper directly discusses the ecology, biodiversity, and management challenges of major Philippine inland water bodies, providing relevant insights for effective conservation and management of protected areas as targeted by the goal.""}",1791561097.9181771
P00050,PBSAP-06,W4380536720,2.0,"{""grade"": 2, ""reason"": ""The paper reviews detection and management methods for freshwater invasive alien species in Southeast Asia, which is relevant and informative for the Philippine goal but not specific to the Philippines.""}",1791561099.147219
P00051,PBSAP-18,W4412040795,2.0,"{""grade"": 2, ""reason"": ""The paper reviews policy frameworks and governance of a major Philippine environmental program, which is relevant to understanding incentives and their impacts, but does not directly address the elimination or repurposing of harmful subsidies or incentives.""}",1791561100.275592
P00052,PBSAP-08,W4284688108,2.0,"{""grade"": 2, ""reason"": ""The paper analyzes climate change impacts on agriculture and fisheries in the Philippines and other countries, providing relevant context for vulnerability assessments but does not focus on nature-based solutions or management plans specific to the goal.""}",1791561101.436919
P00053,PBSAP-10,S2_73f716bcd75ca1277643bfbc32c4c5b073ba7e31,3.0,"{""grade"": 3, ""reason"": ""The paper is directly about climate-smart agriculture initiatives in the Philippines, which aligns closely with the goal of promoting sustainable, biodiversity-friendly agricultural practices and improving resilience in agriculture.""}",1791561102.404174
P00054,PBSAP-20,W4414186735,2.0,"{""grade"": 2, ""reason"": ""The paper discusses capacity building and policy mechanisms relevant to sustainability in the Philippine aviation sector, which is indirectly related to the goal of strengthening capacity building for biodiversity, but it is not directly focused on biodiversity conservation or the specific stakeholders outlined in the goal.""}",1791561103.550994
P00055,PBSAP-11,W3175313232,3.0,"{""grade"": 3, ""reason"": ""This paper directly assesses post-disaster ecosystem recovery in a Philippine protected area using remote sensing, providing valuable data and methods for monitoring resilience and informing PDNA protocols as outlined in the goal.""}",1791561104.576306
P00056,PBSAP-11,S2_30ad9a5f2c59699fda79655f922e51ea144395d2,3.0,"{""grade"": 3, ""reason"": ""The paper directly assesses ecosystem vulnerability and resilience to hazards in a Philippine coastal area, providing baseline data and recommendations relevant to disaster risk reduction and ecosystem management as outlined in the goal.""}",1791561106.9501991
P00057,PBSAP-12,W2981929374,3.0,"{""grade"": 3, ""reason"": ""The paper directly analyzes green infrastructure planning in Manila, Philippines, with a focus on increasing access to green spaces and provides tools and insights highly relevant to achieving the PBSAP goal.""}",1791561108.078182
P00058,PBSAP-02,W3171163790,3.0,"{""grade"": 3, ""reason"": ""The paper directly studies a Philippine mangrove species' adaptation to pollution and discusses its implications for ecosystem restoration, providing relevant information for restoration planning and implementation in degraded coastal ecosystems.""}",1791561109.2861
P00059,PBSAP-22,W4401485438,3.0,"{""grade"": 3, ""reason"": ""This paper directly examines community participation in biodiversity management decision-making in the Philippines, specifically within CBFM, and discusses the need for more inclusive strategies, making it highly relevant to the goal.""}",1791561110.820634
P00060,PBSAP-12,W7128514123,3.0,"{""grade"": 3, ""reason"": ""This paper directly documents an urban green space in the Philippines, highlights its biodiversity value, and provides data that could support the expansion, protection, and public accessibility of green spaces as called for in the goal.""}",1791561112.218421
P00061,PBSAP-08,S2_9b108644d1ea3f019ed8b5aee0a17c5f7e9664f8,2.0,"{""grade"": 2, ""reason"": ""The paper discusses adaptation and mitigation strategies for climate change, including a section on adaptation of fishing communities in the Philippines, but most content is global or from other countries and does not focus specifically on nature-based solutions or ecosystem-based approaches in the Philippines.""}",1791561113.381275
P00062,PBSAP-04,W4408882630,3.0,"{""grade"": 3, ""reason"": ""This paper directly assesses the genetic diversity of a native crop (abaca) in the Philippines and provides information useful for conservation, management, and genetic resource utilization, aligning closely with the goal.""}",1791561114.4643378
P00063,PBSAP-14,W3148798085,1.0,"{""grade"": 1, ""reason"": ""The paper is about mainstreaming gender in REDD+ policies, not biodiversity, and while it shares the concept of mainstreaming in environmental policy, it would not directly help someone working on mainstreaming biodiversity in the Philippines.""}",1791561115.641622
P00064,PBSAP-20,W2884937716,2.0,"{""grade"": 2, ""reason"": ""The paper discusses capacity building and science-policy engagement relevant to biodiversity goals, but focuses on climate-smart agriculture and is not specific to the Philippines.""}",1791561117.16936
P00065,PBSAP-03,W4412183575,3.0,"{""grade"": 3, ""reason"": ""This paper directly addresses the identification and prioritization of terrestrial Key Biodiversity Areas in the Philippines using geospatial analysis, providing actionable insights for expanding and managing protected and conserved areas to meet the 30% land and sea conservation target.""}",1791561118.398829
P00066,PBSAP-04,W3204525239,2.0,"{""grade"": 2, ""reason"": ""The paper analyzes global patterns of sustainable and unsustainable use of wild species using IUCN Red List data, which is relevant to species management and monitoring but does not focus specifically on the Philippines.""}",1791561119.422328
P00067,PBSAP-03,W3203944886,3.0,"{""grade"": 3, ""reason"": ""This paper provides baseline data and monitoring information directly relevant to the effective management and conservation of marine protected areas in the Philippines, supporting the goal of expanding and managing protected coastal and marine areas.""}",1791561121.063735
P00068,PBSAP-20,W4407191573,2.0,"{""grade"": 2, ""reason"": ""The paper discusses capacity building and technology use for DENR and LGUs in forest management, which is relevant but only partially addresses the broader, multi-sectoral capacity-building goal of the PBSAP.""}",1791561122.387012
P00069,PBSAP-20,W7165360961,2.0,"{""grade"": 2, ""reason"": ""The paper discusses capacity challenges and opportunities in community-based forest management relevant to capacity building, but it is not specific to the Philippines.""}",1791561123.70393
P00070,PBSAP-01,W7216180733,3.0,"{""grade"": 3, ""reason"": ""The paper directly evaluates protected area management effectiveness in the Philippines using the METT tool, discusses spatial planning, stakeholder involvement, and management interventions, all of which are central to the goal.""}",1791561124.9697049
P00071,PBSAP-18,S2_53ff6bdd80a4c6f886e3747aef1a322d729f3e1a,2.0,"{""grade"": 2, ""reason"": ""The paper discusses the evaluation of incentives in the National Greening Program and suggests revisions to incentives for reforestation, which is relevant to the goal of repurposing harmful incentives, but it does not directly address the elimination or redirection of subsidies with negative environmental impacts.""}",1791561126.590784
P00072,PBSAP-01,W2542377898,3.0,"{""grade"": 3, ""reason"": ""The paper develops spatially explicit methods for landscape-level biodiversity conservation in the Philippines, directly supporting biodiversity-inclusive spatial analysis and planning as required by the goal.""}",1791561127.925626
P00073,PBSAP-05,W4382752600,3.0,"{""grade"": 3, ""reason"": ""This paper directly addresses the provenance of traded wildlife in the Philippines and provides methods that can help enforce regulations and combat illegal trade, which is central to the goal.""}",1791561129.151121
P00074,PBSAP-04,W3016904115,2.0,"{""grade"": 2, ""reason"": ""The paper discusses the need for robust species goals in global biodiversity frameworks, which is conceptually relevant to the PBSAP goal, but it is not specific to the Philippines or its species management actions.""}",1791561130.35726
P00075,PBSAP-04,W4417227324,2.0,"{""grade"": 2, ""reason"": ""The paper is relevant as it discusses the identification and prioritization of wetland sites for migratory bird conservation in the East Asian-Australasian Flyway, which includes the Philippines, but it is not directly focused on Philippine species or management regimes.""}",1791561131.9154382
P00076,PBSAP-22,W4385536703,3.0,"{""grade"": 3, ""reason"": ""The paper directly examines the participation of local people in biodiversity management decision-making in the Philippines, assesses barriers to meaningful engagement, and provides recommendations for improving participatory processes, aligning closely with the goal.""}",1791561133.129159
P00077,PBSAP-07,W4407507071,2.0,"{""grade"": 2, ""reason"": ""The paper is directly about pollution in a Philippine river and discusses monitoring and remediation, but it focuses on domestic and urban waste rather than nutrient run-off or pesticide-related impacts from agriculture.""}",1791561134.6674309
P00078,PBSAP-07,W2352073799,2.0,"{""grade"": 2, ""reason"": ""The paper is about pesticide use, its impacts, and farmer knowledge in Hainan, China, which is relevant to pollution reduction in agriculture but not directly about the Philippines.""}",1791561135.807113
P00079,PBSAP-09,W3009126446,3.0,"{""grade"": 3, ""reason"": ""This paper directly addresses the sustainable use, trade, monitoring, and regulation of a wildlife species (seahorses) in the Philippines, providing data and recommendations highly relevant to achieving the PBSAP goal on sustainable use and benefit-sharing.""}",1791561137.5478132
P00080,PBSAP-21,W4406621510,3.0,"{""grade"": 3, ""reason"": ""The paper directly addresses the development of a biodiversity information system in the Philippines, enhancing data management, accessibility, and stakeholder collaboration, which aligns closely with the goal.""}",1791561138.777628
P00081,PBSAP-20,W7128442380,3.0,"{""grade"": 3, ""reason"": ""The paper directly addresses capacity-building and empowerment of women in biodiversity conservation in the Philippines, discusses barriers to participation, and recommends gender-responsive strategies and capacity-building programs, making it highly relevant to the goal.""}",1791561140.82471
P00082,PBSAP-07,W4389547166,3.0,"{""grade"": 3, ""reason"": ""The paper directly investigates the effects of nutrient pollution (phosphate and zinc) on ecosystem components in Philippine mangroves, providing insights relevant to monitoring and understanding pollution impacts as targeted by the goal.""}",1791561142.2071838
P00083,PBSAP-06,W4411240772,2.0,"{""grade"": 2, ""reason"": ""The paper is directly about invasive alien species management and strategies to reduce their impact, which is relevant to the goal, but it focuses on the EU rather than the Philippines.""}",1791561143.4053152
P00084,PBSAP-04,W2120351078,2.0,"{""grade"": 2, ""reason"": ""The paper discusses the need for improved management and metrics for protected areas to safeguard species and genetic diversity, which is relevant but only indirectly supports the specific Philippine-focused actions in the goal.""}",1791561144.753883
P00085,PBSAP-06,W7164405707,1.0,"{""grade"": 1, ""reason"": ""The paper discusses devolved forest management in the Philippines but does not address invasive alien species or related management strategies.""}",1791561146.099408
P00086,PBSAP-21,W2050101688,2.0,"{""grade"": 2, ""reason"": ""The paper discusses the integration of scientific and indigenous knowledge into global biodiversity information systems and decision-making, which is relevant to the goal, but it is not specific to the Philippines.""}",1791561147.890395
P00087,PBSAP-04,W2909723494,2.0,"{""grade"": 2, ""reason"": ""The paper is relevant as it discusses in situ and ex situ conservation of crop wild relatives and genetic diversity, but it focuses on the Mediterranean and West Asia, not the Philippines.""}",1791561148.9875011
P00088,PBSAP-22,W7128442380,3.0,"{""grade"": 3, ""reason"": ""The paper directly examines the participation of women (a key IPLC group) in biodiversity decision-making in the Philippines, identifies barriers, and recommends capacity-building and inclusive governance, aligning closely with the goal.""}",1791561150.416485
P00089,PBSAP-20,W4389287604,2.0,"{""grade"": 2, ""reason"": ""The paper discusses capacity building and institutional strengthening for nature conservation at the village level, which is relevant to the goal, but it is based in Indonesia and not directly about the Philippines.""}",1791561151.720605
P00090,PBSAP-09,W2313622369,3.0,"{""grade"": 3, ""reason"": ""This paper directly addresses the status, management, and stakeholder engagement in Philippine capture fisheries, providing evidence and recommendations highly relevant to sustainable use, benefit-sharing, and enforcement under the PBSAP goal.""}",1791561153.248972
P00091,PBSAP-14,W2126404776,2.0,"{""grade"": 2, ""reason"": ""The paper is about mainstreaming adaptation into development planning, which is conceptually similar to biodiversity mainstreaming, but it focuses on climate change in Bangladesh rather than biodiversity in the Philippines.""}",1791561154.2396228
P00092,PBSAP-20,W2890002464,2.0,"{""grade"": 2, ""reason"": ""The paper is focused on capacity building in flood management, including a case study in Manila, Philippines, and discusses institutional, organizational, and individual capacity, which is relevant but only indirectly supports the broader biodiversity capacity-building goal.""}",1791561155.318256
P00093,PBSAP-09,W3204525239,2.0,"{""grade"": 2, ""reason"": ""The paper provides global insights on sustainable and unsustainable use of wild species and management actions, which can inform Philippine policy but does not focus specifically on the Philippines.""}",1791561156.389517
P00094,PBSAP-02,S2_9cb003ac1151047201c67ff14c3543db5c23b561,3.0,"{""grade"": 3, ""reason"": ""This paper directly reviews a century of forest rehabilitation in the Philippines, providing approaches, outcomes, and lessons highly relevant to ecosystem restoration goals.""}",1791561157.449301
P00095,PBSAP-21,W4412040795,2.0,"{""grade"": 2, ""reason"": ""The paper discusses policy frameworks, monitoring, and community participation in a major Philippine environmental program, which is relevant to information systems and knowledge sharing, but does not directly address interoperability or accessibility of biodiversity information platforms.""}",1791561159.3606951
P00096,PBSAP-18,W7214047140,3.0,"{""grade"": 3, ""reason"": ""The paper directly addresses sustainable financing, fund administration, and alternative revenue mechanisms for a Philippine protected area, providing insights and options relevant to eliminating harmful incentives and improving biodiversity-relevant funding.""}",1791561160.5880692
P00097,PBSAP-18,S2_a9d52747c36c7447c04900b4c7a3900ae1956e3f,3.0,"{""grade"": 3, ""reason"": ""The paper directly examines payment and reward schemes for environmental services in the Philippines and Asia, providing insights relevant to repurposing harmful incentives and designing alternative mechanisms that support biodiversity goals.""}",1791561161.716491
P00098,PBSAP-19,S2_990a41e1730e061b73c74bc9403d47118f99ac85,3.0,"{""grade"": 3, ""reason"": ""The paper directly discusses resource mobilization challenges and recommendations for improving funding and sustainability in Philippine community-based forest management, which aligns closely with the goal of increasing financing for biodiversity programs.""}",1791561163.659898
P00099,PBSAP-19,W2277658191,3.0,"{""grade"": 3, ""reason"": ""This paper directly addresses the potential for payment for ecosystem services (PES) to generate funding for biodiversity management in a Philippine protected area, providing empirical evidence and recommendations relevant to resource mobilization for PBSAP implementation.""}",1791561165.093724
P00100,PBSAP-14,W2342732913,3.0,"{""grade"": 3, ""reason"": ""This paper directly assesses the integration and effectiveness of biodiversity protection in Philippine policies and management, providing critical insights for mainstreaming biodiversity in government planning and sectoral processes.""}",1791561166.322639
P00101,PBSAP-07,W2402690890,2.0,"{""grade"": 2, ""reason"": ""The paper discusses reducing agricultural emissions globally, which is relevant to pollution reduction in agriculture, but it does not specifically address nutrient run-off, pesticide impacts, or the Philippine context.""}",1791561167.222522
P00102,PBSAP-13,W4400344315,1.0,"{""grade"": 1, ""reason"": ""The paper discusses stakeholder engagement and policy recommendations for flood risk management, which involves legal agreements and knowledge sharing, but does not address benefit sharing from genetic resources or ABS frameworks.""}",1791561168.472906
P00103,PBSAP-14,W7220257467,2.0,"{""grade"": 2, ""reason"": ""The paper discusses policy frameworks for environmental sustainability in a Philippine city, which is relevant to mainstreaming biodiversity, but it does not specifically address biodiversity integration.""}",1791561169.468401
P00104,PBSAP-13,W4321515620,3.0,"{""grade"": 3, ""reason"": ""The paper directly addresses capacity building, international treaties, and benefit-sharing mechanisms relevant to genetic resources in the Philippines, specifically referencing compliance and initiatives such as those by PhilRice.""}",1791561170.934129
P00105,PBSAP-08,W4205704710,3.0,"{""grade"": 3, ""reason"": ""The paper directly discusses climate change impacts in the Philippines, indigenous knowledge, and nature-based adaptation measures such as mangrove planting, aligning closely with the goal's focus on minimizing climate impacts through ecosystem-based and indigenous approaches.""}",1791561172.093687
P00106,PBSAP-15,W4403258450,2.0,"{""grade"": 2, ""reason"": ""The paper is relevant as it discusses global sustainability strategies for plastic use, recycling, and bioplastics, which are pertinent to sustainable production and supply chains, but it does not focus on the Philippines or directly address ESG frameworks or biodiversity reporting.""}",1791561173.3883572
P00107,PBSAP-21,W1593209885,2.0,"{""grade"": 2, ""reason"": ""The paper documents indigenous knowledge and raises awareness about traditional practices, which is relevant to the goal, but it does not directly address biodiversity information systems or their interoperability.""}",1791561174.3611672
P00108,PBSAP-08,W4415656728,3.0,"{""grade"": 3, ""reason"": ""The paper directly addresses nature-based solutions (agroforestry) for climate change resilience in the Philippines, discusses indigenous knowledge, and links to adaptation and mitigation, making it highly relevant to the goal.""}",1791561175.436251
P00109,PBSAP-06,S2_45eca6a156f6ef0cf8581c21b1191b05be39518b,3.0,"{""grade"": 3, ""reason"": ""This paper directly studies invasive alien plant species in a Philippine priority site, provides baseline data, and discusses management strategies, making it highly relevant to the goal of reducing IAS spread.""}",1791561176.735838
P00110,PBSAP-09,W2786268704,3.0,"{""grade"": 3, ""reason"": ""The paper directly evaluates the impact of a fisheries management policy in the Philippines, providing empirical evidence relevant to sustainable use, benefit-sharing, and regulatory enforcement as outlined in the goal.""}",1791561177.79146
P00111,PBSAP-12,W2673587905,3.0,"{""grade"": 3, ""reason"": ""The paper directly studies ecological connectivity and green space networks in Metro Manila, Philippines, providing methods and findings highly relevant to increasing access to green and blue spaces in urban areas.""}",1791561178.806446
P00112,PBSAP-23,W3148798085,2.0,"{""grade"": 2, ""reason"": ""The paper is directly about gender mainstreaming in biodiversity-related policies (REDD+), but it is not specific to the Philippines, though its findings and recommendations could inform Philippine efforts.""}",1791561180.0979042
P00113,PBSAP-14,S2_4cc97dd36db744d6958765cd23ba4f0c8215ab42,3.0,"{""grade"": 3, ""reason"": ""This paper directly reviews biodiversity assessment approaches in Philippine mining landscapes, providing essential information for mainstreaming biodiversity into extractive industry policies and practices as required by the goal.""}",1791561181.374783
P00114,PBSAP-12,W4400318614,3.0,"{""grade"": 3, ""reason"": ""The paper directly addresses sustainable urban planning in a Philippine city, discusses green infrastructure, and provides policy recommendations relevant to increasing access to green and blue spaces.""}",1791561182.624177
P00115,PBSAP-13,W2167371444,2.0,"{""grade"": 2, ""reason"": ""The paper discusses benefit-sharing and rights in community forestry, which is relevant to ABS and equitable benefit-sharing, but it does not specifically address genetic resources or ABS frameworks.""}",1791561184.446379
P00116,PBSAP-22,W2069105096,3.0,"{""grade"": 3, ""reason"": ""The paper directly examines community-based resource management, participation, and the roles of local communities and NGOs in biodiversity management on Palawan, aligning closely with the goal of equitable and meaningful participation of IPLCs in decision-making.""}",1791561185.403597
P00117,PBSAP-18,W2277658191,3.0,"{""grade"": 3, ""reason"": ""The paper directly addresses alternative incentive mechanisms (payments for environmental services) for biodiversity conservation funding in the Philippines, aligning with the goal of repurposing or introducing incentives to reduce harmful environmental impacts.""}",1791561186.59688
P00118,PBSAP-01,W3217007692,3.0,"{""grade"": 3, ""reason"": ""The paper presents a geospatial land use policy model integrating ecosystem, watershed, and land use variables, directly supporting biodiversity-inclusive spatial analysis and planning as required by the goal.""}",1791561187.6539688
P00119,PBSAP-20,W1603507857,3.0,"{""grade"": 3, ""reason"": ""The paper directly discusses capacity building and local participation in the context of biodiversity and REDD+ projects in the Philippines, providing relevant lessons for strengthening capacity-building mechanisms as outlined in the goal.""}",1791561188.850206
P00120,PBSAP-14,W4395008763,3.0,"{""grade"": 3, ""reason"": ""The paper directly addresses mainstreaming biodiversity through nature-based solutions in local government planning in the Philippines, providing strategies, readiness assessments, and recommendations highly relevant to the goal.""}",1791561189.995151
P00121,PBSAP-06,W1853248936,3.0,"{""grade"": 3, ""reason"": ""The paper develops and applies a system for assessing invasive alien plant species in the Philippines, directly supporting efforts to monitor and manage IAS as outlined in the goal.""}",1791561191.058996
P00122,PBSAP-20,S2_7542d52d104cb50b76a2b81abe4cb196e4ef3bd3,2.0,"{""grade"": 2, ""reason"": ""The paper discusses capacity development and participatory approaches with some examples from the Philippines, but it is not specifically focused on biodiversity or the PBSAP context.""}",1791561192.109324
P00123,PBSAP-07,W3161478110,2.0,"{""grade"": 2, ""reason"": ""The paper reviews integrated pest management and agroecological crop protection globally, which is relevant to reducing pesticide impacts, but it is not specific to the Philippines.""}",1791561193.347243
P00124,PBSAP-16,W4213190475,2.0,"{""grade"": 2, ""reason"": ""The paper analyzes global food system transformation archetypes and discusses unsustainable consumption and production patterns, which is relevant to the goal, but it does not focus on the Philippines or provide direct policy guidance for Philippine SCP implementation.""}",1791561195.083215
P00125,PBSAP-14,W3016904115,2.0,"{""grade"": 2, ""reason"": ""The paper discusses global biodiversity goals and frameworks relevant to mainstreaming biodiversity in policy, but it is not specific to the Philippines or directly about integration into national or sectoral planning.""}",1791561196.119223
P00126,PBSAP-17,W2218576507,3.0,"{""grade"": 3, ""reason"": ""This paper directly addresses biotechnology policy, regulation, and stakeholder engagement in the Philippines, providing insights highly relevant to managing biosafety and implementing biosafety measures.""}",1791561197.286884
P00127,PBSAP-10,W7203736561,3.0,"{""grade"": 3, ""reason"": ""This paper directly examines the implementation, benefits, and challenges of biodiversity-friendly agroforestry practices in the Philippines, aligning closely with the goal of sustainable management and promotion of such practices in agriculture and forestry.""}",1791561198.681092
P00128,PBSAP-18,S2_3cff0c31944d73e9c187c5dfa5398be262a2a695,2.0,"{""grade"": 2, ""reason"": ""The paper discusses governance and policy issues affecting biodiversity outcomes in a major Philippine program, which is relevant to reforming incentives, but does not directly address harmful subsidies or financial incentives.""}",1791561199.705518
P00129,PBSAP-09,W2808891583,2.0,"{""grade"": 2, ""reason"": ""The paper discusses the impact of international trade regulations (CITES) on shark and ray fisheries in Southeast Asia, including governance and compliance, which is relevant to sustainable use and benefit-sharing, but it is not specific to the Philippines or Philippine laws.""}",1791561201.046509
P00130,PBSAP-17,W4041787,3.0,"{""grade"": 3, ""reason"": ""This paper directly evaluates the adequacy of Philippine biosafety regulations for GM crops, providing insights highly relevant to managing biotechnology impacts and improving biosafety measures.""}",1791561202.062827
P00131,PBSAP-22,S2_990a41e1730e061b73c74bc9403d47118f99ac85,3.0,"{""grade"": 3, ""reason"": ""The paper directly assesses the participation, empowerment, and capacity-building of local people's organizations in biodiversity management in the Philippines, aligning closely with the goal of equitable IPLC participation.""}",1791561203.084602
P00132,PBSAP-10,W4402110947,3.0,"{""grade"": 3, ""reason"": ""The paper discusses indigenous pest management practices, including examples from the Philippines, directly supporting the goal of promoting biodiversity-friendly and sustainable agricultural practices.""}",1791561204.2577012
P00133,PBSAP-18,W4391256934,3.0,"{""grade"": 3, ""reason"": ""The paper directly examines the effects of subsidies and policy mixes on agricultural land use in the Philippines, providing empirical evidence relevant to evaluating and reforming incentives with environmental impacts as described in the goal.""}",1791561205.4095669
P00134,PBSAP-22,W7215025714,3.0,"{""grade"": 3, ""reason"": ""The paper directly discusses Indigenous Peoples' participation, empowerment, and ethics in environmental management, with specific reference to the Philippines, making it highly relevant to the goal.""}",1791561206.976644
P00135,PBSAP-18,W4308625497,2.0,"{""grade"": 2, ""reason"": ""The paper provides a global synthesis of the main drivers of biodiversity loss, which is relevant background for identifying harmful incentives in the Philippines, but it does not directly address Philippine subsidies or incentive reform.""}",1791561208.078402
P00136,PBSAP-06,W4386934009,3.0,"{""grade"": 3, ""reason"": ""This paper directly studies an invasive alien species in a Philippine protected area, documents its distribution, reviews current management, and highlights the need for improved strategies, making it highly relevant to the goal of reducing IAS spread in priority sites.""}",1791561209.640897
P00137,PBSAP-19,W2138277462,2.0,"{""grade"": 2, ""reason"": ""The paper discusses funding strategies, payment for ecosystem services, and public–private partnerships for sustainable land management, which are relevant to resource mobilization for biodiversity, but it is focused on China rather than the Philippines.""}",1791561210.6853209
P00138,PBSAP-21,W4393353983,3.0,"{""grade"": 3, ""reason"": ""The paper directly addresses the preservation and integration of indigenous knowledge systems in the Philippines, discusses challenges and interventions, and highlights collaboration among stakeholders, all of which are central to the goal of improving knowledge platforms and accessibility for biodiversity.""}",1791561211.98709
P00139,PBSAP-16,S2_9336575cd80f17c9df61d06d7d617f8f0d12ee65,2.0,"{""grade"": 2, ""reason"": ""The paper discusses sustainable home food production, which is relevant to promoting sustainable consumption, but it does not directly address policy instruments or broader systemic actions in the Philippines.""}",1791561213.086032
P00140,PBSAP-17,W3200111825,3.0,"{""grade"": 3, ""reason"": ""This paper directly addresses biosafety, regulatory, and management issues of biotechnology in the Philippines, specifically discussing biosafety regulations and their impacts, which is highly relevant to the goal.""}",1791561214.553638
P00141,PBSAP-05,W2808891583,2.0,"{""grade"": 2, ""reason"": ""The paper discusses the impact of international trade regulations (CITES) on shark and ray fisheries in Southeast Asia, which is relevant to the goal of regulating harvest and trade of wild species, but it is not specific to the Philippines or Philippine laws.""}",1791561215.701896
P00142,PBSAP-10,W3156975388,3.0,"{""grade"": 3, ""reason"": ""This paper directly studies agroforestry practices in Philippine watershed areas, assessing their ecological and biodiversity benefits, which is highly relevant to the goal of promoting biodiversity-friendly agricultural practices and sustainable management in agriculture and forestry.""}",1791561216.870344
P00143,PBSAP-19,W4392378610,2.0,"{""grade"": 2, ""reason"": ""The paper discusses conservation funding and return on investment for tropical field stations globally, which is relevant to resource mobilization but only indirectly applies to the Philippine context.""}",1791561218.255717
P00144,PBSAP-05,W3204525239,2.0,"{""grade"": 2, ""reason"": ""The paper provides global insights on sustainable and unsustainable use of wild species, which can inform policy and management in the Philippines, but it does not focus specifically on Philippine species or regulations.""}",1791561219.673592
P00145,PBSAP-23,W7203762891,3.0,"{""grade"": 3, ""reason"": ""This paper directly assesses gender responsiveness and participation in biodiversity management in the Philippines, providing insights and recommendations highly relevant to achieving the PBSAP gender equality goal.""}",1791561220.800164
P00146,PBSAP-19,W4410834963,2.0,"{""grade"": 2, ""reason"": ""The paper discusses funding challenges and the need for long-term financing mechanisms for biodiversity restoration projects in the Philippines, which is relevant but does not directly address resource mobilization strategies or financial tracking as outlined in the goal.""}",1791561222.745803
P00147,PBSAP-03,W4386331097,2.0,"{""grade"": 2, ""reason"": ""The paper discusses mangrove conservation policies in Southeast Asia, including the Philippines, which is relevant to protected area management, but it is not directly focused on the Philippine 30x30 conservation target or specific protected area outcomes.""}",1791561224.308387
P00148,PBSAP-09,W4400131744,2.0,"{""grade"": 2, ""reason"": ""The paper discusses international illegal wildlife trade and policy approaches, which is relevant to the goal's focus on enforcement and regulation, but it is not specific to the Philippines or its laws.""}",1791561226.013813
P00149,PBSAP-10,W4412040795,3.0,"{""grade"": 3, ""reason"": ""This paper directly reviews the implementation and outcomes of the National Greening Program in the Philippines, addressing sustainable forestry management, biodiversity-sensitive practices, and community involvement, all of which are central to the goal.""}",1791561227.45568
P00150,PBSAP-06,W2948065736,3.0,"{""grade"": 3, ""reason"": ""This paper is directly about invasive alien plant species in a Philippine protected area, providing relevant data and modeling that could help meet or monitor the goal of reducing IAS spread in priority sites.""}",1791561229.193461
P00151,PBSAP-08,W2585505791,3.0,"{""grade"": 3, ""reason"": ""The paper directly addresses indigenous knowledge and practices for climate change mitigation and adaptation in the Philippines, aligning closely with the goal's emphasis on minimizing climate impacts through ecosystem-based and indigenous approaches.""}",1791561230.425794
P00152,PBSAP-23,W4411958778,2.0,"{""grade"": 2, ""reason"": ""The paper discusses community involvement, demographic factors including gender, and inclusive strategies in biodiversity conservation in the Philippines, but does not focus specifically on gender equality or gender-responsive representation in decision-making.""}",1791561231.756783
P00153,PBSAP-07,W1793960580,3.0,"{""grade"": 3, ""reason"": ""This review directly addresses nutrient enrichment and pollution impacts on Philippine marine biodiversity, providing relevant information for monitoring and reducing pollution as outlined in the goal.""}",1791561232.780728
P00154,PBSAP-22,W2145438031,3.0,"{""grade"": 3, ""reason"": ""This paper directly examines the participation of Indigenous Peoples in biodiversity management decision-making in the Philippines, addressing barriers to meaningful involvement, which is central to the goal.""}",1791561234.028069
P00155,PBSAP-21,W4410914975,2.0,"{""grade"": 2, ""reason"": ""The paper discusses digital information systems and interoperability in Philippine agriculture, which is relevant to improving biodiversity information platforms, but focuses on plant disease and pest management rather than biodiversity knowledge systems broadly.""}",1791561235.094369
P00156,PBSAP-05,W4387972153,3.0,"{""grade"": 3, ""reason"": ""The paper directly studies online wildlife trade in the Philippines, quantifying trade in species of conservation concern, which is highly relevant for monitoring and managing harvest, trade, and use of wild species under the goal.""}",1791561236.262916
P00157,PBSAP-12,W4395008763,3.0,"{""grade"": 3, ""reason"": ""The paper directly studies the implementation of nature-based solutions in a Philippine municipality, addressing readiness, governance, and strategies relevant to expanding accessible green and blue spaces in urban planning.""}",1791561237.817732
P00158,PBSAP-10,S2_8da3451eb28c19f1de34677cbac5742ee5d12a8e,3.0,"{""grade"": 3, ""reason"": ""This paper directly addresses the environmental impacts of aquaculture in the Philippines and proposes mitigation strategies, providing highly relevant insights for sustainable management and biodiversity-friendly practices in the sector.""}",1791561239.012403
P00159,PBSAP-03,W4413449508,3.0,"{""grade"": 3, ""reason"": ""This paper directly evaluates the effectiveness of OECMs in the Philippines in the context of the 30x30 conservation target, providing evidence and recommendations highly relevant to achieving and monitoring this PBSAP goal.""}",1791561240.13428
P00160,PBSAP-19,W4385248007,2.0,"{""grade"": 2, ""reason"": ""The paper discusses financial constraints and incentives in the implementation of a major Philippine reforestation program, which is relevant to resource mobilization for biodiversity, but does not directly address financing mechanisms or funding increases at the national level.""}",1791561241.336433
P00161,PBSAP-18,W1544602039,2.0,"{""grade"": 2, ""reason"": ""The paper discusses incentive-based conservation and the complexities of replacing enforcement with incentives, which is relevant to the goal of eliminating harmful incentives, but it is not specific to the Philippines or directly about subsidy reform.""}",1791561242.504659
P00162,PBSAP-22,W2802079037,3.0,"{""grade"": 3, ""reason"": ""The paper directly addresses Indigenous Peoples' participation in biodiversity management and policy-making in the Philippines, aligning closely with the goal of equitable representation and meaningful participation of IPLCs.""}",1791561243.54961
P00163,PBSAP-10,W4417216203,3.0,"{""grade"": 3, ""reason"": ""This paper directly addresses sustainable forest management in the Philippines, evaluates ecological risks of production-oriented land uses, and recommends safeguards and monitoring relevant to achieving biodiversity-friendly forestry practices under the goal.""}",1791561244.710302
P00164,PBSAP-21,W2515998503,2.0,"{""grade"": 2, ""reason"": ""The paper discusses global biodiversity knowledge platforms, their costs, and the importance of maintaining them for decision-making, which is relevant to the goal of improving biodiversity information systems in the Philippines, but it is not specific to the Philippines.""}",1791561245.990832
P00165,PBSAP-02,W33323309,3.0,"{""grade"": 3, ""reason"": ""The paper directly addresses ecosystem restoration in the Philippines through a multi-partnership mangrove rehabilitation project, detailing strategies, stakeholder involvement, and outcomes relevant to the PBSAP goal.""}",1791561247.661348
P00166,PBSAP-18,W4395447577,2.0,"{""grade"": 2, ""reason"": ""The paper discusses global policy scenarios and trends relevant to biodiversity loss and ecosystem services, which can inform Philippine efforts to eliminate harmful incentives, but it does not specifically address Philippine subsidies or incentive structures.""}",1791561248.8731132
P00167,PBSAP-01,W4287219592,2.0,"{""grade"": 2, ""reason"": ""The paper uses geospatial techniques for land use planning and ecosystem service assessment, which is relevant to the goal, but it is focused on Bangladesh rather than the Philippines.""}",1791561251.164051
P00168,PBSAP-23,W4414510181,3.0,"{""grade"": 3, ""reason"": ""The paper directly addresses gender-responsive representation and participation in biodiversity-related decision-making in the Philippines, aligning closely with the goal.""}",1791561252.144437
P00169,PBSAP-14,S2_07a828605a8b53d56c947e9ea4e772d14de2c63e,2.0,"{""grade"": 2, ""reason"": ""The paper discusses mainstreaming biodiversity through Key Biodiversity Areas in Malaysia and references the Philippines, offering relevant approaches but not directly focused on Philippine policy integration.""}",1791561253.267982
P00170,PBSAP-16,W3204525239,2.0,"{""grade"": 2, ""reason"": ""The paper provides global insights into sustainable and unsustainable use of wild species, which can inform policy instruments for sustainable consumption, but it is not specific to the Philippines.""}",1791561254.593045
P00171,PBSAP-08,W2086040564,2.0,"{""grade"": 2, ""reason"": ""The paper develops a general model for assessing climate change vulnerability and risk, which is relevant to the goal but does not specifically address the Philippines or nature-based solutions.""}",1791561255.621859
P00172,PBSAP-07,W2169278375,3.0,"{""grade"": 3, ""reason"": ""The paper directly addresses nutrient pollution from aquaculture in the Philippines and recommends mitigation measures, which is highly relevant to the goal of reducing nutrient run-off and pollution impacts.""}",1791561256.845472
P00173,PBSAP-07,W2510889377,2.0,"{""grade"": 2, ""reason"": ""The paper is directly about reducing pesticide impacts on ecosystems through technology adoption, but it is based on data from India, not the Philippines.""}",1791561257.8694248
P00174,PBSAP-13,W3200111825,3.0,"{""grade"": 3, ""reason"": ""The paper directly addresses access to and benefit sharing of genetic resources, digital sequence information, and related regulatory and policy issues in the Philippines, making it highly relevant to the goal.""}",1791561259.200594
P00175,PBSAP-18,W20757553,2.0,"{""grade"": 2, ""reason"": ""The paper discusses economic incentives for forest conservation (REDD+) in the Philippines, which is relevant to the goal of repurposing harmful incentives, but it does not directly address the review or elimination of harmful subsidies or taxes.""}",1791561260.441472
P00176,PBSAP-19,W7214047140,3.0,"{""grade"": 3, ""reason"": ""This paper directly addresses sustainable financing mechanisms for biodiversity conservation in a Philippine protected area, providing insights and recommendations highly relevant to resource mobilization for PBSAP implementation.""}",1791561261.666207
P00177,PBSAP-04,W7134227437,2.0,"{""grade"": 2, ""reason"": ""The paper assesses protected area management effectiveness in a Philippine wetland, which is relevant to governance and management regimes for species and habitats, but does not directly address species or genetic diversity management or monitoring.""}",1791561262.889417
P00178,PBSAP-05,W4295278544,3.0,"{""grade"": 3, ""reason"": ""The paper directly addresses the regulation and protection of native Philippine wildlife species in international trade, discusses relevant national legislation, and provides insights highly relevant to meeting and monitoring the goal on harvest, trade, and use of wild species.""}",1791561264.218008
P00179,PBSAP-05,W7212125727,3.0,"{""grade"": 3, ""reason"": ""The paper directly analyzes legal and illegal wildlife trade in the Philippines, providing data and insights highly relevant for monitoring, policy, and enforcement related to the goal.""}",1791561265.3780138
P00180,PBSAP-04,W4311292266,2.0,"{""grade"": 2, ""reason"": ""The paper discusses a metric for quantifying and mapping species threat abatement opportunities relevant to national target setting, but it does not focus on the Philippines or directly address Philippine species or genetic diversity management.""}",1791561266.778586
P00181,PBSAP-03,W4378447969,3.0,"{""grade"": 3, ""reason"": ""This paper directly addresses biodiversity conservation priorities, threats, and challenges in a key Philippine region, providing information highly relevant for identifying, managing, and monitoring protected areas as required by the goal.""}",1791561268.164177
P00182,PBSAP-23,W4401007949,3.0,"{""grade"": 3, ""reason"": ""This paper directly examines gender roles, participation, and access to resources and decision-making in biodiversity conservation among an Indigenous community in the Philippines, providing actionable insights for achieving gender equality in PBSAP goals.""}",1791561269.442131
P00183,PBSAP-16,W4389520227,2.0,"{""grade"": 2, ""reason"": ""The paper discusses the need for sustainable practices and responsible consumption in the Philippines, which is relevant to the goal, but it focuses broadly on climate change impacts on forests rather than directly on unsustainable consumption or specific policy instruments.""}",1791561270.669376
P00184,PBSAP-23,W4417325046,3.0,"{""grade"": 3, ""reason"": ""This paper directly examines gender-based participation and perceptions among Indigenous Peoples in biodiversity conservation in the Philippines, providing insights highly relevant to achieving gender equality in biodiversity decision-making and management.""}",1791561272.000949
P00185,PBSAP-11,W4408351182,3.0,"{""grade"": 3, ""reason"": ""This paper directly assesses the impact of typhoons on mangrove ecosystems and livelihoods in the Philippines, providing data and recommendations highly relevant to disaster resilience, ecosystem service valuation, and post-disaster needs assessments as outlined in the goal.""}",1791561273.5346189
P00186,PBSAP-11,S2_63859ccddaac7e2b835e6ec440b0dfbac2a00829,3.0,"{""grade"": 3, ""reason"": ""The paper directly addresses ecosystem resilience and adaptation to climate-related hazards in a Philippine context, focusing on mangrove conservation and community-based strategies, which aligns closely with the goal's emphasis on resilience, ecosystem services, and vulnerable communities.""}",1791561274.92875
P00187,PBSAP-10,W4415656728,3.0,"{""grade"": 3, ""reason"": ""This paper directly addresses sustainable management and biodiversity-friendly practices in Philippine agriculture and forestry, providing evidence and recommendations highly relevant to the goal.""}",1791561275.9463308
P00188,PBSAP-12,S2_9bed369b0f9e87ca2700e6266dd33da23bd7db4c,2.0,"{""grade"": 2, ""reason"": ""The paper discusses green solutions in low-cost housing in the Philippines, which is relevant to urban green infrastructure, but it does not directly address public access to green and blue spaces or urban biodiversity planning.""}",1791561277.0551412
P00189,PBSAP-01,W4386331097,2.0,"{""grade"": 2, ""reason"": ""The paper discusses mangrove conservation policies and spatial planning in Southeast Asia, including the Philippines, but does not directly address biodiversity-inclusive spatial analysis or planning for all terrestrial, inland water, and marine areas as required by the goal.""}",1791561278.323253
P00190,PBSAP-11,W2773910037,2.0,"{""grade"": 2, ""reason"": ""The paper discusses management and adaptation strategies for climatic extremes like floods and droughts, which is relevant to resilience and disaster risk reduction, but it is not specific to the Philippines or protected areas as required by the goal.""}",1791561279.783565
P00191,PBSAP-15,W4410834963,2.0,"{""grade"": 2, ""reason"": ""The paper discusses policy, governance, and stakeholder engagement for forest restoration in the Philippines, which is relevant to sustainable production and supply chains, but it does not directly address ESG frameworks, business reporting, or supply chain transparency.""}",1791561280.990916
P00192,PBSAP-11,W4379797892,3.0,"{""grade"": 3, ""reason"": ""This paper directly addresses ecosystem services, community resilience, and management challenges in a Philippine area highly exposed to hazards, aligning closely with the goal's focus on resilience, ecosystem services, and vulnerability to extreme events.""}",1791561282.138299
P00193,PBSAP-08,W2773910037,2.0,"{""grade"": 2, ""reason"": ""The paper discusses managing climate extremes and adaptation strategies relevant to minimizing climate change impacts, but it is not specific to the Philippines or nature-based solutions.""}",1791561283.265165
P00194,PBSAP-14,W3093727647,2.0,"{""grade"": 2, ""reason"": ""The paper discusses integrating biodiversity monitoring across stakeholders and sectors, which is relevant to mainstreaming biodiversity, but it is not specific to the Philippines.""}",1791561284.324079
P00195,PBSAP-13,W4401530171,2.0,"{""grade"": 2, ""reason"": ""The paper discusses benefit-sharing mechanisms and stakeholder understanding in the context of REDD+ in Nepal, which is relevant to fair and equitable benefit sharing from natural resources, but it is not specific to genetic resources or the Philippines.""}",1791561285.723213
P00196,PBSAP-18,W4410834963,2.0,"{""grade"": 2, ""reason"": ""The paper discusses incentives and policy support for forest restoration in the Philippines, which is relevant to the goal of eliminating harmful incentives, but it does not directly address the review, repurposing, or elimination of subsidies or taxes with negative environmental impacts.""}",1791561287.053708
P00197,PBSAP-09,W3174895525,3.0,"{""grade"": 3, ""reason"": ""This paper directly evaluates the effectiveness of a fisheries management policy in the Philippines, discusses enforcement, stakeholder involvement, and sustainability, all of which are central to the goal of sustainable use and benefit-sharing under relevant Philippine laws.""}",1791561289.309055
P00198,PBSAP-08,W2468565069,2.0,"{""grade"": 2, ""reason"": ""The paper discusses reducing climate change risks through adaptation and mitigation in food systems, which is relevant to the goal, but it is not specific to the Philippines or nature-based solutions in protected areas.""}",1791561290.6929028
P00199,PBSAP-12,W7128304332,2.0,"{""grade"": 2, ""reason"": ""The paper provides relevant data on urban environmental conditions (light pollution) in Philippine cities, which could inform planning for green and blue spaces, but it does not directly address access to or development of such spaces.""}",1791561292.1757162
P00200,PBSAP-17,W2276919489,3.0,"{""grade"": 3, ""reason"": ""The paper directly discusses biosafety policies and their implementation in the Philippines, which is central to the goal of managing biotechnology impacts and enacting biosafety measures.""}",1791561293.221243
P00201,PBSAP-03,W2120351078,2.0,"{""grade"": 2, ""reason"": ""The paper discusses global targets and scientific approaches for protected areas and OECMs, which is relevant and informative for the Philippine goal, but it is not specific to the Philippines.""}",1791561294.7728
P00202,PBSAP-14,W1480932035,2.0,"{""grade"": 2, ""reason"": ""The paper discusses the integration of biodiversity science into policy and practice, which is relevant to mainstreaming biodiversity, but it focuses on Africa and global mechanisms rather than the Philippines specifically.""}",1791561295.828414
P00203,PBSAP-07,W4386962819,3.0,"{""grade"": 3, ""reason"": ""This paper directly studies how diversified farming practices in the Philippines reduce pesticide use, providing evidence and approaches relevant to reducing pollution from agricultural sources.""}",1791561297.8092349
P00204,PBSAP-23,W2993403696,3.0,"{""grade"": 3, ""reason"": ""The paper directly examines the role and participation of indigenous women in forest conservation in the Philippines, aligning closely with the goal of gender-responsive representation and participation in biodiversity decision-making.""}",1791561299.02043
P00205,PBSAP-02,S2_4e36d1af617e80b783206b38dc9d713c7862c01c,3.0,"{""grade"": 3, ""reason"": ""This systematic review directly assesses the effectiveness of forest and land rehabilitation programs, including the Philippines' National Greening Program, providing evidence and insights highly relevant to ecosystem restoration goals in the Philippines.""}",1791561300.9649868
P00206,PBSAP-22,W4410399810,2.0,"{""grade"": 2, ""reason"": ""The paper is relevant as it addresses women's participation in resource management decision-making, but it is focused on Bangladesh rather than the Philippines or IPLCs specifically.""}",1791561302.015788
P00207,PBSAP-12,W2990588419,3.0,"{""grade"": 3, ""reason"": ""The paper directly studies ecosystem services and biodiversity in peri-urban Manila, providing insights relevant to increasing and managing accessible green and blue spaces in Philippine cities.""}",1791561303.060791
P00208,PBSAP-03,W1501813999,3.0,"{""grade"": 3, ""reason"": ""The paper directly addresses the status, management, and conservation of marine resources in a Philippine region, providing insights and recommendations relevant to effective conservation and management of coastal and marine areas as targeted by the goal.""}",1791561304.0263832
P00209,PBSAP-16,W4400668787,3.0,"{""grade"": 3, ""reason"": ""The paper directly discusses the implementation of circular economy and waste management practices in a Philippine city, providing relevant insights and models for sustainable consumption and production policies.""}",1791561305.077118
P00210,PBSAP-19,S2_3cff0c31944d73e9c187c5dfa5398be262a2a695,2.0,"{""grade"": 2, ""reason"": ""The paper discusses governance and implementation issues in a major Philippine biodiversity program, which is indirectly relevant to resource mobilization by highlighting institutional and policy needs but does not directly address financing or funding mechanisms.""}",1791561306.403511
P00211,PBSAP-04,W2969061020,3.0,"{""grade"": 3, ""reason"": ""This paper directly addresses the assessment, prioritization, and conservation of threatened bat species in the Philippines, providing actionable insights for species management and policy, which aligns closely with the goal.""}",1791561308.047327
P00212,PBSAP-02,W4412040795,3.0,"{""grade"": 3, ""reason"": ""This paper directly reviews the National Greening Program, a major Philippine ecosystem restoration initiative, analyzing its implementation, outcomes, and recommendations, making it highly relevant for meeting and monitoring the restoration goal.""}",1791561309.471827
P00213,PBSAP-03,W3108704521,3.0,"{""grade"": 3, ""reason"": ""The paper directly addresses landscape planning for biodiversity conservation in the Philippines, discusses protected areas, KBAs, and management approaches relevant to achieving the PBSAP goal.""}",1791561310.5087
P00214,PBSAP-06,W1571560810,3.0,"{""grade"": 3, ""reason"": ""The paper directly addresses the status, distribution, and management of invasive alien frog species in the Philippines, providing information and recommendations highly relevant to reducing the spread of IAS in priority sites.""}",1791561311.61812
P00215,PBSAP-05,W4402494050,3.0,"{""grade"": 3, ""reason"": ""The paper directly addresses the illegal trade of wild species in the Philippines, providing data and recommendations relevant to monitoring, enforcement, and policy actions under the goal.""}",1791561312.729057
P00216,PBSAP-10,W3103428383,2.0,"{""grade"": 2, ""reason"": ""The paper discusses integrated rice-fish production and biodiversity-friendly practices relevant to sustainable agriculture and aquaculture, but focuses on other Asian countries rather than the Philippines specifically.""}",1791561313.772193
P00217,PBSAP-15,S2_c72dbb9114fd5f11074b2e862e1a2c91876c13aa,2.0,"{""grade"": 2, ""reason"": ""The paper is relevant as it addresses value chains and stakeholder interactions in Philippine agribusiness, but it does not directly address ESG frameworks, biodiversity reporting, or policy instruments for sustainability reporting.""}",1791561314.984498
P00218,PBSAP-10,W2573964298,3.0,"{""grade"": 3, ""reason"": ""The paper directly discusses conservation agriculture with trees in the Philippines, focusing on sustainable upland agricultural practices that align with the goal's emphasis on biodiversity-friendly and sustainable management.""}",1791561316.136256
P00219,PBSAP-17,W1526182800,2.0,"{""grade"": 2, ""reason"": ""The paper discusses communication and risk communication strategies for biotechnology in the Philippines, which is relevant to biosafety awareness and public engagement, but does not directly address biosafety measures, regulations, or their implementation.""}",1791561317.3091788
P00220,PBSAP-13,W4410364108,1.0,"{""grade"": 1, ""reason"": ""The paper discusses carbon rights governance and benefit-sharing in the context of carbon markets, with only a minor comparative mention of the Philippines and no direct relevance to genetic resources or ABS frameworks.""}",1791561318.798402
P00221,PBSAP-18,W2584863268,2.0,"{""grade"": 2, ""reason"": ""The paper discusses payment for environmental services (PES) in the Philippines and other Asian countries, which is relevant to incentive reform, but it does not directly address the elimination or repurposing of harmful subsidies or taxes as specified in the goal.""}",1791561320.09729
P00222,PBSAP-17,W4311185537,2.0,"{""grade"": 2, ""reason"": ""The paper discusses biosecurity policies and regulations relevant to biotechnology in Gracilaria aquaculture, including the Philippines, but is global in scope and not focused specifically on Philippine biosafety frameworks or implementation.""}",1791561321.802407
P00223,PBSAP-23,W7128442380,3.0,"{""grade"": 3, ""reason"": ""This paper directly addresses gender-responsive participation and empowerment of women in biodiversity decision-making in the Philippines, providing insights and recommendations highly relevant to the goal.""}",1791561322.974817
P00224,PBSAP-15,W4400318614,2.0,"{""grade"": 2, ""reason"": ""The paper discusses sustainable urban development and environmental impacts in a Philippine city, which is relevant to sustainable production and supply chains, but does not directly address ESG frameworks, biodiversity reporting, or business/financial sector adoption as specified in the goal.""}",1791561324.635493
P00225,PBSAP-03,W2230288673,3.0,"{""grade"": 3, ""reason"": ""This paper directly inventories biodiversity in Philippine protected areas, discusses their conservation status, and provides data and recommendations highly relevant to achieving and monitoring the goal of effective conservation and management of land and sea areas.""}",1791561325.8643851
P00226,PBSAP-19,W4381803799,2.0,"{""grade"": 2, ""reason"": ""The paper discusses policy, institutional, and program responses to ecosystem management and funding in Nepal, which is relevant for comparative insights but does not directly address Philippine resource mobilization or financing mechanisms.""}",1791561327.198567
P00227,PBSAP-23,W4416745341,3.0,"{""grade"": 3, ""reason"": ""This paper directly addresses gender participation and inclusivity in biodiversity management in the Philippines, providing insights and evidence highly relevant to achieving the goal of gender equality in biodiversity decision-making and management.""}",1791561328.731542
P00228,PBSAP-04,W3216364292,3.0,"{""grade"": 3, ""reason"": ""The paper directly addresses the conservation and management of threatened plant species in the Philippines through ex-situ methods, aligning closely with the goal's focus on active management and genetic diversity.""}",1791561331.8443048
P00229,PBSAP-19,W4409253631,2.0,"{""grade"": 2, ""reason"": ""The paper discusses donor-driven restoration, sustainable financing, and integration into government budgets, which are relevant to resource mobilization, but it is focused on Nepal rather than the Philippines.""}",1791561332.991369
P00230,PBSAP-03,W2342732913,3.0,"{""grade"": 3, ""reason"": ""This paper directly assesses the effectiveness and coverage of Philippine protected areas, providing critical insights for achieving the PBSAP goal of expanding and managing conserved land and sea areas.""}",1791561334.128476
P00231,PBSAP-19,W2112102997,3.0,"{""grade"": 3, ""reason"": ""This paper directly discusses Payment for Ecosystem Services (PES) schemes in the Philippines, providing lessons and case studies that are highly relevant to the goal of increasing and institutionalizing biodiversity financing mechanisms such as PES.""}",1791561336.1529331
P00232,PBSAP-12,W4313009438,3.0,"{""grade"": 3, ""reason"": ""This paper directly studies urban green spaces in a Philippine city, providing data on biodiversity that can inform planning, monitoring, and expansion of accessible green spaces as outlined in the goal.""}",1791561337.3527958
P00233,PBSAP-23,W4391481187,2.0,"{""grade"": 2, ""reason"": ""The paper is highly relevant to gender equality in community forestry and discusses policy implications, but it is a global review and not specific to the Philippines.""}",1791561338.8726668
P00234,PBSAP-01,W7117574889,3.0,"{""grade"": 3, ""reason"": ""The paper directly addresses geospatial land cover analysis and spatial planning in a Philippine municipality, supporting biodiversity-inclusive land and sea use planning as described in the goal.""}",1791561340.304099
P00235,PBSAP-07,W7117981078,2.0,"{""grade"": 2, ""reason"": ""The paper is relevant as it addresses pollution reduction and waste management in the Philippines, but it focuses on plastic pollution rather than nutrient run-off or pesticide-related impacts targeted by the goal.""}",1791561341.48553
P00236,PBSAP-15,W4414269792,2.0,"{""grade"": 2, ""reason"": ""The paper discusses sustainable production practices and policy recommendations relevant to biodiversity and agribusiness in the Philippines, but does not directly address ESG frameworks, reporting, or supply chain disclosure requirements.""}",1791561342.865955
P00237,PBSAP-09,W4214750964,2.0,"{""grade"": 2, ""reason"": ""The paper is directly about harvest control rules for multispecies fisheries, which is relevant to the goal, but it is a study from Indonesia and not the Philippines.""}",1791561344.193851
P00238,PBSAP-20,W3174154525,3.0,"{""grade"": 3, ""reason"": ""The paper directly addresses the role of academic institutions in generating biodiversity knowledge in the Philippines, which is central to capacity building and development for PBSAP targets.""}",1791561345.627556
P00239,PBSAP-18,W1543590217,2.0,"{""grade"": 2, ""reason"": ""The paper discusses global biodiversity indicators and the impacts of policy scenarios, which is relevant for understanding the effects of incentives and policy changes, but it does not specifically address harmful subsidies or incentive reform in the Philippines.""}",1791561350.847816
P00240,PBSAP-01,W2342732913,3.0,"{""grade"": 3, ""reason"": ""This paper directly assesses the effectiveness of Philippine protected areas in meeting biodiversity coverage and management requirements, providing insights highly relevant to spatial planning and management effectiveness for the PBSAP goal.""}",1791561351.961683
P00241,PBSAP-02,W7153338599,3.0,"{""grade"": 3, ""reason"": ""The paper directly studies ecosystem restoration projects in the Philippines, providing insights into social factors affecting restoration success, which is highly relevant for achieving the PBSAP restoration goal.""}",1791561353.307546
P00242,PBSAP-23,W4388730417,2.0,"{""grade"": 2, ""reason"": ""The paper presents a methodology for mapping gender inequality and climate risk in agri-food systems in LMICs, which is relevant to gender-responsive biodiversity decision-making, but it does not focus on the Philippines or directly address biodiversity governance or participation.""}",1791561354.637034
P00243,PBSAP-20,W2591298098,3.0,"{""grade"": 3, ""reason"": ""The paper directly discusses capacity building and multi-sectoral collaboration in forest management in the Philippines, providing relevant insights for strengthening capacity building and development as outlined in the goal.""}",1791561356.482818
P00244,PBSAP-15,W4417216203,3.0,"{""grade"": 3, ""reason"": ""The paper directly addresses policy instruments and sustainability safeguards for forest land management in the Philippines, providing insights on ecological risks, monitoring, and reporting that are highly relevant to the goal of integrating biodiversity into ESG frameworks and sustainable supply chains.""}",1791561359.18423
P00245,PBSAP-19,W4412040795,2.0,"{""grade"": 2, ""reason"": ""The paper discusses policy frameworks, governance, and socioeconomic impacts of a major Philippine reforestation program, which is relevant to resource mobilization for biodiversity, but does not directly address financing mechanisms or funding flows.""}",1791561360.7123358
P00246,PBSAP-12,W4416862269,3.0,"{""grade"": 3, ""reason"": ""This paper directly analyzes the status and trends of urban green spaces in a major Philippine city, provides policy recommendations, and is highly relevant for monitoring and planning to increase access to green and blue spaces as outlined in the goal.""}",1791561363.243681
P00247,PBSAP-15,W3093563774,3.0,"{""grade"": 3, ""reason"": ""This paper directly analyzes the impacts of agricultural production and trade on Philippine biodiversity, reviews relevant national policies, and provides insights highly relevant for developing and monitoring biodiversity elements in ESG frameworks and policy instruments for agribusiness.""}",1791561365.0593522
P00248,PBSAP-03,W2955304591,2.0,"{""grade"": 2, ""reason"": ""The paper discusses progress toward protected area targets in megadiverse countries, including the Philippines, but is not specifically focused on the Philippines or the PBSAP 2024-2040 goals.""}",1791561366.41533
P00249,PBSAP-07,W4416457425,2.0,"{""grade"": 2, ""reason"": ""The paper reviews the environmental impacts of pesticides and detection methods, which is relevant to pollution reduction, but it is not specific to the Philippines or directly about implementing the PBSAP goal.""}",1791561367.948205
P00250,PBSAP-17,W2279951851,2.0,"{""grade"": 2, ""reason"": ""The paper discusses public engagement in biosafety decision-making and regulatory frameworks, which is relevant to managing biotechnology impacts, but it is not specific to the Philippines.""}",1791561369.481931
P00251,PBSAP-05,W4399612554,3.0,"{""grade"": 3, ""reason"": ""This paper directly addresses the illegal harvest and trade of a wild species (seahorses) in the Philippines, evaluates law enforcement efforts, and is highly relevant for monitoring and managing wildlife trade under the Wildlife Act.""}",1791561370.888811
P00252,PBSAP-19,W4312559589,2.0,"{""grade"": 2, ""reason"": ""The paper discusses climate responsiveness in DENR programs and mentions Payment for Environmental Services, which is relevant to resource mobilization, but does not directly address biodiversity financing or funding mechanisms.""}",1791561372.552203
P00253,PBSAP-05,S2_c66fd4a176bed2043b1cfc7c2540b64637c1d5fc,3.0,"{""grade"": 3, ""reason"": ""This paper directly documents illegal domestic trade of a Philippine wildlife species protected under RA 9147, providing evidence relevant to enforcement, monitoring, and policy for sustainable harvest and trade.""}",1791561374.1948931
P00254,PBSAP-08,W1938137845,3.0,"{""grade"": 3, ""reason"": ""The paper directly addresses climate change vulnerability assessments and adaptation strategies for coastal mangrove forests, including tools for local government planning, which aligns closely with the goal of minimizing climate change impacts through nature-based solutions in the Philippines.""}",1791561375.796154
P00255,PBSAP-17,W2976099232,3.0,"{""grade"": 3, ""reason"": ""This paper directly analyzes the implementation and implications of biosafety regulations for GMOs in the Philippines, providing insights highly relevant to managing biotechnology impacts and improving biosafety measures.""}",1791561377.167611
P00256,PBSAP-06,W4380630464,3.0,"{""grade"": 3, ""reason"": ""This paper directly addresses the risk and management of invasive alien fish species in the Philippines, provides a risk assessment tool adopted by the government, and is highly relevant to reducing IAS spread in priority sites.""}",1791561378.6008892
P00257,PBSAP-14,W2955304591,2.0,"{""grade"": 2, ""reason"": ""The paper discusses mainstreaming biodiversity in national strategies and protected area management among megadiverse countries, including the Philippines, but is not specifically focused on Philippine policy integration or implementation.""}",1791561383.1090171
P00258,PBSAP-03,W2164623622,2.0,"{""grade"": 2, ""reason"": ""The paper discusses global and national targets for protected areas and alternative conservation measures, which is relevant to the goal, but it does not focus specifically on the Philippines.""}",1791561384.276535
P00259,PBSAP-01,S2_ded5cb3a96ffe5887c19379eecbc6ecee5746218,3.0,"{""grade"": 3, ""reason"": ""The paper provides systematic planning models, frameworks, and practical guidance for spatial analysis and management of marine protected areas, including Philippine case studies, directly supporting biodiversity-inclusive land and sea use planning goals.""}",1791561385.41186
P00260,PBSAP-21,W4413846361,3.0,"{""grade"": 3, ""reason"": ""The paper directly addresses traditional knowledge, awareness, and education in the Philippines, providing insights relevant to capacity-building, information accessibility, and the integration of indigenous knowledge systems as outlined in the goal.""}",1791561386.588222
P00261,PBSAP-05,W3213911384,3.0,"{""grade"": 3, ""reason"": ""This paper directly studies the illegal trade and local use of a wild species (Philippine pangolin) in the Philippines, providing data and insights highly relevant to monitoring and managing wildlife harvest and trade under the goal.""}",1791561388.741079
P00262,PBSAP-04,S2_e7a962fa90839c56c79e7faa574828af6c27cef2,3.0,"{""grade"": 3, ""reason"": ""This paper directly assesses extinction risks, threats, and knowledge gaps for Philippine terrestrial vertebrates, providing data and recommendations highly relevant to the active management, monitoring, and conservation planning for threatened species as outlined in the goal.""}",1791561389.8655171
P00263,PBSAP-14,W4378447969,2.0,"{""grade"": 2, ""reason"": ""The paper provides an overview of biodiversity threats and conservation challenges in Mindanao and calls for institutional collaboration, which is relevant to mainstreaming biodiversity, but it does not directly address integration into policies, programs, or sectoral planning as specified in the goal.""}",1791561391.097375
P00264,PBSAP-21,W4401530171,2.0,"{""grade"": 2, ""reason"": ""The paper is relevant as it discusses stakeholder knowledge, capacity building, and information dissemination in forest governance, which aligns with the goal, but it is focused on Nepal rather than the Philippines.""}",1791561392.228697
P00265,PBSAP-11,W4382632468,2.0,"{""grade"": 2, ""reason"": ""The paper discusses the impact of environmental changes (including air pollution and climate change) and hazards (COVID-19) in the Asia Pacific, which is relevant to the goal, but it is not specific to the Philippines or to ecosystem resilience and post-disaster assessments.""}",1791561393.654093
P00266,PBSAP-02,W4407398510,3.0,"{""grade"": 3, ""reason"": ""This paper directly evaluates mangrove restoration in the Philippines, providing insights into ecological, social, and economic aspects relevant to achieving the ecosystem restoration goal.""}",1791561394.7215931
P00267,PBSAP-10,W4289263581,3.0,"{""grade"": 3, ""reason"": ""The paper directly reviews types, status, problems, and future directions of socioecological production landscapes in the Philippines, focusing on sustainable management, biodiversity, and practices relevant to agriculture, aquaculture, and forestry, thus providing highly relevant insights for the goal.""}",1791561395.942801
P00268,PBSAP-21,S2_3cff0c31944d73e9c187c5dfa5398be262a2a695,2.0,"{""grade"": 2, ""reason"": ""The paper discusses governance and policy issues affecting biodiversity conservation in the Philippines, which is indirectly relevant to improving information systems and knowledge platforms, but does not directly address interoperability, data management, or education initiatives.""}",1791561397.290529
P00269,PBSAP-04,W2230288673,3.0,"{""grade"": 3, ""reason"": ""The paper directly assesses and inventories wildlife, including threatened species, in Philippine protected areas, discusses threats, and provides implications for conservation and management, which aligns closely with the goal of active management of species and genetic diversity.""}",1791561398.9108748
P00270,PBSAP-18,W2015199826,2.0,"{""grade"": 2, ""reason"": ""The paper discusses economic incentives for environmental policy in Asia, including the Philippines, but focuses on water quality rather than specifically on eliminating harmful incentives or biodiversity-related subsidies.""}",1791561400.139456
P00271,PBSAP-23,W3001813355,3.0,"{""grade"": 3, ""reason"": ""This paper directly examines gender roles, participation, and challenges faced by indigenous women in forest conservation in the Philippines, providing insights highly relevant to achieving gender equality in biodiversity decision-making and monitoring.""}",1791561401.337612
P00272,PBSAP-02,W2087254397,3.0,"{""grade"": 3, ""reason"": ""The paper directly discusses forest restoration efforts in the Philippines, specifically addressing strategies, stakeholder involvement, and outcomes relevant to the ecosystem restoration goal.""}",1791561402.565274
P00273,PBSAP-13,W1971999535,2.0,"{""grade"": 2, ""reason"": ""The paper discusses fairness and benefit-sharing in payment for ecosystem services in the Philippines and other Asian countries, which is related to equitable benefit-sharing but does not directly address genetic resources or ABS frameworks.""}",1791561403.6929212
P00274,PBSAP-22,W7166862734,3.0,"{""grade"": 3, ""reason"": ""The paper directly examines Indigenous Peoples' participation in forest management in the Philippines, focusing on social forestry, equity, and participatory approaches, which aligns closely with the goal of equitable IPLC participation in biodiversity management.""}",1791561405.02098
P00275,PBSAP-11,W2080521276,3.0,"{""grade"": 3, ""reason"": ""This paper directly addresses ecosystem resilience and restoration in the Philippines in the context of climate change and extreme events, providing insights highly relevant to the goal.""}",1791561406.110967
P00276,PBSAP-01,W4412040795,3.0,"{""grade"": 3, ""reason"": ""The paper directly addresses geospatial monitoring, policy integration, and inclusive planning in a major Philippine land restoration program, providing insights and recommendations highly relevant to biodiversity-inclusive spatial analysis and planning for land use.""}",1791561408.2503622
P00277,PBSAP-14,W4399684148,3.0,"{""grade"": 3, ""reason"": ""The paper directly addresses integrating biodiversity conservation into development strategies in a Philippine province, aligning closely with the goal of mainstreaming biodiversity in policies and planning.""}",1791561409.275082
P00278,PBSAP-11,S2_ae0c2a0a4d5661b9984fecf24b107d8e23ab0ddd,3.0,"{""grade"": 3, ""reason"": ""The paper directly assesses protected areas in the Philippines at risk from climate and human-induced extreme events, aligning with the goal of enhancing ecosystem resilience and informing disaster risk and management strategies.""}",1791561410.5538838
P00279,PBSAP-10,CR_10.47125_jesam_2020_2_02,2.0,"{""grade"": 2, ""reason"": ""The paper discusses sustainable watershed and agricultural management practices relevant to the goal, but it is focused on Indonesia rather than the Philippines.""}",1791561411.577743
P00280,PBSAP-12,W4392147228,3.0,"{""grade"": 3, ""reason"": ""This paper directly studies biodiversity in urban green spaces in a Philippine city, providing data that can inform planning, monitoring, and expansion of accessible green spaces as outlined in the goal.""}",1791561413.007796
P00281,PBSAP-11,W2120351078,2.0,"{""grade"": 2, ""reason"": ""The paper discusses the need for better science and metrics for protected areas and OECMs, which is relevant to the goal's focus on effective management and assessment, but it is not specific to the Philippines or disaster resilience and resource valuation.""}",1791561415.126286
P00282,PBSAP-17,W2995685838,1.0,"{""grade"": 1, ""reason"": ""The paper discusses climate-resilient agriculture technologies in the Philippines but does not address biosafety, biotechnology, or related regulatory frameworks.""}",1791561416.143095
P00283,PBSAP-09,W3014575520,3.0,"{""grade"": 3, ""reason"": ""The paper directly addresses the sustainable use and conservation of Philippine native aquatic species under RA 9147, discusses relevant legal frameworks, and supports government programs aligned with the goal.""}",1791561417.234108
P00284,PBSAP-02,S2_ca92060e6d57c31b8be63e7e98193c28ca285787,2.0,"{""grade"": 2, ""reason"": ""The paper systematically reviews mangrove restoration in Southeast Asia, including the Philippines, and discusses challenges and opportunities relevant to ecosystem restoration, but it is not exclusively focused on the Philippines nor does it cover all ecosystem types in the goal.""}",1791561418.6713731
P00285,PBSAP-21,W4395008763,3.0,"{""grade"": 3, ""reason"": ""The paper directly addresses knowledge, information systems, education, and awareness related to biodiversity in a Philippine municipality, providing insights and recommendations that align with the goal's focus on improving information accessibility and capacity-building.""}",1791561420.372734
P00286,PBSAP-11,W4406310182,3.0,"{""grade"": 3, ""reason"": ""The paper directly studies the impact of natural disasters (e.g., Typhoon Haiyan) on mangrove ecosystems in the Philippines, uses monitoring tools, and assesses ecosystem service changes, which aligns closely with the goal of enhancing ecosystem resilience and conducting post-disaster assessments in vulnerable areas.""}",1791561422.3634062
P00287,PBSAP-08,S2_0d19e96387c931fc4983e2d58643c62cc270040f,3.0,"{""grade"": 3, ""reason"": ""The paper is directly about participatory climate change adaptation in the Philippines using a watershed approach, aligning closely with the goal of minimizing climate change impacts through ecosystem-based approaches.""}",1791561423.288455
P00288,PBSAP-20,W4323974790,2.0,"{""grade"": 2, ""reason"": ""The paper discusses capacity-building and multisectoral collaboration relevant to the goal, but it is not specific to the Philippines and focuses on rural farming communities in Southeast Asia broadly.""}",1791561424.3375602
P00289,PBSAP-15,W4410531560,2.0,"{""grade"": 2, ""reason"": ""The paper discusses sustainable watershed management and governance in the Philippines, which is relevant to sustainable production and supply chains, but it does not directly address ESG frameworks, business reporting, or supply chain policy instruments.""}",1791561425.5792131
P00290,PBSAP-01,W7134227437,3.0,"{""grade"": 3, ""reason"": ""This paper directly assesses management effectiveness in a Philippine protected area using METT, discusses spatial planning, management plans, and stakeholder participation, all of which are central to the goal.""}",1791561426.5763898
P00291,PBSAP-12,W4400989671,2.0,"{""grade"": 2, ""reason"": ""The paper discusses green urban development and policy frameworks relevant to increasing green spaces, but focuses on Beijing, China, so it is only indirectly applicable to the Philippine context.""}",1791561427.703988
P00292,PBSAP-06,W4389345136,2.0,"{""grade"": 2, ""reason"": ""The paper discusses the global impact of invasive species on agriculture, biodiversity, and ecosystem health, which is relevant to the goal, but it does not focus specifically on the Philippines or priority sites within the country.""}",1791561428.731262
P00293,PBSAP-16,W3133525125,3.0,"{""grade"": 3, ""reason"": ""The paper directly addresses unsustainable consumption in the Philippine context, discusses policy and industry actions, and provides recommendations relevant to reducing waste and promoting sustainable consumption, aligning closely with the goal.""}",1791561430.211919
P00294,PBSAP-14,W2087423504,2.0,"{""grade"": 2, ""reason"": ""The paper is about mainstreaming climate change adaptation (not biodiversity) into Philippine development plans, which is related but only indirectly relevant to mainstreaming biodiversity.""}",1791561431.748851
P00295,PBSAP-19,S2_a57b78f38afa529c1fe5522777b46c7bffc76a89,3.0,"{""grade"": 3, ""reason"": ""The paper directly addresses Payment for Ecosystem Services (PES) in the Philippines, providing insights and frameworks relevant to increasing and institutionalizing biodiversity financing, which is central to the goal.""}",1791561434.10613
P00296,PBSAP-04,W4229025685,2.0,"{""grade"": 2, ""reason"": ""The paper discusses genetic diversity and conservation gaps in Musa balbisiana, including the Philippines, and recommends more germplasm collection from the country, but the study itself is not focused on Philippine management or governance.""}",1791561435.6379771
P00297,PBSAP-09,W4410779488,3.0,"{""grade"": 3, ""reason"": ""This paper directly studies catch trends, fishing effort, and management implications near MPAs in the Philippines, providing data and insights highly relevant to sustainable use, monitoring, and enforcement goals under the PBSAP.""}",1791561436.970248
P00298,PBSAP-10,S2_8fc65d06f67bc4a087735396608920ee556a3b81,3.0,"{""grade"": 3, ""reason"": ""The paper directly addresses sustainable management and environmental protection in Philippine agriculture and fisheries, aligning closely with the goal's focus on biodiversity-friendly and climate-resilient practices.""}",1791561438.813312
P00299,PBSAP-08,W1556955148,3.0,"{""grade"": 3, ""reason"": ""The paper is directly about ecosystem-based approaches (blue carbon, mangroves) for climate change mitigation and adaptation in the Philippines, aligning closely with the goal's focus on nature-based solutions and minimizing climate impacts.""}",1791561440.1230762
P00300,PBSAP-01,W4378447969,2.0,"{""grade"": 2, ""reason"": ""The paper provides a synthesis of biodiversity data, threats, and conservation challenges in Mindanao, which is relevant for informing spatial planning and management, but it does not directly address or provide methods for biodiversity-inclusive spatial analysis or planning as required by the goal.""}",1791561441.6868951
P00301,PBSAP-15,W3133999024,2.0,"{""grade"": 2, ""reason"": ""The paper discusses local management responses, capacity building, and policy measures for blue carbon ecosystems in the Philippines, which are relevant to sustainable production and supply chains, but it does not directly address ESG frameworks, business reporting, or supply chain transparency.""}",1791561443.23647
P00302,PBSAP-06,S2_573448af3e4cf51118387a8c5619f4dbe6b00910,3.0,"{""grade"": 3, ""reason"": ""The paper is directly about invasive alien species in the Philippines and provides relevant context and concerns that would help someone working on reducing their spread.""}",1791561444.650236
P00303,PBSAP-22,W4405979884,3.0,"{""grade"": 3, ""reason"": ""The paper directly studies community participation in environmental management in the Philippines, analyzes barriers to involvement, and recommends actions to enhance local engagement and decision-making, aligning closely with the goal of equitable and meaningful participation of IPLCs in biodiversity management.""}",1791561446.234911
P00304,PBSAP-05,W3014575520,3.0,"{""grade"": 3, ""reason"": ""The paper directly addresses the overexploitation of native aquatic species in the Philippines, references RA 9147, and discusses conservation and management strategies relevant to sustainable harvest and trade.""}",1791561447.333587
P00305,PBSAP-22,W4411958778,3.0,"{""grade"": 3, ""reason"": ""The paper directly examines community involvement, inclusive participation, and decision-making in biodiversity conservation in a Philippine context, aligning closely with the goal of equitable IPLC participation.""}",1791561448.5491269
P00306,PBSAP-11,W4412183575,2.0,"{""grade"": 2, ""reason"": ""The paper is relevant as it prioritizes key biodiversity areas in the Philippines for conservation management, which indirectly supports ecosystem resilience and stability, but it does not directly address post-disaster needs assessments, ecosystem service valuation, or resilience to hazards and extreme events.""}",1791561450.078717
P00307,PBSAP-11,W3194620394,3.0,"{""grade"": 3, ""reason"": ""This paper directly addresses ecosystem resilience and the role of mangroves in disaster risk reduction in a typhoon-prone area of the Philippines, providing insights highly relevant to the goal of regulating hazards and extreme events.""}",1791561451.4645262
P00308,PBSAP-13,W4220660132,2.0,"{""grade"": 2, ""reason"": ""The paper discusses international mechanisms for safe germplasm transfer and benefit generation, which is relevant to access and benefit sharing, but it focuses on Bangladesh and does not address Philippine-specific ABS frameworks or benefit sharing with local rights holders.""}",1791561453.079774
P00309,PBSAP-10,S2_8c66cf5d6cd11c4e4a35d61fd460e5f97fce47f9,3.0,"{""grade"": 3, ""reason"": ""The paper directly studies management scenarios in upland Philippine agricultural landscapes, focusing on biodiversity and sustainable practices relevant to the goal.""}",1791561454.311999
P00310,PBSAP-16,W4378219384,3.0,"{""grade"": 3, ""reason"": ""The paper directly addresses sustainable consumption and production (SDG 12) in the Philippines through policy implementation to reduce plastic waste, aligning closely with the goal of eliminating unsustainable consumption.""}",1791561455.5040488
P00311,PBSAP-09,W2723375828,2.0,"{""grade"": 2, ""reason"": ""The paper provides a conservation status assessment of Philippine plants using RA 9147 criteria, which is relevant for monitoring and informing sustainable use and benefit-sharing, but does not directly address harvest, trade, or enforcement aspects.""}",1791561456.733021
P00312,PBSAP-22,W4414510181,3.0,"{""grade"": 3, ""reason"": ""The paper directly addresses the participation of women, including those from Indigenous communities, in natural resource management and decision-making in the Philippines, aligning closely with the goal of equitable and meaningful participation of IPLCs.""}",1791561457.859811
P00313,PBSAP-18,S2_8c66cf5d6cd11c4e4a35d61fd460e5f97fce47f9,2.0,"{""grade"": 2, ""reason"": ""The paper discusses management scenarios and outcomes relevant to biodiversity and carbon in the Philippines, which could inform incentive reform, but does not directly address harmful subsidies or incentive structures.""}",1791561459.191058
P00314,PBSAP-21,W3174154525,3.0,"{""grade"": 3, ""reason"": ""The paper directly addresses the role of academic institutions in generating and sharing biodiversity information in the Philippines, which is central to improving knowledge platforms and information accessibility as described in the goal.""}",1791561460.4222028
P00315,PBSAP-15,W7216180733,2.0,"{""grade"": 2, ""reason"": ""The paper discusses management effectiveness and stakeholder involvement in a Philippine protected area, which is relevant to sustainable production and supply chains through governance and biodiversity conservation, but does not directly address ESG frameworks, business reporting, or supply chain policy instruments.""}",1791561462.1065018
P00316,PBSAP-10,W4413602529,2.0,"{""grade"": 2, ""reason"": ""The paper is relevant as it discusses climate-smart aquaculture and sustainable practices that align with the goal, but it is a global review and not specific to the Philippines.""}",1791561463.184406
P00317,PBSAP-22,W4414809216,3.0,"{""grade"": 3, ""reason"": ""The paper directly evaluates community engagement, empowerment, and the integration of indigenous rights in a Philippine biodiversity program, providing insights highly relevant to enhancing IPLC participation in biodiversity management.""}",1791561464.413762
P00318,PBSAP-02,W7172202359,3.0,"{""grade"": 3, ""reason"": ""The paper directly reports on the implementation and monitoring of coastal and marine ecosystem restoration in the Philippines, providing relevant methods, baseline data, and outcomes for the PBSAP restoration goal.""}",1791561465.64202
P00319,PBSAP-06,W4413798916,3.0,"{""grade"": 3, ""reason"": ""This paper directly documents invasive alien plant species in a Philippine priority site, providing data useful for monitoring and managing IAS as required by the goal.""}",1791561466.7778702
P00320,PBSAP-01,W2164623622,2.0,"{""grade"": 2, ""reason"": ""The paper discusses global and national targets for protected and conserved areas, including OECMs, and solutions for meeting them, which is relevant to the goal, but it is not specific to the Philippines or its spatial planning processes.""}",1791561468.150126
P00321,PBSAP-16,W3097024190,3.0,"{""grade"": 3, ""reason"": ""This paper directly addresses sustainable consumption and production in the Philippines through education, food sustainability, waste management, and policy-institutional mechanisms, making it highly relevant to the goal.""}",1791561469.372233
P00322,PBSAP-03,W3217458552,3.0,"{""grade"": 3, ""reason"": ""This paper directly analyzes forest cover loss in Philippine Key Biodiversity Areas, providing data and monitoring relevant to the effective conservation and management of terrestrial protected areas as targeted by the goal.""}",1791561470.457576
P00323,PBSAP-05,S2_22033d5310e78cb9c89f780ef47f11e72528f71a,3.0,"{""grade"": 3, ""reason"": ""The paper directly addresses illegal wildlife trade in the Philippines, enforcement challenges under RA 9147, and issues relevant to monitoring and regulating the harvest and trade of wild species.""}",1791561471.685285
P00324,PBSAP-17,W2238157130,1.0,"{""grade"": 1, ""reason"": ""The paper is about climate change adaptation in the Philippines and mentions relevant agencies, but does not address biosafety, biotechnology, or related regulations.""}",1791561472.615832
P00325,PBSAP-07,W3138942864,2.0,"{""grade"": 2, ""reason"": ""The paper is directly about reducing pesticide use and promoting sustainable agriculture, which is relevant to the goal, but it is a case study from Cambodia and not the Philippines.""}",1791561473.763069
P00326,PBSAP-23,W4415950227,2.0,"{""grade"": 2, ""reason"": ""The paper discusses equality and inclusivity in the Philippine ecological context, referencing indigenous perspectives and social harmony, but does not directly address gender-responsive representation or participation in biodiversity decision-making.""}",1791561474.960682
P00327,PBSAP-05,S2_29e69f3dfa0edeaa997d6ee59ca72492e90da1d3,3.0,"{""grade"": 3, ""reason"": ""The paper directly addresses bycatch management in Philippine fisheries, providing baseline data and categorization that can inform harvest control rules, sustainable use, and policy development under the goal.""}",1791561476.394481
P00328,PBSAP-13,S2_abbfca136b3504341088138c0764a093e985bc57,3.0,"{""grade"": 3, ""reason"": ""The paper directly discusses the management, sharing, and legal tracking of Philippine rice genetic resources, including compliance with international agreements, which is highly relevant to fair and equitable benefit sharing from genetic resources.""}",1791561477.623116
P00329,PBSAP-01,W4312267941,3.0,"{""grade"": 3, ""reason"": ""This paper directly applies spatial analysis to identify human impacts and conservation priorities in Cebu, Philippines, providing actionable maps and insights for biodiversity-inclusive land use planning and management.""}",1791561478.9858298
P00330,PBSAP-06,W4405759221,3.0,"{""grade"": 3, ""reason"": ""This paper directly studies invasive alien plant species in a Philippine protected area, providing data essential for monitoring and managing IAS as required by the goal.""}",1791561480.0734138
P00331,PBSAP-11,S2_9c450a80461f609dab3dc99e4576e7c6a0bc02e9,3.0,"{""grade"": 3, ""reason"": ""The paper directly addresses climate risk mapping and resilience in the Philippines, providing data and analysis that could inform disaster assessments, ecosystem service valuation, and resilience planning for vulnerable communities and habitats.""}",1791561481.2488189
P00332,PBSAP-23,W2952213043,3.0,"{""grade"": 3, ""reason"": ""This paper directly addresses gender equity and participation in biodiversity-related decision-making in the Philippines, providing insights highly relevant to the goal.""}",1791561482.541313
P00333,PBSAP-22,W4414864666,2.0,"{""grade"": 2, ""reason"": ""The paper discusses community participation, social equity, and governance in resource management, which are relevant to IPLC participation, but it is a general review and does not focus specifically on the Philippines or directly address IPLC representation in decision-making.""}",1791561484.062259
P00334,PBSAP-02,W4411536063,2.0,"{""grade"": 2, ""reason"": ""The paper is directly about ecosystem restoration and its benefits, but it focuses on Kazakhstan, so its findings are only partly or indirectly relevant to restoration efforts in the Philippines.""}",1791561485.2663429
P00335,PBSAP-15,W4221045540,2.0,"{""grade"": 2, ""reason"": ""The paper is relevant as it discusses sustainable management strategies in Philippine fisheries, which relates to sustainable production and policy instruments, but it does not directly address ESG frameworks, biodiversity reporting, or supply chain transparency as specified in the goal.""}",1791561486.291803
P00336,PBSAP-12,S2_7130af289ec403fe1fe92db9945b6aa20842afb3,3.0,"{""grade"": 3, ""reason"": ""This systematic review directly addresses urban ecology research in Philippine cities, identifies knowledge gaps, and provides insights that can inform efforts to increase access to green and blue spaces and improve urban biodiversity planning.""}",1791561487.5562408
P00337,PBSAP-16,W4214828633,2.0,"{""grade"": 2, ""reason"": ""The paper discusses global strategies and policy issues for sustainable food systems, including food waste and policy implementation, which are relevant to the goal, but it does not focus specifically on the Philippines or Philippine policy instruments.""}",1791561488.735331
P00338,PBSAP-04,W2955304591,2.0,"{""grade"": 2, ""reason"": ""The paper discusses national biodiversity strategies and protected area management in megadiverse countries (including the Philippines), which is relevant to governance and management regimes for species, but it does not directly address species or genetic diversity management actions in the Philippines.""}",1791561490.1160178
P00339,PBSAP-13,W4384828036,2.0,"{""grade"": 2, ""reason"": ""The paper documents indigenous knowledge and resource management relevant to benefit-sharing discussions, but does not directly address ABS mechanisms or benefit-sharing from genetic resources.""}",1791561491.552802
P00340,PBSAP-05,W3009126446,3.0,"{""grade"": 3, ""reason"": ""This paper directly studies the harvest, trade, and use of wild seahorse species in the Philippines, providing data and recommendations highly relevant to setting sustainable harvest limits and enforcing wildlife trade regulations under the PBSAP goal.""}",1791561492.9833548
P00341,PBSAP-07,W4399814953,2.0,"{""grade"": 2, ""reason"": ""The paper is relevant as it discusses regulations and efforts to reduce single-use plastic pollution in the Philippines, which is a form of pollution, but it does not directly address nutrient run-off or pesticide-related impacts targeted by the goal.""}",1791561494.314851
P00342,PBSAP-03,W1594542371,3.0,"{""grade"": 3, ""reason"": ""This paper directly studies protected area management and biodiversity conservation in the Philippines, providing insights and recommendations highly relevant to achieving the goal of expanding and effectively managing conserved areas.""}",1791561495.8929238
P00343,PBSAP-06,W4386087648,3.0,"{""grade"": 3, ""reason"": ""This paper is directly about invasive alien species in a Philippine priority site, explores local perceptions and management engagement, and provides insights relevant to reducing IAS spread and implementing NISSAP goals.""}",1791561496.973637
P00344,PBSAP-11,W2277658191,3.0,"{""grade"": 3, ""reason"": ""The paper directly addresses ecosystem service valuation, resource valuation, and PES schemes in a Philippine protected area, providing actionable insights for resilience, funding, and management aligned with the goal.""}",1791561498.030515
P00345,PBSAP-03,W7134227437,3.0,"{""grade"": 3, ""reason"": ""This paper directly assesses the effectiveness of protected area management in a key Philippine site, addressing governance, management plans, and stakeholder involvement, all of which are central to achieving the PBSAP goal of effectively conserving and managing protected areas.""}",1791561499.3726878
P00346,PBSAP-06,W7114780924,3.0,"{""grade"": 3, ""reason"": ""This paper is directly about the challenges and priorities for managing invasive alien species in the Philippines and addresses key aspects relevant to reducing their spread, making it highly relevant to the goal.""}",1791561500.407148
P00347,PBSAP-03,W1984683301,2.0,"{""grade"": 2, ""reason"": ""The paper discusses the establishment of a protected area in the Spratly Islands involving the Philippines, which is relevant to marine conservation targets, but it is not directly about Philippine protected area management or the PBSAP goals.""}",1791561501.616789
P00348,PBSAP-16,W3176665606,2.0,"{""grade"": 2, ""reason"": ""The paper discusses sustainable diets and ethical approaches to consumption, which is relevant to promoting sustainable consumption, but it does not directly address Philippine policy instruments or implementation.""}",1791561503.4282591
P00349,PBSAP-11,W4401480772,3.0,"{""grade"": 3, ""reason"": ""The paper directly addresses climate-related hazards, ecosystem resilience, and the impacts of extreme events on a Philippine watershed, providing insights highly relevant to the goal of enhancing ecosystem stability and disaster preparedness in vulnerable areas.""}",1791561504.863019
P00350,PBSAP-21,W4404524185,3.0,"{""grade"": 3, ""reason"": ""This paper directly addresses the goal by developing an accessible, interoperable database for indigenous knowledge on Philippine biodiversity, supporting knowledge sharing, capacity building, and information accessibility.""}",1791561506.295433
P00351,PBSAP-13,W4412040795,1.0,"{""grade"": 1, ""reason"": ""The paper discusses policy, governance, and socioeconomic impacts of the National Greening Program but does not address access and benefit sharing of genetic resources or related legal frameworks.""}",1791561507.352326
P00352,PBSAP-09,W4406748347,3.0,"{""grade"": 3, ""reason"": ""The paper directly addresses sustainable use, benefit-sharing, monitoring, and policy recommendations for wild-harvested species in a Philippine protected area, aligning closely with the goal.""}",1791561508.8889768
P00353,PBSAP-07,W4409964762,3.0,"{""grade"": 3, ""reason"": ""The paper directly studies integrated pest management practices among Philippine rice farmers, including reduced pesticide use, which is highly relevant to the goal of reducing pollution from agricultural sources.""}",1791561510.035794
P00354,PBSAP-15,W4376138358,2.0,"{""grade"": 2, ""reason"": ""The paper discusses sustainable bioproduction systems and policy responses in the Philippines and Asia, which is relevant to sustainable production and supply chains, but it does not directly address ESG frameworks, reporting, or business/financial sector adoption as specified in the goal.""}",1791561511.825092
P00355,PBSAP-23,W7215025714,3.0,"{""grade"": 3, ""reason"": ""The paper directly addresses Indigenous Peoples' participation and intersectional environmentalism in the context of planetary ethics, with specific reference to the Philippines, aligning closely with the goal of equitable and inclusive representation in biodiversity decision-making.""}",1791561513.1557262
P00356,PBSAP-15,W4412040795,2.0,"{""grade"": 2, ""reason"": ""The paper reviews policy frameworks and governance related to a major Philippine environmental program, touching on biodiversity-sensitive practices and reporting, but does not directly address ESG frameworks, supply chains, or business sector reporting as specified in the goal.""}",1791561514.590614
P00357,PBSAP-01,W4412183575,3.0,"{""grade"": 3, ""reason"": ""This paper directly addresses geospatial analysis and management prioritization of Philippine terrestrial key biodiversity areas, aligning closely with the goal of biodiversity-inclusive spatial planning and management for protected areas and OECMs in the Philippines.""}",1791561515.921448
P00358,PBSAP-17,S2_4325b3fbde129eacf44ae80485e9ad8dcc29f046,1.0,"{""grade"": 1, ""reason"": ""The paper focuses on food safety and production improvements for fruits and vegetables in the Philippines, but does not address biosafety, biotechnology, or regulatory measures related to genetically modified organisms.""}",1791561517.252745
P00359,PBSAP-10,W2620975379,3.0,"{""grade"": 3, ""reason"": ""This paper directly studies agroforestry practices in Philippine watershed areas, assessing their ecological benefits and relevance to sustainable management and biodiversity-friendly agriculture as outlined in the goal.""}",1791561518.651196
P00360,PBSAP-05,W3058305516,2.0,"{""grade"": 2, ""reason"": ""The paper is directly about illegal wildlife trade and use, which is relevant to the goal, but it is focused on Lao PDR rather than the Philippines.""}",1791561519.914752
P00361,PBSAP-14,W4412040795,3.0,"{""grade"": 3, ""reason"": ""The paper directly reviews the integration of biodiversity into a major national program, discusses policy frameworks, governance, and mainstreaming biodiversity-sensitive practices, making it highly relevant to the goal of mainstreaming biodiversity in government policies and programs in the Philippines.""}",1791561521.3544111
P00362,PBSAP-20,W2751151007,3.0,"{""grade"": 3, ""reason"": ""The paper directly discusses capacity building, collaboration among stakeholders, and enabling mechanisms for community-based forest management in the Philippines, aligning closely with the goal.""}",1791561522.884416
P00363,PBSAP-19,W1528361483,2.0,"{""grade"": 2, ""reason"": ""The paper discusses social capital and resource mobilization in a Philippine forest reserve, which is indirectly relevant to increasing financing and resource mobilization for biodiversity but does not directly address financial mechanisms or funding strategies.""}",1791561524.1056168
P00364,PBSAP-14,W4414269792,2.0,"{""grade"": 2, ""reason"": ""The paper discusses agroforestry's role in biodiversity conservation and recommends stronger policy support in the Philippines, which is relevant to mainstreaming biodiversity, but it does not directly address integration into government policies or cross-sectoral planning.""}",1791561525.547782
P00365,PBSAP-15,W4384807049,2.0,"{""grade"": 2, ""reason"": ""The paper discusses sustainable rice farming practices in the Philippines, which is relevant to sustainable production, but does not address ESG frameworks, reporting, or supply chain transparency.""}",1791561526.57234
P00366,PBSAP-03,W2929380377,2.0,"{""grade"": 2, ""reason"": ""The paper is globally focused and discusses protected area coverage in relation to overexploitation, which is relevant to the goal, but it does not specifically address the Philippines or provide actionable information for Philippine protected area management.""}",1791561527.704766
P00367,PBSAP-03,W2081623219,2.0,"{""grade"": 2, ""reason"": ""The paper discusses ecosystem-based management and conservation of coastal habitats, which is relevant to the goal, but it is based on data from Thailand and does not directly address the Philippine context.""}",1791561528.9953752
P00368,PBSAP-10,W4205144949,3.0,"{""grade"": 3, ""reason"": ""The paper discusses integrated multi-trophic aquaculture (IMTA) in several Asian countries including the Philippines, directly addressing sustainable aquaculture practices relevant to the goal.""}",1791561530.43598
P00369,PBSAP-20,W4402148428,2.0,"{""grade"": 2, ""reason"": ""The paper discusses capacity building, stakeholder engagement, and policy integration for climate change mitigation by LGUs in the Philippines, which is relevant but only indirectly supports biodiversity-specific capacity building as outlined in the goal.""}",1791561531.58752
P00370,PBSAP-09,S2_29e69f3dfa0edeaa997d6ee59ca72492e90da1d3,3.0,"{""grade"": 3, ""reason"": ""The paper directly studies bycatch in a Philippine fish port, proposes management-relevant categories, and provides data and frameworks that can inform sustainable use, monitoring, and policy under the PBSAP goal.""}",1791561532.715167
P00371,PBSAP-12,W4404283411,2.0,"{""grade"": 2, ""reason"": ""The paper is relevant as it discusses capacity building and management of blue carbon ecosystems in the Philippines, which supports blue space conservation and stakeholder engagement, but it does not directly address increasing public access to urban green and blue spaces.""}",1791561534.194452
P00372,PBSAP-16,S2_990a41e1730e061b73c74bc9403d47118f99ac85,2.0,"{""grade"": 2, ""reason"": ""The paper discusses sustainability outcomes and recommendations for community organizations in the Philippines, which is relevant to sustainable consumption and production, but it does not directly address policy instruments or specific actions outlined in the goal.""}",1791561535.407711
P00373,PBSAP-03,W4411101325,3.0,"{""grade"": 3, ""reason"": ""The paper directly addresses the 30x30 conservation target, includes the Philippines in its analysis, and provides spatial prioritization insights that could help meet or monitor the PBSAP goal for protected and conserved areas.""}",1791561536.534254
P00374,PBSAP-02,W4400513480,3.0,"{""grade"": 3, ""reason"": ""The paper provides a comprehensive synthesis of assisted natural regeneration as a restoration strategy, with specific mention of its formal emergence in the Philippines, directly supporting ecosystem restoration goals and offering evidence and insights applicable to Philippine restoration efforts.""}",1791561537.9379048
P00375,PBSAP-08,W4386484833,2.0,"{""grade"": 2, ""reason"": ""The paper is directly about nature-based solutions for climate change adaptation and disaster risk reduction, but it is a case study from Peru and not the Philippines, though its methodology could be adapted for Philippine contexts.""}",1791561539.028681
P00376,PBSAP-19,S2_7542d52d104cb50b76a2b81abe4cb196e4ef3bd3,2.0,"{""grade"": 2, ""reason"": ""The paper discusses resource mobilization and participatory development, including financial constraints and solutions, with some examples from the Philippines, but does not focus specifically on biodiversity financing or mechanisms directly tied to PBSAP goals.""}",1791561540.344884
P00377,PBSAP-02,W2409742293,3.0,"{""grade"": 3, ""reason"": ""This paper directly studies ecosystem restoration in the Philippines by assessing the rehabilitation of mangrove ecosystems, providing relevant methods, results, and implications for restoration planning and monitoring.""}",1791561541.626289
P00378,PBSAP-20,S2_3cff0c31944d73e9c187c5dfa5398be262a2a695,2.0,"{""grade"": 2, ""reason"": ""The paper discusses governance and implementation issues in a major Philippine biodiversity program, which is relevant to capacity building, but does not directly address capacity-building mechanisms or technology transfer as described in the goal.""}",1791561543.09439
P00379,PBSAP-16,S2_c36bf128e23f55df3360d1138fbaa3262a856ad7,3.0,"{""grade"": 3, ""reason"": ""The paper directly addresses policy instruments, local government roles, and circular economy practices in the Philippines for reducing marine plastic waste, aligning closely with the goal of eliminating unsustainable consumption and supporting sustainable consumption and production.""}",1791561544.079146
P00380,PBSAP-08,W2730785316,3.0,"{""grade"": 3, ""reason"": ""The paper directly addresses climate change adaptation and mitigation through nature-based solutions (coastal forest management) in the Philippines, including policy and community-based approaches relevant to the goal.""}",1791561545.3259032
P00381,PBSAP-17,W1975108901,3.0,"{""grade"": 3, ""reason"": ""The paper directly addresses the costs and implications of complying with biosafety regulations in the Philippines, providing information highly relevant to managing impacts of biotechnology and implementing biosafety measures.""}",1791561546.418708
P00382,PBSAP-16,W4389358939,2.0,"{""grade"": 2, ""reason"": ""The paper is relevant as it provides insights into land-use efficiency and sustainable urbanization in the Philippines, which indirectly supports sustainable consumption and production, but it does not directly address policy instruments or specific actions to eliminate unsustainable consumption.""}",1791561548.229981
P00383,PBSAP-08,W3016463580,2.0,"{""grade"": 2, ""reason"": ""The paper discusses local perceptions, impacts, and adaptation strategies for climate change using nature-based and community approaches, but it is focused on Nepal, not the Philippines.""}",1791561550.404982
P00384,PBSAP-05,S2_e12f51b32a59d84ebff19f320b644ee882d59de5,3.0,"{""grade"": 3, ""reason"": ""The paper directly addresses illegal trade and enforcement issues related to wild species (seahorses) in the Philippines, providing insights highly relevant to the goal of regulating harvest, trade, and use of wild species under national and international law.""}",1791561552.038413
P00385,PBSAP-07,W2084245869,3.0,"{""grade"": 3, ""reason"": ""This paper directly studies the impact of integrated pest management on pesticide use and residues in Philippine agriculture, providing evidence and insights highly relevant to reducing pollution from agricultural sources as targeted by the goal.""}",1791561554.024262
P00386,PBSAP-18,W1971999535,3.0,"{""grade"": 3, ""reason"": ""The paper includes case studies from the Philippines on payment for ecosystem services, directly informing the design and reform of incentives to reduce harmful environmental impacts as described in the goal.""}",1791561555.832115
P00387,PBSAP-23,W4410399810,2.0,"{""grade"": 2, ""reason"": ""The paper is highly relevant to gender equality in environmental governance but is focused on Bangladesh, so its findings are only indirectly applicable to the Philippine context.""}",1791561557.1843572
P00388,PBSAP-15,W2040848432,2.0,"{""grade"": 2, ""reason"": ""The paper discusses sustainability and conservation in Philippine production landscapes and seascapes, which is relevant to sustainable supply chains, but does not directly address ESG frameworks, reporting, or business policy instruments.""}",1791561558.358354
P00389,PBSAP-09,W7216180733,3.0,"{""grade"": 3, ""reason"": ""The paper directly evaluates the effectiveness of protected area management in the Philippines, including stakeholder involvement, carrying capacity, and sustainable management, which are central to the goal of sustainable use and benefit-sharing under national wildlife and fisheries laws.""}",1791561559.8518589
P00390,PBSAP-11,W4312559589,3.0,"{""grade"": 3, ""reason"": ""The paper directly addresses climate responsiveness and ecosystem-based management in the Philippines, aligning with the goal of enhancing ecosystem resilience to hazards and extreme events and informing relevant policy and management actions.""}",1791561561.427274
P00391,PBSAP-05,W2467046380,2.0,"{""grade"": 2, ""reason"": ""The paper discusses hunting impacts and the need for sustainable practices and enforcement in Southeast Asia, including the Philippines, but does not provide Philippines-specific data or directly address the legal and policy frameworks outlined in the goal.""}",1791561562.9738822
P00392,PBSAP-13,W1594542371,2.0,"{""grade"": 2, ""reason"": ""The paper discusses biodiversity conservation and sustainable development in Philippine protected areas, which is indirectly relevant to benefit-sharing from genetic resources, but does not specifically address ABS mechanisms or genetic resource benefit-sharing.""}",1791561564.194586
P00393,PBSAP-14,S2_a57b78f38afa529c1fe5522777b46c7bffc76a89,3.0,"{""grade"": 3, ""reason"": ""The paper directly addresses the mainstreaming of biodiversity-related policy (PES) into local governance in the Philippines, providing practical insights and frameworks relevant to integrating biodiversity into policies and programs.""}",1791561565.381951
P00394,PBSAP-08,W4395008763,3.0,"{""grade"": 3, ""reason"": ""The paper directly studies nature-based solutions for climate change adaptation in a Philippine municipality, providing insights and recommendations highly relevant to minimizing climate change impacts as outlined in the goal.""}",1791561566.611885
P00395,PBSAP-12,S2_f09a8e87e97de386a38b5f1206623a0784fbcb15,3.0,"{""grade"": 3, ""reason"": ""This paper directly addresses the identification and prioritization of green spaces and ecological connectivity in Quezon City, Philippines, providing actionable insights for urban green space planning and expansion as outlined in the goal.""}",1791561567.677118
P00396,PBSAP-10,W3093563774,3.0,"{""grade"": 3, ""reason"": ""This paper directly assesses the impacts of agriculture on Philippine biodiversity, analyzes relevant policies, and provides data on overlaps with ecologically important areas, making it highly relevant for informing sustainable management and biodiversity-friendly practices in agriculture.""}",1791561569.211004
P00397,PBSAP-16,S2_43006f2afc5d9cea514be3c666b1f442e84e04b2,3.0,"{""grade"": 3, ""reason"": ""This paper directly addresses sustainable consumption by evaluating the adoption of a reusable, biodegradable product in the Philippines, providing insights relevant to policy and practice for reducing waste and promoting sustainable choices.""}",1791561570.242968
P00398,PBSAP-14,W3108704521,3.0,"{""grade"": 3, ""reason"": ""The paper directly addresses integrating biodiversity into land use policy and planning in the Philippines, which is central to mainstreaming biodiversity in government processes.""}",1791561573.102157
P00399,PBSAP-19,S2_43d3666a59fa86e0986f6ec12b8f989e3aaca600,3.0,"{""grade"": 3, ""reason"": ""This paper directly discusses Payment for Ecosystem Services (PES) in the Philippines, a key component of the resource mobilization goal, and provides insights relevant to increasing and institutionalizing biodiversity financing.""}",1791561574.6359491
P00400,PBSAP-23,W7153338599,3.0,"{""grade"": 3, ""reason"": ""The paper directly examines gender equity in ecosystem restoration projects, including in the Philippines, and analyzes factors relevant to gender-responsive participation and decision-making in biodiversity efforts.""}",1791561575.678206
P00401,PBSAP-07,CR_10.62550_en18053023,2.0,"{""grade"": 2, ""reason"": ""The paper discusses organic rice farming and government support for sustainable agriculture in Indonesia, which is relevant to pollution reduction goals, but it is not specific to the Philippines.""}",1791561576.981907
P00402,PBSAP-19,W4395008763,2.0,"{""grade"": 2, ""reason"": ""The paper discusses financing and governance factors for nature-based solutions in a Philippine municipality, which is relevant to resource mobilization for biodiversity, but does not directly address national-level biodiversity financing mechanisms or tracking funding sources as specified in the goal.""}",1791561578.386571
P00403,PBSAP-09,W2467046380,3.0,"{""grade"": 3, ""reason"": ""The paper directly addresses the impacts of hunting and the need for sustainable use and enforcement in Southeast Asia, including the Philippines, making it highly relevant to the goal of sustainable use and benefit-sharing under Philippine wildlife laws.""}",1791561579.919625
P00404,PBSAP-18,W3093563774,3.0,"{""grade"": 3, ""reason"": ""This paper directly analyzes the impacts of agricultural policies and trade on Philippine biodiversity, providing evidence and policy analysis highly relevant for identifying and reforming harmful incentives as described in the goal.""}",1791561581.356262
P00405,PBSAP-13,W4404524185,3.0,"{""grade"": 3, ""reason"": ""This paper directly supports the goal by building a database of traditional knowledge on medicinal plants used by Philippine ethnolinguistic groups, facilitating benefit-sharing, ABS implementation, and indigenous knowledge conservation.""}",1791561582.637995
P00406,PBSAP-22,W7165360961,2.0,"{""grade"": 2, ""reason"": ""The paper is relevant as it discusses community-based forest management and participation of local communities in tropical Asia, but it is not specific to the Philippines or Indigenous Peoples, thus only partly addresses the goal.""}",1791561583.915623
P00407,PBSAP-14,S2_3cff0c31944d73e9c187c5dfa5398be262a2a695,3.0,"{""grade"": 3, ""reason"": ""The paper directly addresses the integration of biodiversity objectives into a major national program and discusses governance and policy improvements needed for mainstreaming biodiversity in the Philippines.""}",1791561585.0424662
P00408,PBSAP-07,W4411008696,2.0,"{""grade"": 2, ""reason"": ""The paper is focused on river pollution and sustainable management in Central Java, Indonesia, with some reference to relevant practices in the Philippines, making it indirectly relevant to the goal of reducing pollution in the Philippines.""}",1791561586.374198
P00409,PBSAP-20,W4396732615,1.0,"{""grade"": 1, ""reason"": ""The paper discusses capacity building and development in the context of energy access and SDGs in the Global South, but it is not focused on biodiversity or the Philippine context.""}",1791561587.4584289
P00410,PBSAP-17,W1459175984,3.0,"{""grade"": 3, ""reason"": ""The paper directly discusses the implementation and strengthening of biotechnology policies and regulatory systems in the Philippines, which aligns closely with the goal of managing impacts of biotechnology through biosafety measures and regulations.""}",1791561588.491389
P00411,PBSAP-06,W4410281535,3.0,"{""grade"": 3, ""reason"": ""This paper directly studies the impacts and management of invasive alien species in a Philippine priority site, providing data and recommendations relevant to reducing IAS spread and informing policy and interventions.""}",1791561589.826611
P00412,PBSAP-13,W2950013675,2.0,"{""grade"": 2, ""reason"": ""The paper discusses global crop breeding networks and resistance gene exchange, which is relevant to benefit sharing of genetic resources, but it does not specifically address Philippine contexts or ABS frameworks.""}",1791561590.98112
P00413,PBSAP-02,W2061234940,3.0,"{""grade"": 3, ""reason"": ""This paper is directly about developing guidelines for forest restoration in the Philippines, addressing key aspects of ecosystem restoration relevant to the goal.""}",1791561592.0061991
P00414,PBSAP-16,W4412040795,2.0,"{""grade"": 2, ""reason"": ""The paper reviews policy frameworks and implementation practices of a major Philippine environmental program, which is relevant to sustainable consumption and production, but it focuses on reforestation rather than directly on consumption, waste, or circular economy practices.""}",1791561593.723933
P00415,PBSAP-11,W4408768228,1.0,"{""grade"": 1, ""reason"": ""The paper discusses global nuclear disasters and their environmental impacts, which is only marginally related to the goal of ecosystem resilience and disaster assessment in the Philippines, as it does not address Philippine contexts or biodiversity-specific strategies.""}",1791561595.180185
P00416,PBSAP-18,W4401111444,2.0,"{""grade"": 2, ""reason"": ""The paper discusses unintended negative consequences of agricultural incentives and restoration policies, which is relevant to the goal of eliminating harmful incentives, but it is focused on European farmland rather than the Philippines.""}",1791561596.410799
P00417,PBSAP-19,W4402148428,2.0,"{""grade"": 2, ""reason"": ""The paper discusses resource allocation and innovative financing mechanisms for climate change mitigation by LGUs in the Philippines, which is relevant to resource mobilization for biodiversity but focuses more on climate change than biodiversity-specific financing.""}",1791561597.535499
P00418,PBSAP-09,S2_22033d5310e78cb9c89f780ef47f11e72528f71a,3.0,"{""grade"": 3, ""reason"": ""The paper directly addresses illegal wildlife trade, enforcement challenges, and the application of RA 9147 in the Philippines, which are central to the goal of sustainable use and benefit-sharing.""}",1791561598.456918
P00419,PBSAP-07,W3215128528,2.0,"{""grade"": 2, ""reason"": ""The study is directly about pesticide impacts and monitoring in rice ecosystems, which is relevant to the goal, but it is based in Sri Lanka and not the Philippines, so its findings are only partly or indirectly applicable.""}",1791561599.686827
P00420,PBSAP-20,W4415859928,1.0,"{""grade"": 1, ""reason"": ""The paper focuses on small-scale infrastructure development and community empowerment in rural areas, which is only marginally related to capacity building for biodiversity conservation as outlined in the goal.""}",1791561600.709853
P00421,PBSAP-19,S2_621f959862afabacf00b11da48e042a99e581805,2.0,"{""grade"": 2, ""reason"": ""The paper discusses a major government program related to biodiversity conservation in the Philippines and policy recommendations, but does not directly address resource mobilization or financing mechanisms.""}",1791561601.937414
P00422,PBSAP-10,W4414269792,3.0,"{""grade"": 3, ""reason"": ""This paper directly addresses sustainable management and biodiversity-friendly practices in Philippine agriculture and forestry, providing insights and recommendations highly relevant to the goal.""}",1791561602.962708
P00423,PBSAP-15,S2_d9ae6d72bbca3bcae5e975ed8c5c7a3ce1f895c4,2.0,"{""grade"": 2, ""reason"": ""The paper discusses smart farming innovations and business models in the Philippines, which are relevant to sustainable production and supply chains, but does not directly address ESG frameworks, biodiversity reporting, or policy instruments as specified in the goal.""}",1791561603.963774
P00424,PBSAP-02,W4410834963,3.0,"{""grade"": 3, ""reason"": ""This paper is directly about forest and landscape restoration in the Philippines, discusses implementation, challenges, and recommendations, and would be highly useful for meeting the ecosystem restoration goal.""}",1791561605.215501
P00425,PBSAP-16,W4403258450,2.0,"{""grade"": 2, ""reason"": ""The paper is globally focused and discusses strategies relevant to sustainable consumption and production, such as reduction, recycling, and policy interventions, but does not specifically address the Philippines or Philippine policy instruments.""}",1791561606.488626
P00426,PBSAP-17,W7217789486,2.0,"{""grade"": 2, ""reason"": ""The paper discusses plant biotechnology applications in natural farming, including case studies from the Philippines, but focuses on non-GMO tools rather than biosafety measures or regulations.""}",1791561607.775467
P00427,PBSAP-15,W4402140654,2.0,"{""grade"": 2, ""reason"": ""The paper is relevant as it addresses sustainable production and supply chain improvements for bamboo in the Philippines, but it does not directly discuss ESG frameworks, biodiversity risk disclosure, or policy instruments as specified in the goal.""}",1791561609.1531851
P00428,PBSAP-01,W4392295675,2.0,"{""grade"": 2, ""reason"": ""The paper presents a tool for integrating land degradation neutrality into land use planning with participatory and spatial analysis features relevant to the goal, but it is not specific to the Philippines.""}",1791561610.218339
P00429,PBSAP-21,W4280544448,2.0,"{""grade"": 2, ""reason"": ""The paper presents a methodology for integrating natural and social science data relevant to ecosystem quality and communication strategies, which is indirectly useful for improving biodiversity information systems and awareness, but it is not specific to the Philippines or directly about PBSAP goals.""}",1791561611.974327
P00430,PBSAP-15,S2_3cff0c31944d73e9c187c5dfa5398be262a2a695,2.0,"{""grade"": 2, ""reason"": ""The paper discusses governance and policy issues affecting biodiversity conservation in a major Philippine program, which is relevant to sustainable production and supply chain goals, but does not directly address ESG frameworks, reporting, or supply chain transparency.""}",1791561613.309226
P00431,PBSAP-08,W4312559589,3.0,"{""grade"": 3, ""reason"": ""The paper directly addresses climate change impacts in the Philippines using ecosystem-based approaches and develops a framework for climate responsiveness in environmental management, aligning closely with the goal's focus on minimizing climate change impacts through nature-based solutions and policy integration.""}",1791561615.057408
P00432,PBSAP-01,W2955304591,2.0,"{""grade"": 2, ""reason"": ""The paper discusses progress and actions related to protected area coverage, management, and integration in megadiverse countries (including the Philippines), which is relevant but not directly focused on Philippine-specific land and sea use planning or spatial analysis.""}",1791561616.4798028
P00433,PBSAP-04,W4378447969,3.0,"{""grade"": 3, ""reason"": ""The paper directly addresses the assessment, monitoring, and conservation challenges for threatened species in the southern Philippines, providing relevant data and recommendations for improving management regimes as outlined in the goal.""}",1791561617.457176
P00434,PBSAP-07,W2046051800,3.0,"{""grade"": 3, ""reason"": ""This paper directly analyzes pesticide use, residues, and impacts in the Philippines, providing data and recommendations highly relevant to reducing pollution from agricultural sources as outlined in the goal.""}",1791561619.088647
P00435,PBSAP-22,W7126074537,3.0,"{""grade"": 3, ""reason"": ""The paper directly studies factors influencing local and Indigenous Peoples' participation in biodiversity management in the Philippines, providing actionable insights for enhancing IPLC engagement as specified in the goal.""}",1791561620.288125
P00436,PBSAP-08,W4353005001,3.0,"{""grade"": 3, ""reason"": ""The paper directly discusses climate change impacts and ecosystem-based adaptation and mitigation in the Philippines, aligning closely with the goal of minimizing climate change impacts through nature-based solutions.""}",1791561621.501289
P00437,PBSAP-21,W4408886430,3.0,"{""grade"": 3, ""reason"": ""The paper directly addresses indigenous knowledge systems in Mindanao, Philippines, focusing on traditional knowledge transmission and its role in biodiversity conservation, which is central to the goal of improving knowledge platforms and awareness.""}",1791561622.828635
P00438,PBSAP-09,W7212125727,3.0,"{""grade"": 3, ""reason"": ""The paper directly analyzes legal and illegal wildlife trade in the Philippines, providing data and insights highly relevant to monitoring, enforcing, and improving sustainable use and benefit-sharing goals under national laws.""}",1791561625.801173
P00439,PBSAP-13,W7166862734,2.0,"{""grade"": 2, ""reason"": ""The paper discusses indigenous knowledge and benefit-sharing in forest management in the Philippines, which is relevant to ABS principles, but does not directly address genetic resources or ABS mechanisms.""}",1791561626.889547
P00440,PBSAP-16,W4352984548,3.0,"{""grade"": 3, ""reason"": ""The paper directly addresses sustainable consumption, circular economy, and reduced waste in the Philippine food system, aligning closely with the goal and its listed actions.""}",1791561627.9545028
P00441,PBSAP-17,W7117365149,2.0,"{""grade"": 2, ""reason"": ""The paper discusses biotechnology regulation and development in ASEAN countries, including the Philippines, but focuses mainly on Indonesia and regional trends rather than Philippine-specific biosafety measures.""}",1791561629.483874
P00442,PBSAP-17,W4306927827,2.0,"{""grade"": 2, ""reason"": ""The paper discusses the impacts of synthetic biology on biodiversity conservation and policy, which is relevant to biosafety and biotechnology management, but it is not specific to the Philippines or its regulatory context.""}",1791561630.717151
P00443,PBSAP-23,W4413342621,3.0,"{""grade"": 3, ""reason"": ""The paper directly addresses gender-inclusive participation and representation in water management in rural Philippines, providing insights relevant to gender equality in biodiversity-related decision-making and local governance.""}",1791561631.840189
P00444,PBSAP-12,W4412040795,2.0,"{""grade"": 2, ""reason"": ""The paper reviews the National Greening Program, which is relevant to increasing green spaces and biodiversity in the Philippines, but it focuses on reforestation and restoration at a national scale rather than specifically on urban green and blue spaces or public access in cities.""}",1791561633.068634
P00445,PBSAP-22,W7153338599,3.0,"{""grade"": 3, ""reason"": ""The paper directly addresses gender equity and participation in ecosystem restoration in the Philippines, providing insights highly relevant to promoting equitable representation and meaningful participation of IPLCs in biodiversity management.""}",1791561634.183424
P00446,PBSAP-22,W3027970443,3.0,"{""grade"": 3, ""reason"": ""This paper directly studies local community participation in biodiversity management in the Philippines, assessing impacts on access to information, services, and livelihoods, which aligns closely with the goal.""}",1791561635.6071181
P00447,PBSAP-07,W7116656793,3.0,"{""grade"": 3, ""reason"": ""This paper directly addresses farmer awareness and practices regarding pesticide use in the Philippines, providing insights that are highly relevant for reducing pesticide-related impacts and informing interventions under the goal.""}",1791561637.38558
P00448,PBSAP-23,W4407340918,3.0,"{""grade"": 3, ""reason"": ""The paper directly examines gender, community participation, and equity in resource access in the Philippines, providing insights highly relevant to achieving gender-responsive representation and participation in biodiversity-related decision-making.""}",1791561638.8130088
P00449,PBSAP-21,W2760625140,1.0,"{""grade"": 1, ""reason"": ""The paper discusses expert selection and knowledge integration in an African biodiversity assessment, which is only marginally related to improving Philippine biodiversity information systems or capacity-building.""}",1791561640.2374122
P00450,PBSAP-23,W7203732379,3.0,"{""grade"": 3, ""reason"": ""The paper directly examines gender participation and responsiveness in biodiversity management in the Philippines, providing insights and recommendations highly relevant to achieving the goal of gender equality in biodiversity decision-making and management.""}",1791561641.268435
P00451,PBSAP-12,W2129804178,2.0,"{""grade"": 2, ""reason"": ""The paper discusses increased forest cover and community-based forest management in an urban Philippine city, which is relevant to green space expansion, but does not directly address public access, blue spaces, or urban planning frameworks.""}",1791561642.5924249
P00452,PBSAP-08,W4365502957,3.0,"{""grade"": 3, ""reason"": ""The paper directly addresses the role of indigenous knowledge and social capital in climate change adaptation in the Philippines, providing insights highly relevant to minimizing climate change impacts through ecosystem-based and indigenous approaches.""}",1791561643.823457
P00453,PBSAP-13,W1600819951,2.0,"{""grade"": 2, ""reason"": ""The paper discusses plant genetic resources, capacity, and policy development in the Philippines (among other countries), which is relevant to benefit sharing, but does not directly address ABS mechanisms or equitable sharing of benefits.""}",1791561645.562113
P00454,PBSAP-18,W2984343842,2.0,"{""grade"": 2, ""reason"": ""The paper discusses REDD+ incentives and their benefits for smallholders in the Philippines, which is relevant to the goal of repurposing incentives for biodiversity, but it does not directly address the elimination or reform of harmful subsidies or taxes.""}",1791561647.507518
P00455,PBSAP-12,W4401069513,2.0,"{""grade"": 2, ""reason"": ""The paper discusses the importance of integrating biodiversity conservation into urban green space planning, which is relevant to the goal, but it is based on studies from Costa Rica and not the Philippines.""}",1791561648.877255
P00456,PBSAP-01,W2051651993,1.0,"{""grade"": 1, ""reason"": ""The paper is a general introduction to a journal about land use and sustainability and does not provide specific information or research relevant to biodiversity-inclusive spatial planning in the Philippines.""}",1791561650.068206
P00457,PBSAP-04,W4220813165,2.0,"{""grade"": 2, ""reason"": ""The paper is directly relevant to active management of species and genetic diversity but is focused on India, so its methods and findings could inform similar efforts in the Philippines but are not directly about the Philippines.""}",1791561651.4814012
P00458,PBSAP-09,W7217033531,3.0,"{""grade"": 3, ""reason"": ""The paper directly reviews environmental crimes in the Philippines, including illegal wildlife trade and fishing, which are central to the goal of sustainable use and benefit-sharing under Philippine law.""}",1791561652.6805801
P00459,PBSAP-17,W3093563774,1.0,"{""grade"": 1, ""reason"": ""The paper discusses the impacts of agriculture and trade on Philippine biodiversity but does not address biotechnology, biosafety, or related regulations.""}",1791561653.959925
