topic_id,doc_id,run,rank
PBSAP-01,W3108704521,bge__decomp,1
PBSAP-01,W4412183575,bge__decomp,2
PBSAP-01,W2542377898,bge__decomp,3
PBSAP-01,W4367300566,bge__decomp,4
PBSAP-01,W4378447969,bge__decomp,5
PBSAP-01,W1896426078,bge__decomp,6
PBSAP-01,W2230288673,bge__decomp,7
PBSAP-01,W3123577242,bge__decomp,8
PBSAP-01,W1594542371,bge__decomp,9
PBSAP-01,W3217458552,bge__decomp,10
PBSAP-02,W2061234940,bge__decomp,1
PBSAP-02,W2087254397,bge__decomp,2
PBSAP-02,S2_9cb003ac1151047201c67ff14c3543db5c23b561,bge__decomp,3
PBSAP-02,W3018187738,bge__decomp,4
PBSAP-02,W4407398510,bge__decomp,5
PBSAP-02,W4410834963,bge__decomp,6
PBSAP-02,W4393295112,bge__decomp,7
PBSAP-02,W33323309,bge__decomp,8
PBSAP-02,S2_79f0bac63b7438127bd143f5f8ddec413ec31e0d,bge__decomp,9
PBSAP-02,W3010422508,bge__decomp,10
PBSAP-03,W1594542371,bge__decomp,1
PBSAP-03,W4378447969,bge__decomp,2
PBSAP-03,W2230288673,bge__decomp,3
PBSAP-03,W2099413372,bge__decomp,4
PBSAP-03,W3217458552,bge__decomp,5
PBSAP-03,W2015946504,bge__decomp,6
PBSAP-03,S2_ed446c6ffc35554d933f3840a89450f24c738c7c,bge__decomp,7
PBSAP-03,W4412183575,bge__decomp,8
PBSAP-03,W3123577242,bge__decomp,9
PBSAP-03,W4391631041,bge__decomp,10
PBSAP-04,W2969061020,bge__decomp,1
PBSAP-04,W2230288673,bge__decomp,2
PBSAP-04,W4378447969,bge__decomp,3
PBSAP-04,W4378214736,bge__decomp,4
PBSAP-04,W4405260927,bge__decomp,5
PBSAP-04,S2_e7a962fa90839c56c79e7faa574828af6c27cef2,bge__decomp,6
PBSAP-04,W7128483887,bge__decomp,7
PBSAP-04,W3123577242,bge__decomp,8
PBSAP-04,W3216364292,bge__decomp,9
PBSAP-04,W2685706705,bge__decomp,10
PBSAP-05,S2_c66fd4a176bed2043b1cfc7c2540b64637c1d5fc,bge__decomp,1
PBSAP-05,W7212125727,bge__decomp,2
PBSAP-05,W7128483887,bge__decomp,3
PBSAP-05,S2_29e69f3dfa0edeaa997d6ee59ca72492e90da1d3,bge__decomp,4
PBSAP-05,W3009126446,bge__decomp,5
PBSAP-05,W4234534490,bge__decomp,6
PBSAP-05,W4367050842,bge__decomp,7
PBSAP-05,W2230288673,bge__decomp,8
PBSAP-05,W7217033531,bge__decomp,9
PBSAP-05,W3213911384,bge__decomp,10
PBSAP-06,W7114780924,bge__decomp,1
PBSAP-06,W4413743321,bge__decomp,2
PBSAP-06,W4386934009,bge__decomp,3
PBSAP-06,W1571560810,bge__decomp,4
PBSAP-06,W2340893116,bge__decomp,5
PBSAP-06,W2923464369,bge__decomp,6
PBSAP-06,W2171065585,bge__decomp,7
PBSAP-06,W1503589537,bge__decomp,8
PBSAP-06,W4404424499,bge__decomp,9
PBSAP-06,W4405759221,bge__decomp,10
PBSAP-07,W2169278375,bge__decomp,1
PBSAP-07,S2_228b511ed178f1ea54a584d30e5a900dcbceccdd,bge__decomp,2
PBSAP-07,S2_81cb493ecaa6691186563bb4cfc46d9a57e021cb,bge__decomp,3
PBSAP-07,S2_8da3451eb28c19f1de34677cbac5742ee5d12a8e,bge__decomp,4
PBSAP-07,W4411816928,bge__decomp,5
PBSAP-07,W4296816554,bge__decomp,6
PBSAP-07,W2059351194,bge__decomp,7
PBSAP-07,W4407507071,bge__decomp,8
PBSAP-07,W3085566276,bge__decomp,9
PBSAP-07,W7118611991,bge__decomp,10
PBSAP-08,W4353005001,bge__decomp,1
PBSAP-08,W4312559589,bge__decomp,2
PBSAP-08,W2106155414,bge__decomp,3
PBSAP-08,W69967321,bge__decomp,4
PBSAP-08,W4205704710,bge__decomp,5
PBSAP-08,W4389520227,bge__decomp,6
PBSAP-08,S2_63859ccddaac7e2b835e6ec440b0dfbac2a00829,bge__decomp,7
PBSAP-08,W4415656728,bge__decomp,8
PBSAP-08,W1556955148,bge__decomp,9
PBSAP-08,S2_0d19e96387c931fc4983e2d58643c62cc270040f,bge__decomp,10
PBSAP-09,W7212125727,bge__decomp,1
PBSAP-09,W7217033531,bge__decomp,2
PBSAP-09,S2_c66fd4a176bed2043b1cfc7c2540b64637c1d5fc,bge__decomp,3
PBSAP-09,W3009126446,bge__decomp,4
PBSAP-09,W2230288673,bge__decomp,5
PBSAP-09,W7128483887,bge__decomp,6
PBSAP-09,S2_29e69f3dfa0edeaa997d6ee59ca72492e90da1d3,bge__decomp,7
PBSAP-09,W2685706705,bge__decomp,8
PBSAP-09,W4367050842,bge__decomp,9
PBSAP-09,W3123577242,bge__decomp,10
PBSAP-10,W4414269792,bge__decomp,1
PBSAP-10,W4289263581,bge__decomp,2
PBSAP-10,W3142608617,bge__decomp,3
PBSAP-10,W3093563774,bge__decomp,4
PBSAP-10,W2562713321,bge__decomp,5
PBSAP-10,W4412678568,bge__decomp,6
PBSAP-10,S2_8c66cf5d6cd11c4e4a35d61fd460e5f97fce47f9,bge__decomp,7
PBSAP-10,W4378447969,bge__decomp,8
PBSAP-10,W2184585570,bge__decomp,9
PBSAP-10,W4367300566,bge__decomp,10
PBSAP-11,W4353005001,bge__decomp,1
PBSAP-11,W2106155414,bge__decomp,2
PBSAP-11,W4396661604,bge__decomp,3
PBSAP-11,W4389520227,bge__decomp,4
PBSAP-11,S2_30ad9a5f2c59699fda79655f922e51ea144395d2,bge__decomp,5
PBSAP-11,W4413182117,bge__decomp,6
PBSAP-11,W4401480772,bge__decomp,7
PBSAP-11,W4205704710,bge__decomp,8
PBSAP-11,W2099413372,bge__decomp,9
PBSAP-11,S2_9c450a80461f609dab3dc99e4576e7c6a0bc02e9,bge__decomp,10
PBSAP-12,S2_7130af289ec403fe1fe92db9945b6aa20842afb3,bge__decomp,1
PBSAP-12,W2990588419,bge__decomp,2
PBSAP-12,W2089174513,bge__decomp,3
PBSAP-12,W4400318614,bge__decomp,4
PBSAP-12,W4416862269,bge__decomp,5
PBSAP-12,W4310688224,bge__decomp,6
PBSAP-12,W2129804178,bge__decomp,7
PBSAP-12,W4406186078,bge__decomp,8
PBSAP-12,W2922249169,bge__decomp,9
PBSAP-12,W4282968630,bge__decomp,10
PBSAP-13,W4414269792,bge__decomp,1
PBSAP-13,W1594542371,bge__decomp,2
PBSAP-13,S2_8c66cf5d6cd11c4e4a35d61fd460e5f97fce47f9,bge__decomp,3
PBSAP-13,W2015946504,bge__decomp,4
PBSAP-13,W4413735951,bge__decomp,5
PBSAP-13,W4412040795,bge__decomp,6
PBSAP-13,W4384828036,bge__decomp,7
PBSAP-13,W7166862734,bge__decomp,8
PBSAP-13,S2_3cff0c31944d73e9c187c5dfa5398be262a2a695,bge__decomp,9
PBSAP-13,W3031078873,bge__decomp,10
PBSAP-14,W4414269792,bge__decomp,1
PBSAP-14,S2_3cff0c31944d73e9c187c5dfa5398be262a2a695,bge__decomp,2
PBSAP-14,S2_a57b78f38afa529c1fe5522777b46c7bffc76a89,bge__decomp,3
PBSAP-14,W3123577242,bge__decomp,4
PBSAP-14,W4399684148,bge__decomp,5
PBSAP-14,W2099413372,bge__decomp,6
PBSAP-14,W1969311305,bge__decomp,7
PBSAP-14,W2015946504,bge__decomp,8
PBSAP-14,W4378447969,bge__decomp,9
PBSAP-14,W4412040795,bge__decomp,10
PBSAP-15,W2562713321,bge__decomp,1
PBSAP-15,W4414269792,bge__decomp,2
PBSAP-15,W3093563774,bge__decomp,3
PBSAP-15,S2_990a41e1730e061b73c74bc9403d47118f99ac85,bge__decomp,4
PBSAP-15,S2_8da3451eb28c19f1de34677cbac5742ee5d12a8e,bge__decomp,5
PBSAP-15,W4289263581,bge__decomp,6
PBSAP-15,W4412040795,bge__decomp,7
PBSAP-15,W1562522689,bge__decomp,8
PBSAP-15,W4378447969,bge__decomp,9
PBSAP-15,S2_3cff0c31944d73e9c187c5dfa5398be262a2a695,bge__decomp,10
PBSAP-16,W3123577242,bge__decomp,1
PBSAP-16,W7217033531,bge__decomp,2
PBSAP-16,S2_8da3451eb28c19f1de34677cbac5742ee5d12a8e,bge__decomp,3
PBSAP-16,W3093563774,bge__decomp,4
PBSAP-16,S2_990a41e1730e061b73c74bc9403d47118f99ac85,bge__decomp,5
PBSAP-16,W4389520227,bge__decomp,6
PBSAP-16,W4411215922,bge__decomp,7
PBSAP-16,W4412040795,bge__decomp,8
PBSAP-16,W1594542371,bge__decomp,9
PBSAP-16,W3101545844,bge__decomp,10
PBSAP-17,W4041787,bge__decomp,1
PBSAP-17,W1459175984,bge__decomp,2
PBSAP-17,S2_e4a23859e6ca4f6beef2554ec6907efddb5a2b3c,bge__decomp,3
PBSAP-17,W2976099232,bge__decomp,4
PBSAP-17,W4402971859,bge__decomp,5
PBSAP-17,S2_8da3451eb28c19f1de34677cbac5742ee5d12a8e,bge__decomp,6
PBSAP-17,W4313051900,bge__decomp,7
PBSAP-17,W3093563774,bge__decomp,8
PBSAP-17,W3200111825,bge__decomp,9
PBSAP-17,W7114780924,bge__decomp,10
PBSAP-18,W2773637153,bge__decomp,1
PBSAP-18,W4412040795,bge__decomp,2
PBSAP-18,W2099413372,bge__decomp,3
PBSAP-18,W2112102997,bge__decomp,4
PBSAP-18,W2277658191,bge__decomp,5
PBSAP-18,S2_43d3666a59fa86e0986f6ec12b8f989e3aaca600,bge__decomp,6
PBSAP-18,W3093563774,bge__decomp,7
PBSAP-18,S2_3cff0c31944d73e9c187c5dfa5398be262a2a695,bge__decomp,8
PBSAP-18,S2_a57b78f38afa529c1fe5522777b46c7bffc76a89,bge__decomp,9
PBSAP-18,S2_8c66cf5d6cd11c4e4a35d61fd460e5f97fce47f9,bge__decomp,10
PBSAP-19,S2_43d3666a59fa86e0986f6ec12b8f989e3aaca600,bge__decomp,1
PBSAP-19,W4412040795,bge__decomp,2
PBSAP-19,W7214047140,bge__decomp,3
PBSAP-19,S2_a57b78f38afa529c1fe5522777b46c7bffc76a89,bge__decomp,4
PBSAP-19,W2277658191,bge__decomp,5
PBSAP-19,W2112102997,bge__decomp,6
PBSAP-19,W1594542371,bge__decomp,7
PBSAP-19,S2_3cff0c31944d73e9c187c5dfa5398be262a2a695,bge__decomp,8
PBSAP-19,W2094221636,bge__decomp,9
PBSAP-19,W2061234940,bge__decomp,10
PBSAP-20,W2069105096,bge__decomp,1
PBSAP-20,W1603507857,bge__decomp,2
PBSAP-20,S2_3cff0c31944d73e9c187c5dfa5398be262a2a695,bge__decomp,3
PBSAP-20,W4412040795,bge__decomp,4
PBSAP-20,W1594542371,bge__decomp,5
PBSAP-20,W2015946504,bge__decomp,6
PBSAP-20,W2061234940,bge__decomp,7
PBSAP-20,W4392714263,bge__decomp,8
PBSAP-20,W3018187738,bge__decomp,9
PBSAP-20,W4399385125,bge__decomp,10
PBSAP-21,W3175560070,bge__decomp,1
PBSAP-21,W3174154525,bge__decomp,2
PBSAP-21,W4378447969,bge__decomp,3
PBSAP-21,W3031078873,bge__decomp,4
PBSAP-21,W3122819860,bge__decomp,5
PBSAP-21,W4414269792,bge__decomp,6
PBSAP-21,W2230288673,bge__decomp,7
PBSAP-21,W4413846848,bge__decomp,8
PBSAP-21,W3041819998,bge__decomp,9
PBSAP-21,W2274108237,bge__decomp,10
PBSAP-22,W2069105096,bge__decomp,1
PBSAP-22,W4414510181,bge__decomp,2
PBSAP-22,W1594542371,bge__decomp,3
PBSAP-22,S2_3cff0c31944d73e9c187c5dfa5398be262a2a695,bge__decomp,4
PBSAP-22,W2015946504,bge__decomp,5
PBSAP-22,W1969311305,bge__decomp,6
PBSAP-22,W7166862734,bge__decomp,7
PBSAP-22,W2145438031,bge__decomp,8
PBSAP-22,W4413735951,bge__decomp,9
PBSAP-22,W4412040795,bge__decomp,10
PBSAP-23,W7128442380,bge__decomp,1
PBSAP-23,W4414510181,bge__decomp,2
PBSAP-23,W7203732379,bge__decomp,3
PBSAP-23,W2069105096,bge__decomp,4
PBSAP-23,W1594542371,bge__decomp,5
PBSAP-23,W3001813355,bge__decomp,6
PBSAP-23,W4416745341,bge__decomp,7
PBSAP-23,W1969311305,bge__decomp,8
PBSAP-23,W2015946504,bge__decomp,9
PBSAP-23,W4412040795,bge__decomp,10
PBSAP-01,W2164623622,bge__desc,1
PBSAP-01,W2886345360,bge__desc,2
PBSAP-01,W2955304591,bge__desc,3
PBSAP-01,S2_d4863a03d44a3adb48b618a35e7d4dffe974f41f,bge__desc,4
PBSAP-01,W2120351078,bge__desc,5
PBSAP-01,W4395447577,bge__desc,6
PBSAP-01,W3193703661,bge__desc,7
PBSAP-01,W4411101325,bge__desc,8
PBSAP-01,W3016904115,bge__desc,9
PBSAP-01,W7108636392,bge__desc,10
PBSAP-02,S2_ca92060e6d57c31b8be63e7e98193c28ca285787,bge__desc,1
PBSAP-02,W4411536063,bge__desc,2
PBSAP-02,W4395447577,bge__desc,3
PBSAP-02,W2164623622,bge__desc,4
PBSAP-02,W7117240352,bge__desc,5
PBSAP-02,W2409742293,bge__desc,6
PBSAP-02,S2_4e36d1af617e80b783206b38dc9d713c7862c01c,bge__desc,7
PBSAP-02,W4225524055,bge__desc,8
PBSAP-02,W7120528238,bge__desc,9
PBSAP-02,W2149089374,bge__desc,10
PBSAP-03,W2164623622,bge__desc,1
PBSAP-03,W2120351078,bge__desc,2
PBSAP-03,W2929380377,bge__desc,3
PBSAP-03,W4395447577,bge__desc,4
PBSAP-03,W4381430318,bge__desc,5
PBSAP-03,W2149089374,bge__desc,6
PBSAP-03,W2081623219,bge__desc,7
PBSAP-03,W4408419187,bge__desc,8
PBSAP-03,W1521329342,bge__desc,9
PBSAP-03,CR_10.47125_jesam_2024_2_03,bge__desc,10
PBSAP-04,W4405260881,bge__desc,1
PBSAP-04,W3204525239,bge__desc,2
PBSAP-04,W4387183679,bge__desc,3
PBSAP-04,W3016904115,bge__desc,4
PBSAP-04,W4321515620,bge__desc,5
PBSAP-04,W1543590217,bge__desc,6
PBSAP-04,S2_d4863a03d44a3adb48b618a35e7d4dffe974f41f,bge__desc,7
PBSAP-04,W4387613268,bge__desc,8
PBSAP-04,W3103428383,bge__desc,9
PBSAP-04,W2120351078,bge__desc,10
PBSAP-05,W4402494050,bge__desc,1
PBSAP-05,W3204525239,bge__desc,2
PBSAP-05,W7212125727,bge__desc,3
PBSAP-05,S2_e12f51b32a59d84ebff19f320b644ee882d59de5,bge__desc,4
PBSAP-05,W2929380377,bge__desc,5
PBSAP-05,W3058305516,bge__desc,6
PBSAP-05,W3009126446,bge__desc,7
PBSAP-05,W3165390107,bge__desc,8
PBSAP-05,W4294868272,bge__desc,9
PBSAP-05,W4387972153,bge__desc,10
PBSAP-06,W4411240772,bge__desc,1
PBSAP-06,W4389345136,bge__desc,2
PBSAP-06,W4400691459,bge__desc,3
PBSAP-06,W4380536720,bge__desc,4
PBSAP-06,S2_573448af3e4cf51118387a8c5619f4dbe6b00910,bge__desc,5
PBSAP-06,W4400657875,bge__desc,6
PBSAP-06,W4404424472,bge__desc,7
PBSAP-06,S2_1f906caa51e229a6d1803fae83b5deed2bf4a300,bge__desc,8
PBSAP-06,S2_e83998effb3486c72cbdb859c1457b64688e97b6,bge__desc,9
PBSAP-06,W4410281535,bge__desc,10
PBSAP-07,W4403258450,bge__desc,1
PBSAP-07,W2510889377,bge__desc,2
PBSAP-07,W3215128528,bge__desc,3
PBSAP-07,W2402690890,bge__desc,4
PBSAP-07,S2_227a9a9a6163fe44d15dee792160ca834992cf6e,bge__desc,5
PBSAP-07,W4416457425,bge__desc,6
PBSAP-07,W4404457431,bge__desc,7
PBSAP-07,S2_9336575cd80f17c9df61d06d7d617f8f0d12ee65,bge__desc,8
PBSAP-07,W4200189258,bge__desc,9
PBSAP-07,W2703863477,bge__desc,10
PBSAP-08,S2_0d19e96387c931fc4983e2d58643c62cc270040f,bge__desc,1
PBSAP-08,W3016463580,bge__desc,2
PBSAP-08,W2086040564,bge__desc,3
PBSAP-08,W4284688108,bge__desc,4
PBSAP-08,W4205704710,bge__desc,5
PBSAP-08,S2_9b108644d1ea3f019ed8b5aee0a17c5f7e9664f8,bge__desc,6
PBSAP-08,W2468565069,bge__desc,7
PBSAP-08,W3016525319,bge__desc,8
PBSAP-08,W2773910037,bge__desc,9
PBSAP-08,W3119881652,bge__desc,10
PBSAP-09,W3204525239,bge__desc,1
PBSAP-09,W4402494050,bge__desc,2
PBSAP-09,W2929380377,bge__desc,3
PBSAP-09,W4294868272,bge__desc,4
PBSAP-09,W7212125727,bge__desc,5
PBSAP-09,S2_e12f51b32a59d84ebff19f320b644ee882d59de5,bge__desc,6
PBSAP-09,W3058305516,bge__desc,7
PBSAP-09,W3009126446,bge__desc,8
PBSAP-09,W3165390107,bge__desc,9
PBSAP-09,W4400131744,bge__desc,10
PBSAP-10,W3103428383,bge__desc,1
PBSAP-10,S2_8fc65d06f67bc4a087735396608920ee556a3b81,bge__desc,2
PBSAP-10,CR_10.47125_jesam_2020_2_02,bge__desc,3
PBSAP-10,W1599692419,bge__desc,4
PBSAP-10,W4205144949,bge__desc,5
PBSAP-10,W2620975379,bge__desc,6
PBSAP-10,W3087492806,bge__desc,7
PBSAP-10,W3156975388,bge__desc,8
PBSAP-10,W4389371260,bge__desc,9
PBSAP-10,W2562713321,bge__desc,10
PBSAP-11,W4395447577,bge__desc,1
PBSAP-11,W3016904115,bge__desc,2
PBSAP-11,W2135744524,bge__desc,3
PBSAP-11,S2_ae0c2a0a4d5661b9984fecf24b107d8e23ab0ddd,bge__desc,4
PBSAP-11,W2078475029,bge__desc,5
PBSAP-11,W2043549228,bge__desc,6
PBSAP-11,W2773910037,bge__desc,7
PBSAP-11,W2149089374,bge__desc,8
PBSAP-11,W2120351078,bge__desc,9
PBSAP-11,S2_d4863a03d44a3adb48b618a35e7d4dffe974f41f,bge__desc,10
PBSAP-12,W4400989671,bge__desc,1
PBSAP-12,W3088840211,bge__desc,2
PBSAP-12,W4415230613,bge__desc,3
PBSAP-12,W4404283411,bge__desc,4
PBSAP-12,W3029828508,bge__desc,5
PBSAP-12,W4416862269,bge__desc,6
PBSAP-12,W2981929374,bge__desc,7
PBSAP-12,W4407897230,bge__desc,8
PBSAP-12,S2_608e0e89b049cbf45029e941ae43caf4af0982cb,bge__desc,9
PBSAP-12,W2922249169,bge__desc,10
PBSAP-13,W4321515620,bge__desc,1
PBSAP-13,W3200111825,bge__desc,2
PBSAP-13,W1600819951,bge__desc,3
PBSAP-13,W2904871397,bge__desc,4
PBSAP-13,W4412044687,bge__desc,5
PBSAP-13,W2965368525,bge__desc,6
PBSAP-13,W1567522067,bge__desc,7
PBSAP-13,W1971999535,bge__desc,8
PBSAP-13,W4385691013,bge__desc,9
PBSAP-13,W2131464336,bge__desc,10
PBSAP-14,W1480932035,bge__desc,1
PBSAP-14,W3016904115,bge__desc,2
PBSAP-14,W4395447577,bge__desc,3
PBSAP-14,W2050101688,bge__desc,4
PBSAP-14,W3108704521,bge__desc,5
PBSAP-14,W3093727647,bge__desc,6
PBSAP-14,S2_d4863a03d44a3adb48b618a35e7d4dffe974f41f,bge__desc,7
PBSAP-14,W2955304591,bge__desc,8
PBSAP-14,W4385691013,bge__desc,9
PBSAP-14,W2149089374,bge__desc,10
PBSAP-15,W4376138358,bge__desc,1
PBSAP-15,S2_d4863a03d44a3adb48b618a35e7d4dffe974f41f,bge__desc,2
PBSAP-15,W4403258450,bge__desc,3
PBSAP-15,W4395447577,bge__desc,4
PBSAP-15,W4221045540,bge__desc,5
PBSAP-15,W4410531560,bge__desc,6
PBSAP-15,W4366091579,bge__desc,7
PBSAP-15,W1543590217,bge__desc,8
PBSAP-15,W2887699308,bge__desc,9
PBSAP-15,W3088840211,bge__desc,10
PBSAP-16,W4403258450,bge__desc,1
PBSAP-16,W3133525125,bge__desc,2
PBSAP-16,W4214828633,bge__desc,3
PBSAP-16,W4378219384,bge__desc,4
PBSAP-16,W4319993035,bge__desc,5
PBSAP-16,S2_9336575cd80f17c9df61d06d7d617f8f0d12ee65,bge__desc,6
PBSAP-16,W3204525239,bge__desc,7
PBSAP-16,W2995840337,bge__desc,8
PBSAP-16,W1969784023,bge__desc,9
PBSAP-16,W4213190475,bge__desc,10
PBSAP-17,W2276919489,bge__desc,1
PBSAP-17,W2279951851,bge__desc,2
PBSAP-17,S2_e4a23859e6ca4f6beef2554ec6907efddb5a2b3c,bge__desc,3
PBSAP-17,W4041787,bge__desc,4
PBSAP-17,W1975108901,bge__desc,5
PBSAP-17,W1885296745,bge__desc,6
PBSAP-17,W4306927827,bge__desc,7
PBSAP-17,W2976099232,bge__desc,8
PBSAP-17,W2151759573,bge__desc,9
PBSAP-17,W4311185537,bge__desc,10
PBSAP-18,W4395447577,bge__desc,1
PBSAP-18,W4403258450,bge__desc,2
PBSAP-18,W3016904115,bge__desc,3
PBSAP-18,W4308625497,bge__desc,4
PBSAP-18,W3204525239,bge__desc,5
PBSAP-18,S2_d4863a03d44a3adb48b618a35e7d4dffe974f41f,bge__desc,6
PBSAP-18,W2886345360,bge__desc,7
PBSAP-18,W1543590217,bge__desc,8
PBSAP-18,W4401976656,bge__desc,9
PBSAP-18,W4319993035,bge__desc,10
PBSAP-19,W4412040795,bge__desc,1
PBSAP-19,W4385248007,bge__desc,2
PBSAP-19,W4409253631,bge__desc,3
PBSAP-19,S2_3cff0c31944d73e9c187c5dfa5398be262a2a695,bge__desc,4
PBSAP-19,W4381803799,bge__desc,5
PBSAP-19,S2_a57b78f38afa529c1fe5522777b46c7bffc76a89,bge__desc,6
PBSAP-19,W7214047140,bge__desc,7
PBSAP-19,S2_43d3666a59fa86e0986f6ec12b8f989e3aaca600,bge__desc,8
PBSAP-19,W4410531560,bge__desc,9
PBSAP-19,S2_fe0aebd0ab7f2ccb445d801898bcc9d39e7e5037,bge__desc,10
PBSAP-20,W4323974790,bge__desc,1
PBSAP-20,W2159619626,bge__desc,2
PBSAP-20,S2_7542d52d104cb50b76a2b81abe4cb196e4ef3bd3,bge__desc,3
PBSAP-20,S2_72ee5b8bf73ab4acbee9676d4145e07c3af4cf89,bge__desc,4
PBSAP-20,W4405129985,bge__desc,5
PBSAP-20,W2066836867,bge__desc,6
PBSAP-20,W2884937716,bge__desc,7
PBSAP-20,W2890002464,bge__desc,8
PBSAP-20,W4396732615,bge__desc,9
PBSAP-20,W2472870815,bge__desc,10
PBSAP-21,W4402110947,bge__desc,1
PBSAP-21,W2050101688,bge__desc,2
PBSAP-21,W4404524185,bge__desc,3
PBSAP-21,W4413846361,bge__desc,4
PBSAP-21,W4401176757,bge__desc,5
PBSAP-21,W4280544448,bge__desc,6
PBSAP-21,W4393353983,bge__desc,7
PBSAP-21,W2760625140,bge__desc,8
PBSAP-21,W4408886430,bge__desc,9
PBSAP-21,W3031078873,bge__desc,10
PBSAP-22,W7215025714,bge__desc,1
PBSAP-22,W4410729584,bge__desc,2
PBSAP-22,W3088840211,bge__desc,3
PBSAP-22,W4411495752,bge__desc,4
PBSAP-22,W2802079037,bge__desc,5
PBSAP-22,W7119038565,bge__desc,6
PBSAP-22,W4411958778,bge__desc,7
PBSAP-22,W4412044687,bge__desc,8
PBSAP-22,W3148798085,bge__desc,9
PBSAP-22,S2_c882ea69d7e2bec94521fc5e8d189c230aadb3b5,bge__desc,10
PBSAP-23,W7215025714,bge__desc,1
PBSAP-23,W3148798085,bge__desc,2
PBSAP-23,W3088840211,bge__desc,3
PBSAP-23,W7153338599,bge__desc,4
PBSAP-23,W4410729584,bge__desc,5
PBSAP-23,W7203732379,bge__desc,6
PBSAP-23,W4413342621,bge__desc,7
PBSAP-23,W4415950227,bge__desc,8
PBSAP-23,W7203762891,bge__desc,9
PBSAP-23,W4417325046,bge__desc,10
PBSAP-01,W4412183575,bge__hyde,1
PBSAP-01,S2_ded5cb3a96ffe5887c19379eecbc6ecee5746218,bge__hyde,2
PBSAP-01,W4378447969,bge__hyde,3
PBSAP-01,W2542377898,bge__hyde,4
PBSAP-01,W3203983570,bge__hyde,5
PBSAP-01,W3108704521,bge__hyde,6
PBSAP-01,W1949950055,bge__hyde,7
PBSAP-01,W2955304591,bge__hyde,8
PBSAP-01,W4411101325,bge__hyde,9
PBSAP-01,W3208080064,bge__hyde,10
PBSAP-02,W2312210144,bge__hyde,1
PBSAP-02,S2_4e36d1af617e80b783206b38dc9d713c7862c01c,bge__hyde,2
PBSAP-02,W3010422508,bge__hyde,3
PBSAP-02,S2_ca92060e6d57c31b8be63e7e98193c28ca285787,bge__hyde,4
PBSAP-02,W4410834963,bge__hyde,5
PBSAP-02,S2_79f0bac63b7438127bd143f5f8ddec413ec31e0d,bge__hyde,6
PBSAP-02,W3217458552,bge__hyde,7
PBSAP-02,W3092554539,bge__hyde,8
PBSAP-02,W4412040795,bge__hyde,9
PBSAP-02,W2770020615,bge__hyde,10
PBSAP-03,W2164623622,bge__hyde,1
PBSAP-03,W2120351078,bge__hyde,2
PBSAP-03,W2342732913,bge__hyde,3
PBSAP-03,W2542377898,bge__hyde,4
PBSAP-03,W4412183575,bge__hyde,5
PBSAP-03,W7134227437,bge__hyde,6
PBSAP-03,W2752000753,bge__hyde,7
PBSAP-03,W1594542371,bge__hyde,8
PBSAP-03,W4378447969,bge__hyde,9
PBSAP-03,W3217458552,bge__hyde,10
PBSAP-04,W2542377898,bge__hyde,1
PBSAP-04,S2_e7a962fa90839c56c79e7faa574828af6c27cef2,bge__hyde,2
PBSAP-04,W4378447969,bge__hyde,3
PBSAP-04,W4378214736,bge__hyde,4
PBSAP-04,W7118176150,bge__hyde,5
PBSAP-04,W3208080064,bge__hyde,6
PBSAP-04,W3093563774,bge__hyde,7
PBSAP-04,W2969061020,bge__hyde,8
PBSAP-04,W3000015551,bge__hyde,9
PBSAP-04,W3174154525,bge__hyde,10
PBSAP-05,W7212125727,bge__hyde,1
PBSAP-05,W3009126446,bge__hyde,2
PBSAP-05,W3213911384,bge__hyde,3
PBSAP-05,W3208080064,bge__hyde,4
PBSAP-05,W4378447969,bge__hyde,5
PBSAP-05,W4412948463,bge__hyde,6
PBSAP-05,S2_e7a962fa90839c56c79e7faa574828af6c27cef2,bge__hyde,7
PBSAP-05,S2_29e69f3dfa0edeaa997d6ee59ca72492e90da1d3,bge__hyde,8
PBSAP-05,W4389745318,bge__hyde,9
PBSAP-05,W1949950055,bge__hyde,10
PBSAP-06,W4400691459,bge__hyde,1
PBSAP-06,W4405759221,bge__hyde,2
PBSAP-06,W7114780924,bge__hyde,3
PBSAP-06,W4386934009,bge__hyde,4
PBSAP-06,W4410281535,bge__hyde,5
PBSAP-06,W4413743321,bge__hyde,6
PBSAP-06,S2_573448af3e4cf51118387a8c5619f4dbe6b00910,bge__hyde,7
PBSAP-06,W4380630464,bge__hyde,8
PBSAP-06,W2962505498,bge__hyde,9
PBSAP-06,W4378447969,bge__hyde,10
PBSAP-07,W4386962819,bge__hyde,1
PBSAP-07,W2084245869,bge__hyde,2
PBSAP-07,W2319627787,bge__hyde,3
PBSAP-07,W3215128528,bge__hyde,4
PBSAP-07,W4412796615,bge__hyde,5
PBSAP-07,W2103327890,bge__hyde,6
PBSAP-07,W3138942864,bge__hyde,7
PBSAP-07,W3161478110,bge__hyde,8
PBSAP-07,W2977582154,bge__hyde,9
PBSAP-07,W4409964762,bge__hyde,10
PBSAP-08,S2_63859ccddaac7e2b835e6ec440b0dfbac2a00829,bge__hyde,1
PBSAP-08,W4386190324,bge__hyde,2
PBSAP-08,W2994053049,bge__hyde,3
PBSAP-08,W4415656728,bge__hyde,4
PBSAP-08,W4399385125,bge__hyde,5
PBSAP-08,W2730785316,bge__hyde,6
PBSAP-08,W2080521276,bge__hyde,7
PBSAP-08,W3150010817,bge__hyde,8
PBSAP-08,W2782681842,bge__hyde,9
PBSAP-08,W4413202255,bge__hyde,10
PBSAP-09,W3208080064,bge__hyde,1
PBSAP-09,W3174895525,bge__hyde,2
PBSAP-09,W3009126446,bge__hyde,3
PBSAP-09,S2_ea59f0616c1fcb874631a41179389f1dd4e72514,bge__hyde,4
PBSAP-09,W2808891583,bge__hyde,5
PBSAP-09,S2_29e69f3dfa0edeaa997d6ee59ca72492e90da1d3,bge__hyde,6
PBSAP-09,W7167346898,bge__hyde,7
PBSAP-09,W2313622369,bge__hyde,8
PBSAP-09,W4410842943,bge__hyde,9
PBSAP-09,W4389745318,bge__hyde,10
PBSAP-10,W4415656728,bge__hyde,1
PBSAP-10,W2620975379,bge__hyde,2
PBSAP-10,W3156975388,bge__hyde,3
PBSAP-10,W2782681842,bge__hyde,4
PBSAP-10,W4412040795,bge__hyde,5
PBSAP-10,W4408168127,bge__hyde,6
PBSAP-10,W4413791872,bge__hyde,7
PBSAP-10,W4414269792,bge__hyde,8
PBSAP-10,W4386190324,bge__hyde,9
PBSAP-10,W4386962819,bge__hyde,10
PBSAP-11,W4408351182,bge__hyde,1
PBSAP-11,W2940566531,bge__hyde,2
PBSAP-11,W2080521276,bge__hyde,3
PBSAP-11,S2_63859ccddaac7e2b835e6ec440b0dfbac2a00829,bge__hyde,4
PBSAP-11,S2_0ea2fdb4fc331c141a164f7e527e54d4e9c752e2,bge__hyde,5
PBSAP-11,W3175313232,bge__hyde,6
PBSAP-11,W3194620394,bge__hyde,7
PBSAP-11,W4406310182,bge__hyde,8
PBSAP-11,W2994053049,bge__hyde,9
PBSAP-11,W4379797892,bge__hyde,10
PBSAP-12,W2990588419,bge__hyde,1
PBSAP-12,S2_f09a8e87e97de386a38b5f1206623a0784fbcb15,bge__hyde,2
PBSAP-12,S2_7130af289ec403fe1fe92db9945b6aa20842afb3,bge__hyde,3
PBSAP-12,W4416862269,bge__hyde,4
PBSAP-12,W2922249169,bge__hyde,5
PBSAP-12,W4412040795,bge__hyde,6
PBSAP-12,W4413208679,bge__hyde,7
PBSAP-12,W1896426078,bge__hyde,8
PBSAP-12,W2981929374,bge__hyde,9
PBSAP-12,W4412183575,bge__hyde,10
PBSAP-13,W4399273628,bge__hyde,1
PBSAP-13,W7166862734,bge__hyde,2
PBSAP-13,W1594542371,bge__hyde,3
PBSAP-13,W4384828036,bge__hyde,4
PBSAP-13,W3163503247,bge__hyde,5
PBSAP-13,W3208080064,bge__hyde,6
PBSAP-13,W2015946504,bge__hyde,7
PBSAP-13,W3200111825,bge__hyde,8
PBSAP-13,W2622729371,bge__hyde,9
PBSAP-13,W1567522067,bge__hyde,10
PBSAP-14,S2_3cff0c31944d73e9c187c5dfa5398be262a2a695,bge__hyde,1
PBSAP-14,W4412040795,bge__hyde,2
PBSAP-14,W4378447969,bge__hyde,3
PBSAP-14,S2_a57b78f38afa529c1fe5522777b46c7bffc76a89,bge__hyde,4
PBSAP-14,W4410531560,bge__hyde,5
PBSAP-14,W3174154525,bge__hyde,6
PBSAP-14,W2969061020,bge__hyde,7
PBSAP-14,W2099413372,bge__hyde,8
PBSAP-14,W7220257467,bge__hyde,9
PBSAP-14,S2_4bd5431e55b0cfd0582001f4ba21b7d1d84cf9e2,bge__hyde,10
PBSAP-15,S2_3cff0c31944d73e9c187c5dfa5398be262a2a695,bge__hyde,1
PBSAP-15,W4414269792,bge__hyde,2
PBSAP-15,W4410531560,bge__hyde,3
PBSAP-15,W4221045540,bge__hyde,4
PBSAP-15,W4289263581,bge__hyde,5
PBSAP-15,W3093563774,bge__hyde,6
PBSAP-15,W4415656728,bge__hyde,7
PBSAP-15,W4412040795,bge__hyde,8
PBSAP-15,W3208080064,bge__hyde,9
PBSAP-15,S2_8da3451eb28c19f1de34677cbac5742ee5d12a8e,bge__hyde,10
PBSAP-16,W4378219384,bge__hyde,1
PBSAP-16,W4412040795,bge__hyde,2
PBSAP-16,S2_3cff0c31944d73e9c187c5dfa5398be262a2a695,bge__hyde,3
PBSAP-16,S2_c36bf128e23f55df3360d1138fbaa3262a856ad7,bge__hyde,4
PBSAP-16,S2_990a41e1730e061b73c74bc9403d47118f99ac85,bge__hyde,5
PBSAP-16,W4399814953,bge__hyde,6
PBSAP-16,W4221045540,bge__hyde,7
PBSAP-16,W7131851356,bge__hyde,8
PBSAP-16,S2_43006f2afc5d9cea514be3c666b1f442e84e04b2,bge__hyde,9
PBSAP-16,W4414642284,bge__hyde,10
PBSAP-17,S2_e4a23859e6ca4f6beef2554ec6907efddb5a2b3c,bge__hyde,1
PBSAP-17,W4041787,bge__hyde,2
PBSAP-17,W1885296745,bge__hyde,3
PBSAP-17,W2976099232,bge__hyde,4
PBSAP-17,W2276919489,bge__hyde,5
PBSAP-17,W3200111825,bge__hyde,6
PBSAP-17,W4402971859,bge__hyde,7
PBSAP-17,W1459175984,bge__hyde,8
PBSAP-17,W4405796723,bge__hyde,9
PBSAP-17,W4283727700,bge__hyde,10
PBSAP-18,W3093563774,bge__hyde,1
PBSAP-18,W4412040795,bge__hyde,2
PBSAP-18,S2_8c66cf5d6cd11c4e4a35d61fd460e5f97fce47f9,bge__hyde,3
PBSAP-18,W2542377898,bge__hyde,4
PBSAP-18,W3174154525,bge__hyde,5
PBSAP-18,W2112102997,bge__hyde,6
PBSAP-18,W4408168127,bge__hyde,7
PBSAP-18,W1599692419,bge__hyde,8
PBSAP-18,W4367300566,bge__hyde,9
PBSAP-18,W2277658191,bge__hyde,10
PBSAP-19,S2_3cff0c31944d73e9c187c5dfa5398be262a2a695,bge__hyde,1
PBSAP-19,W4412040795,bge__hyde,2
PBSAP-19,S2_43d3666a59fa86e0986f6ec12b8f989e3aaca600,bge__hyde,3
PBSAP-19,W7214047140,bge__hyde,4
PBSAP-19,S2_a57b78f38afa529c1fe5522777b46c7bffc76a89,bge__hyde,5
PBSAP-19,W2277658191,bge__hyde,6
PBSAP-19,W4401219157,bge__hyde,7
PBSAP-19,W2112102997,bge__hyde,8
PBSAP-19,W3043815648,bge__hyde,9
PBSAP-19,W1594542371,bge__hyde,10
PBSAP-20,W4412040795,bge__hyde,1
PBSAP-20,S2_3cff0c31944d73e9c187c5dfa5398be262a2a695,bge__hyde,2
PBSAP-20,W3174154525,bge__hyde,3
PBSAP-20,W4323974790,bge__hyde,4
PBSAP-20,W33323309,bge__hyde,5
PBSAP-20,S2_e7a962fa90839c56c79e7faa574828af6c27cef2,bge__hyde,6
PBSAP-20,W4378447969,bge__hyde,7
PBSAP-20,W1603507857,bge__hyde,8
PBSAP-20,W1594542371,bge__hyde,9
PBSAP-20,W2969061020,bge__hyde,10
PBSAP-21,W4404524185,bge__hyde,1
PBSAP-21,W4226325712,bge__hyde,2
PBSAP-21,W4412183575,bge__hyde,3
PBSAP-21,W4280544448,bge__hyde,4
PBSAP-21,W3093727647,bge__hyde,5
PBSAP-21,W3174154525,bge__hyde,6
PBSAP-21,S2_3cff0c31944d73e9c187c5dfa5398be262a2a695,bge__hyde,7
PBSAP-21,W4406621510,bge__hyde,8
PBSAP-21,W4410531560,bge__hyde,9
PBSAP-21,S2_e7a962fa90839c56c79e7faa574828af6c27cef2,bge__hyde,10
PBSAP-22,W2145438031,bge__hyde,1
PBSAP-22,W4210735208,bge__hyde,2
PBSAP-22,W2802079037,bge__hyde,3
PBSAP-22,W7166862734,bge__hyde,4
PBSAP-22,W7203732379,bge__hyde,5
PBSAP-22,W2952213043,bge__hyde,6
PBSAP-22,W4414510181,bge__hyde,7
PBSAP-22,W3001813355,bge__hyde,8
PBSAP-22,W4401485438,bge__hyde,9
PBSAP-22,W4416745341,bge__hyde,10
PBSAP-23,W7203732379,bge__hyde,1
PBSAP-23,W4414510181,bge__hyde,2
PBSAP-23,W2145438031,bge__hyde,3
PBSAP-23,W4416745341,bge__hyde,4
PBSAP-23,W7203762891,bge__hyde,5
PBSAP-23,W4417325046,bge__hyde,6
PBSAP-23,W2952213043,bge__hyde,7
PBSAP-23,W7128442380,bge__hyde,8
PBSAP-23,W3001813355,bge__hyde,9
PBSAP-23,W4411958778,bge__hyde,10
PBSAP-01,W4392295675,bge__title,1
PBSAP-01,W3217007692,bge__title,2
PBSAP-01,W2051651993,bge__title,3
PBSAP-01,W4287219592,bge__title,4
PBSAP-01,W4392713469,bge__title,5
PBSAP-01,W2783723021,bge__title,6
PBSAP-01,W3193703661,bge__title,7
PBSAP-01,W4392812771,bge__title,8
PBSAP-01,S2_ded5cb3a96ffe5887c19379eecbc6ecee5746218,bge__title,9
PBSAP-01,W2111833502,bge__title,10
PBSAP-02,W7117240352,bge__title,1
PBSAP-02,W7153338599,bge__title,2
PBSAP-02,S2_ca92060e6d57c31b8be63e7e98193c28ca285787,bge__title,3
PBSAP-02,W2409742293,bge__title,4
PBSAP-02,W4411536063,bge__title,5
PBSAP-02,W4407398510,bge__title,6
PBSAP-02,W4409253631,bge__title,7
PBSAP-02,W1932912254,bge__title,8
PBSAP-02,S2_4e36d1af617e80b783206b38dc9d713c7862c01c,bge__title,9
PBSAP-02,W7120528238,bge__title,10
PBSAP-03,S2_650bb7e3f920345050bd2db860968583c9932812,bge__title,1
PBSAP-03,W2051651993,bge__title,2
PBSAP-03,W4410528686,bge__title,3
PBSAP-03,W2081623219,bge__title,4
PBSAP-03,W2164623622,bge__title,5
PBSAP-03,W4386331097,bge__title,6
PBSAP-03,S2_27019d7f7919e22bc5d80e83e53c5a02a55c288c,bge__title,7
PBSAP-03,S2_6936a1d763ca6391e4b3258c21b519356fd7abb8,bge__title,8
PBSAP-03,W1896426078,bge__title,9
PBSAP-03,W4408419187,bge__title,10
PBSAP-04,W4311292266,bge__title,1
PBSAP-04,W4402543043,bge__title,2
PBSAP-04,W3204525239,bge__title,3
PBSAP-04,W2909723494,bge__title,4
PBSAP-04,W2790514674,bge__title,5
PBSAP-04,W7134227437,bge__title,6
PBSAP-04,W4405260881,bge__title,7
PBSAP-04,W2120351078,bge__title,8
PBSAP-04,W2137231321,bge__title,9
PBSAP-04,W2101563801,bge__title,10
PBSAP-05,W3204525239,bge__title,1
PBSAP-05,W4387972153,bge__title,2
PBSAP-05,S2_a055976782cc8f5813df24b00c9229928b921148,bge__title,3
PBSAP-05,W2279736519,bge__title,4
PBSAP-05,W90020809,bge__title,5
PBSAP-05,W3213911384,bge__title,6
PBSAP-05,S2_e12f51b32a59d84ebff19f320b644ee882d59de5,bge__title,7
PBSAP-05,W4402494050,bge__title,8
PBSAP-05,W3058305516,bge__title,9
PBSAP-05,S2_7a33f97262d2c349ec6be2b89034d614d44bbec1,bge__title,10
PBSAP-06,W4413798916,bge__title,1
PBSAP-06,W4389345136,bge__title,2
PBSAP-06,W4400691459,bge__title,3
PBSAP-06,W4411240772,bge__title,4
PBSAP-06,W1853248936,bge__title,5
PBSAP-06,W2923464369,bge__title,6
PBSAP-06,W1577473756,bge__title,7
PBSAP-06,W4380630464,bge__title,8
PBSAP-06,W4380536720,bge__title,9
PBSAP-06,W4386934009,bge__title,10
PBSAP-07,W4386404870,bge__title,1
PBSAP-07,W2015199826,bge__title,2
PBSAP-07,S2_608e0e89b049cbf45029e941ae43caf4af0982cb,bge__title,3
PBSAP-07,W3012171843,bge__title,4
PBSAP-07,W4411008696,bge__title,5
PBSAP-07,W4367042639,bge__title,6
PBSAP-07,W4399814953,bge__title,7
PBSAP-07,W4414769242,bge__title,8
PBSAP-07,S2_9c2f45655d58092412d7a99a0bf4304ea93c4ffa,bge__title,9
PBSAP-07,W4385279760,bge__title,10
PBSAP-08,W2468565069,bge__title,1
PBSAP-08,S2_9b108644d1ea3f019ed8b5aee0a17c5f7e9664f8,bge__title,2
PBSAP-08,W4284688108,bge__title,3
PBSAP-08,W4411965035,bge__title,4
PBSAP-08,W2086040564,bge__title,5
PBSAP-08,W2943486997,bge__title,6
PBSAP-08,S2_88caf94a11d8a4518e570dc5bf60c188a5729cf2,bge__title,7
PBSAP-08,W4399452950,bge__title,8
PBSAP-08,W3016463580,bge__title,9
PBSAP-08,W4205173329,bge__title,10
PBSAP-09,W2016810380,bge__title,1
PBSAP-09,W3204525239,bge__title,2
PBSAP-09,W2902198632,bge__title,3
PBSAP-09,W3004534589,bge__title,4
PBSAP-09,S2_43006f2afc5d9cea514be3c666b1f442e84e04b2,bge__title,5
PBSAP-09,W4366091579,bge__title,6
PBSAP-09,W3088840211,bge__title,7
PBSAP-09,S2_990a41e1730e061b73c74bc9403d47118f99ac85,bge__title,8
PBSAP-09,W4402345088,bge__title,9
PBSAP-09,W4401530171,bge__title,10
PBSAP-10,W4205144949,bge__title,1
PBSAP-10,W1481415019,bge__title,2
PBSAP-10,W4221045540,bge__title,3
PBSAP-10,S2_8fc65d06f67bc4a087735396608920ee556a3b81,bge__title,4
PBSAP-10,W3103428383,bge__title,5
PBSAP-10,W4366451351,bge__title,6
PBSAP-10,W4308126030,bge__title,7
PBSAP-10,S2_8da3451eb28c19f1de34677cbac5742ee5d12a8e,bge__title,8
PBSAP-10,S2_5e08310183d417b9350357d4a6b0b66f9ebf232e,bge__title,9
PBSAP-10,W2562713321,bge__title,10
PBSAP-11,W2773910037,bge__title,1
PBSAP-11,W4408768228,bge__title,2
PBSAP-11,W4405559077,bge__title,3
PBSAP-11,W1496567759,bge__title,4
PBSAP-11,W4406041893,bge__title,5
PBSAP-11,W2353485584,bge__title,6
PBSAP-11,S2_ae0c2a0a4d5661b9984fecf24b107d8e23ab0ddd,bge__title,7
PBSAP-11,W3209160545,bge__title,8
PBSAP-11,W4256316270,bge__title,9
PBSAP-11,S2_520daf15be908b542d26d99e5f2a6f779e7426a1,bge__title,10
PBSAP-12,W4404283411,bge__title,1
PBSAP-12,W2673587905,bge__title,2
PBSAP-12,W4205107545,bge__title,3
PBSAP-12,W4416862269,bge__title,4
PBSAP-12,W2981929374,bge__title,5
PBSAP-12,W4400989671,bge__title,6
PBSAP-12,W4313009438,bge__title,7
PBSAP-12,W3150010817,bge__title,8
PBSAP-12,S2_f09a8e87e97de386a38b5f1206623a0784fbcb15,bge__title,9
PBSAP-12,W4412040795,bge__title,10
PBSAP-13,W1600819951,bge__title,1
PBSAP-13,W1971999535,bge__title,2
PBSAP-13,W3200111825,bge__title,3
PBSAP-13,W4321515620,bge__title,4
PBSAP-13,S2_a9d52747c36c7447c04900b4c7a3900ae1956e3f,bge__title,5
PBSAP-13,W4412044687,bge__title,6
PBSAP-13,W2584863268,bge__title,7
PBSAP-13,W4220660132,bge__title,8
PBSAP-13,W2003627582,bge__title,9
PBSAP-13,W4405129985,bge__title,10
PBSAP-14,W1480932035,bge__title,1
PBSAP-14,S2_a57b78f38afa529c1fe5522777b46c7bffc76a89,bge__title,2
PBSAP-14,W3016904115,bge__title,3
PBSAP-14,W2149089374,bge__title,4
PBSAP-14,W4385691013,bge__title,5
PBSAP-14,W2126404776,bge__title,6
PBSAP-14,W2755216619,bge__title,7
PBSAP-14,W2120351078,bge__title,8
PBSAP-14,W2021143689,bge__title,9
PBSAP-14,W3217614311,bge__title,10
PBSAP-15,W4393312974,bge__title,1
PBSAP-15,W4402140654,bge__title,2
PBSAP-15,W4214828633,bge__title,3
PBSAP-15,W4311475919,bge__title,4
PBSAP-15,S2_5e08310183d417b9350357d4a6b0b66f9ebf232e,bge__title,5
PBSAP-15,W4392523101,bge__title,6
PBSAP-15,W3018769129,bge__title,7
PBSAP-15,W2318936449,bge__title,8
PBSAP-15,W4391445533,bge__title,9
PBSAP-15,W4403258450,bge__title,10
PBSAP-16,W3133525125,bge__title,1
PBSAP-16,W4378219384,bge__title,2
PBSAP-16,W3204525239,bge__title,3
PBSAP-16,W4214828633,bge__title,4
PBSAP-16,W4406140212,bge__title,5
PBSAP-16,W4319993035,bge__title,6
PBSAP-16,W3131637695,bge__title,7
PBSAP-16,W2929380377,bge__title,8
PBSAP-16,S2_9336575cd80f17c9df61d06d7d617f8f0d12ee65,bge__title,9
PBSAP-16,W2996982221,bge__title,10
PBSAP-17,W4306927827,bge__title,1
PBSAP-17,W3200111825,bge__title,2
PBSAP-17,W2279951851,bge__title,3
PBSAP-17,W7163078848,bge__title,4
PBSAP-17,W2151759573,bge__title,5
PBSAP-17,W2218576507,bge__title,6
PBSAP-17,W4402971859,bge__title,7
PBSAP-17,W2276919489,bge__title,8
PBSAP-17,W4313051900,bge__title,9
PBSAP-17,W2510889377,bge__title,10
PBSAP-18,W2015199826,bge__title,1
PBSAP-18,W1544602039,bge__title,2
PBSAP-18,S2_a9d52747c36c7447c04900b4c7a3900ae1956e3f,bge__title,3
PBSAP-18,W2584863268,bge__title,4
PBSAP-18,W2346048001,bge__title,5
PBSAP-18,W4403108196,bge__title,6
PBSAP-18,W4378219384,bge__title,7
PBSAP-18,W2888882615,bge__title,8
PBSAP-18,W1971999535,bge__title,9
PBSAP-18,W7220122408,bge__title,10
PBSAP-19,W1528361483,bge__title,1
PBSAP-19,W7203765193,bge__title,2
PBSAP-19,W2069105096,bge__title,3
PBSAP-19,S2_7542d52d104cb50b76a2b81abe4cb196e4ef3bd3,bge__title,4
PBSAP-19,W2902198632,bge__title,5
PBSAP-19,W1996961730,bge__title,6
PBSAP-19,S2_8d37112516aadb2fcd9acd616b3ba78a7266c753,bge__title,7
PBSAP-19,W4400194470,bge__title,8
PBSAP-19,W2058001386,bge__title,9
PBSAP-19,W4405260881,bge__title,10
PBSAP-20,W2890002464,bge__title,1
PBSAP-20,W4323974790,bge__title,2
PBSAP-20,W2159619626,bge__title,3
PBSAP-20,S2_7542d52d104cb50b76a2b81abe4cb196e4ef3bd3,bge__title,4
PBSAP-20,S2_b7d2580cedcafbf2678f9be1420c0549fec4edd8,bge__title,5
PBSAP-20,W2314417805,bge__title,6
PBSAP-20,W4397035648,bge__title,7
PBSAP-20,W4415859928,bge__title,8
PBSAP-20,S2_72ee5b8bf73ab4acbee9676d4145e07c3af4cf89,bge__title,9
PBSAP-20,W4396732615,bge__title,10
PBSAP-21,W4406673699,bge__title,1
PBSAP-21,W4413846361,bge__title,2
PBSAP-21,W2809450157,bge__title,3
PBSAP-21,W2928710850,bge__title,4
PBSAP-21,W1607292154,bge__title,5
PBSAP-21,W4408886430,bge__title,6
PBSAP-21,W7219262931,bge__title,7
PBSAP-21,W2993558700,bge__title,8
PBSAP-21,W4393353983,bge__title,9
PBSAP-21,W3195422101,bge__title,10
PBSAP-22,W2143005876,bge__title,1
PBSAP-22,W2158721933,bge__title,2
PBSAP-22,W4401485438,bge__title,3
PBSAP-22,W4411958778,bge__title,4
PBSAP-22,W4405979884,bge__title,5
PBSAP-22,W2627016283,bge__title,6
PBSAP-22,W3027970443,bge__title,7
PBSAP-22,S2_f36ba38e3b728ba866be553874862a66ea48a28c,bge__title,8
PBSAP-22,W4413054055,bge__title,9
PBSAP-22,W82371600,bge__title,10
PBSAP-23,W4415950227,bge__title,1
PBSAP-23,W7153338599,bge__title,2
PBSAP-23,W3148798085,bge__title,3
PBSAP-23,W4391481187,bge__title,4
PBSAP-23,W7203762891,bge__title,5
PBSAP-23,W7203732379,bge__title,6
PBSAP-23,W4388730417,bge__title,7
PBSAP-23,W2952213043,bge__title,8
PBSAP-23,W4417325046,bge__title,9
PBSAP-23,W4410399810,bge__title,10
PBSAP-01,W4412183575,bge__verbose,1
PBSAP-01,W2955304591,bge__verbose,2
PBSAP-01,W3108704521,bge__verbose,3
PBSAP-01,W859661940,bge__verbose,4
PBSAP-01,W2120351078,bge__verbose,5
PBSAP-01,W4412040795,bge__verbose,6
PBSAP-01,W4413449508,bge__verbose,7
PBSAP-01,S2_3cff0c31944d73e9c187c5dfa5398be262a2a695,bge__verbose,8
PBSAP-01,W2164623622,bge__verbose,9
PBSAP-01,W4401425846,bge__verbose,10
PBSAP-02,W4410834963,bge__verbose,1
PBSAP-02,S2_9cb003ac1151047201c67ff14c3543db5c23b561,bge__verbose,2
PBSAP-02,W4412040795,bge__verbose,3
PBSAP-02,W33323309,bge__verbose,4
PBSAP-02,S2_3cff0c31944d73e9c187c5dfa5398be262a2a695,bge__verbose,5
PBSAP-02,S2_ca92060e6d57c31b8be63e7e98193c28ca285787,bge__verbose,6
PBSAP-02,W2061234940,bge__verbose,7
PBSAP-02,W3018187738,bge__verbose,8
PBSAP-02,W3175560070,bge__verbose,9
PBSAP-02,S2_4e36d1af617e80b783206b38dc9d713c7862c01c,bge__verbose,10
PBSAP-03,W4413449508,bge__verbose,1
PBSAP-03,W2120351078,bge__verbose,2
PBSAP-03,W2164623622,bge__verbose,3
PBSAP-03,W4412183575,bge__verbose,4
PBSAP-03,W2342732913,bge__verbose,5
PBSAP-03,W3108704521,bge__verbose,6
PBSAP-03,W2955304591,bge__verbose,7
PBSAP-03,W859661940,bge__verbose,8
PBSAP-03,W3217458552,bge__verbose,9
PBSAP-03,W4417216203,bge__verbose,10
PBSAP-04,W3204525239,bge__verbose,1
PBSAP-04,W4311292266,bge__verbose,2
PBSAP-04,W2120351078,bge__verbose,3
PBSAP-04,W2955304591,bge__verbose,4
PBSAP-04,W7134227437,bge__verbose,5
PBSAP-04,W4220813165,bge__verbose,6
PBSAP-04,W2542377898,bge__verbose,7
PBSAP-04,S2_3cff0c31944d73e9c187c5dfa5398be262a2a695,bge__verbose,8
PBSAP-04,W3016904115,bge__verbose,9
PBSAP-04,W4381430318,bge__verbose,10
PBSAP-05,W7212125727,bge__verbose,1
PBSAP-05,W3009126446,bge__verbose,2
PBSAP-05,S2_c66fd4a176bed2043b1cfc7c2540b64637c1d5fc,bge__verbose,3
PBSAP-05,W3014575520,bge__verbose,4
PBSAP-05,W4295278544,bge__verbose,5
PBSAP-05,W4402494050,bge__verbose,6
PBSAP-05,S2_29e69f3dfa0edeaa997d6ee59ca72492e90da1d3,bge__verbose,7
PBSAP-05,S2_3cff0c31944d73e9c187c5dfa5398be262a2a695,bge__verbose,8
PBSAP-05,W2467046380,bge__verbose,9
PBSAP-05,W4412948463,bge__verbose,10
PBSAP-06,W4400691459,bge__verbose,1
PBSAP-06,W859661940,bge__verbose,2
PBSAP-06,W7114780924,bge__verbose,3
PBSAP-06,W4412040795,bge__verbose,4
PBSAP-06,W4405759221,bge__verbose,5
PBSAP-06,W3014575520,bge__verbose,6
PBSAP-06,W4312268520,bge__verbose,7
PBSAP-06,W4411240772,bge__verbose,8
PBSAP-06,S2_3cff0c31944d73e9c187c5dfa5398be262a2a695,bge__verbose,9
PBSAP-06,W4413798916,bge__verbose,10
PBSAP-07,W3215128528,bge__verbose,1
PBSAP-07,W4386962819,bge__verbose,2
PBSAP-07,S2_880ace521678bded42206e4a17021af403358799,bge__verbose,3
PBSAP-07,W7116656793,bge__verbose,4
PBSAP-07,W2510889377,bge__verbose,5
PBSAP-07,W4406103765,bge__verbose,6
PBSAP-07,W3138942864,bge__verbose,7
PBSAP-07,W3161478110,bge__verbose,8
PBSAP-07,W2402690890,bge__verbose,9
PBSAP-07,W2352073799,bge__verbose,10
PBSAP-08,W4386484833,bge__verbose,1
PBSAP-08,W4395008763,bge__verbose,2
PBSAP-08,S2_0d19e96387c931fc4983e2d58643c62cc270040f,bge__verbose,3
PBSAP-08,S2_77b69b789bf0d2f5484caa520680a1a70a0a47ce,bge__verbose,4
PBSAP-08,W1938137845,bge__verbose,5
PBSAP-08,W2088014825,bge__verbose,6
PBSAP-08,W4312559589,bge__verbose,7
PBSAP-08,W2730785316,bge__verbose,8
PBSAP-08,W3192534226,bge__verbose,9
PBSAP-08,W4365395475,bge__verbose,10
PBSAP-09,W3009126446,bge__verbose,1
PBSAP-09,W7212125727,bge__verbose,2
PBSAP-09,S2_29e69f3dfa0edeaa997d6ee59ca72492e90da1d3,bge__verbose,3
PBSAP-09,W3204525239,bge__verbose,4
PBSAP-09,W4417216203,bge__verbose,5
PBSAP-09,W2467046380,bge__verbose,6
PBSAP-09,W7167346898,bge__verbose,7
PBSAP-09,W4406332062,bge__verbose,8
PBSAP-09,W4410779488,bge__verbose,9
PBSAP-09,W3213222900,bge__verbose,10
PBSAP-10,W4417216203,bge__verbose,1
PBSAP-10,W7203736561,bge__verbose,2
PBSAP-10,W2765496577,bge__verbose,3
PBSAP-10,W2620975379,bge__verbose,4
PBSAP-10,W4414269792,bge__verbose,5
PBSAP-10,W3156975388,bge__verbose,6
PBSAP-10,W7167346898,bge__verbose,7
PBSAP-10,W2562713321,bge__verbose,8
PBSAP-10,S2_8fc65d06f67bc4a087735396608920ee556a3b81,bge__verbose,9
PBSAP-10,W4412040795,bge__verbose,10
PBSAP-11,W4412183575,bge__verbose,1
PBSAP-11,W2120351078,bge__verbose,2
PBSAP-11,W4312559589,bge__verbose,3
PBSAP-11,W2542377898,bge__verbose,4
PBSAP-11,W2277658191,bge__verbose,5
PBSAP-11,W1896426078,bge__verbose,6
PBSAP-11,W3217458552,bge__verbose,7
PBSAP-11,W4389520227,bge__verbose,8
PBSAP-11,S2_27019d7f7919e22bc5d80e83e53c5a02a55c288c,bge__verbose,9
PBSAP-11,W4412040795,bge__verbose,10
PBSAP-12,W4412040795,bge__verbose,1
PBSAP-12,W4400989671,bge__verbose,2
PBSAP-12,S2_3cff0c31944d73e9c187c5dfa5398be262a2a695,bge__verbose,3
PBSAP-12,W2981929374,bge__verbose,4
PBSAP-12,W4416862269,bge__verbose,5
PBSAP-12,W3150010817,bge__verbose,6
PBSAP-12,S2_f09a8e87e97de386a38b5f1206623a0784fbcb15,bge__verbose,7
PBSAP-12,W4395008763,bge__verbose,8
PBSAP-12,W7220257467,bge__verbose,9
PBSAP-12,W3133999024,bge__verbose,10
PBSAP-13,W4321515620,bge__verbose,1
PBSAP-13,W1567522067,bge__verbose,2
PBSAP-13,W3200111825,bge__verbose,3
PBSAP-13,W1600819951,bge__verbose,4
PBSAP-13,W4404524185,bge__verbose,5
PBSAP-13,S2_e4a23859e6ca4f6beef2554ec6907efddb5a2b3c,bge__verbose,6
PBSAP-13,W4384828036,bge__verbose,7
PBSAP-13,S2_abbfca136b3504341088138c0764a093e985bc57,bge__verbose,8
PBSAP-13,W4226325712,bge__verbose,9
PBSAP-13,W1562522689,bge__verbose,10
PBSAP-14,S2_3cff0c31944d73e9c187c5dfa5398be262a2a695,bge__verbose,1
PBSAP-14,W3108704521,bge__verbose,2
PBSAP-14,W4412040795,bge__verbose,3
PBSAP-14,W4412183575,bge__verbose,4
PBSAP-14,W2342732913,bge__verbose,5
PBSAP-14,S2_4cc97dd36db744d6958765cd23ba4f0c8215ab42,bge__verbose,6
PBSAP-14,W2542377898,bge__verbose,7
PBSAP-14,W2955304591,bge__verbose,8
PBSAP-14,S2_a57b78f38afa529c1fe5522777b46c7bffc76a89,bge__verbose,9
PBSAP-14,W4378447969,bge__verbose,10
PBSAP-15,W4221045540,bge__verbose,1
PBSAP-15,S2_3cff0c31944d73e9c187c5dfa5398be262a2a695,bge__verbose,2
PBSAP-15,W4366448609,bge__verbose,3
PBSAP-15,W4410531560,bge__verbose,4
PBSAP-15,S2_c36bf128e23f55df3360d1138fbaa3262a856ad7,bge__verbose,5
PBSAP-15,W4206145172,bge__verbose,6
PBSAP-15,W4417216203,bge__verbose,7
PBSAP-15,S2_9ba44fd57b0721075dbd8981a6b409fc45833093,bge__verbose,8
PBSAP-15,W4389520227,bge__verbose,9
PBSAP-15,W4310090096,bge__verbose,10
PBSAP-16,W4378219384,bge__verbose,1
PBSAP-16,S2_c36bf128e23f55df3360d1138fbaa3262a856ad7,bge__verbose,2
PBSAP-16,W4352984548,bge__verbose,3
PBSAP-16,W4214828633,bge__verbose,4
PBSAP-16,W4410789324,bge__verbose,5
PBSAP-16,W3097024190,bge__verbose,6
PBSAP-16,S2_990a41e1730e061b73c74bc9403d47118f99ac85,bge__verbose,7
PBSAP-16,W4412049374,bge__verbose,8
PBSAP-16,W4221045540,bge__verbose,9
PBSAP-16,W2337847135,bge__verbose,10
PBSAP-17,S2_e4a23859e6ca4f6beef2554ec6907efddb5a2b3c,bge__verbose,1
PBSAP-17,W1885296745,bge__verbose,2
PBSAP-17,W2276919489,bge__verbose,3
PBSAP-17,W4041787,bge__verbose,4
PBSAP-17,W2976099232,bge__verbose,5
PBSAP-17,W4402971859,bge__verbose,6
PBSAP-17,W2766129475,bge__verbose,7
PBSAP-17,W3200111825,bge__verbose,8
PBSAP-17,W1975108901,bge__verbose,9
PBSAP-17,S2_4325b3fbde129eacf44ae80485e9ad8dcc29f046,bge__verbose,10
PBSAP-18,W4412040795,bge__verbose,1
PBSAP-18,W7214047140,bge__verbose,2
PBSAP-18,S2_3cff0c31944d73e9c187c5dfa5398be262a2a695,bge__verbose,3
PBSAP-18,W2519081863,bge__verbose,4
PBSAP-18,W20757553,bge__verbose,5
PBSAP-18,W2984343842,bge__verbose,6
PBSAP-18,W4410204833,bge__verbose,7
PBSAP-18,W1656888186,bge__verbose,8
PBSAP-18,W2587237139,bge__verbose,9
PBSAP-18,W3217458552,bge__verbose,10
PBSAP-19,S2_3cff0c31944d73e9c187c5dfa5398be262a2a695,bge__verbose,1
PBSAP-19,W4412040795,bge__verbose,2
PBSAP-19,S2_43d3666a59fa86e0986f6ec12b8f989e3aaca600,bge__verbose,3
PBSAP-19,W7214047140,bge__verbose,4
PBSAP-19,S2_a57b78f38afa529c1fe5522777b46c7bffc76a89,bge__verbose,5
PBSAP-19,W4312559589,bge__verbose,6
PBSAP-19,S2_621f959862afabacf00b11da48e042a99e581805,bge__verbose,7
PBSAP-19,W2049712903,bge__verbose,8
PBSAP-19,W4385248007,bge__verbose,9
PBSAP-19,S2_53ff6bdd80a4c6f886e3747aef1a322d729f3e1a,bge__verbose,10
PBSAP-20,S2_3cff0c31944d73e9c187c5dfa5398be262a2a695,bge__verbose,1
PBSAP-20,W4412040795,bge__verbose,2
PBSAP-20,W4224582657,bge__verbose,3
PBSAP-20,W2581032507,bge__verbose,4
PBSAP-20,W4409253631,bge__verbose,5
PBSAP-20,S2_7f99037de8b8749646de722f52ff044114fd0049,bge__verbose,6
PBSAP-20,W4323974790,bge__verbose,7
PBSAP-20,W4411958778,bge__verbose,8
PBSAP-20,W4401530171,bge__verbose,9
PBSAP-20,W4410834963,bge__verbose,10
PBSAP-21,S2_3cff0c31944d73e9c187c5dfa5398be262a2a695,bge__verbose,1
PBSAP-21,W2050101688,bge__verbose,2
PBSAP-21,W2760625140,bge__verbose,3
PBSAP-21,W2120351078,bge__verbose,4
PBSAP-21,W4412040795,bge__verbose,5
PBSAP-21,W1975919086,bge__verbose,6
PBSAP-21,W4393353983,bge__verbose,7
PBSAP-21,W4395008763,bge__verbose,8
PBSAP-21,W4404524185,bge__verbose,9
PBSAP-21,W2160697202,bge__verbose,10
PBSAP-22,W4411958778,bge__verbose,1
PBSAP-22,W7215025714,bge__verbose,2
PBSAP-22,W4401485438,bge__verbose,3
PBSAP-22,W7119038565,bge__verbose,4
PBSAP-22,W4385536703,bge__verbose,5
PBSAP-22,W4414510181,bge__verbose,6
PBSAP-22,W4405979884,bge__verbose,7
PBSAP-22,W2145438031,bge__verbose,8
PBSAP-22,W2802079037,bge__verbose,9
PBSAP-22,S2_3cff0c31944d73e9c187c5dfa5398be262a2a695,bge__verbose,10
PBSAP-23,W7203732379,bge__verbose,1
PBSAP-23,W7203762891,bge__verbose,2
PBSAP-23,W4417325046,bge__verbose,3
PBSAP-23,W7215025714,bge__verbose,4
PBSAP-23,W4414510181,bge__verbose,5
PBSAP-23,W3148798085,bge__verbose,6
PBSAP-23,W7128442380,bge__verbose,7
PBSAP-23,W7153338599,bge__verbose,8
PBSAP-23,W4413342621,bge__verbose,9
PBSAP-23,W4416745341,bge__verbose,10
PBSAP-01,W3108704521,bm25__decomp,1
PBSAP-01,W2133638978,bm25__decomp,2
PBSAP-01,W4411101325,bm25__decomp,3
PBSAP-01,W2120814969,bm25__decomp,4
PBSAP-01,W20757553,bm25__decomp,5
PBSAP-01,W4312267941,bm25__decomp,6
PBSAP-01,W4387183679,bm25__decomp,7
PBSAP-01,W7117574889,bm25__decomp,8
PBSAP-01,W2057787486,bm25__decomp,9
PBSAP-01,W2154785107,bm25__decomp,10
PBSAP-02,W4399385125,bm25__decomp,1
PBSAP-02,W7172202359,bm25__decomp,2
PBSAP-02,S2_ca92060e6d57c31b8be63e7e98193c28ca285787,bm25__decomp,3
PBSAP-02,W3171163790,bm25__decomp,4
PBSAP-02,W4411378050,bm25__decomp,5
PBSAP-02,W2087254397,bm25__decomp,6
PBSAP-02,W2287549482,bm25__decomp,7
PBSAP-02,W4393295112,bm25__decomp,8
PBSAP-02,W2061234940,bm25__decomp,9
PBSAP-02,W3048255710,bm25__decomp,10
PBSAP-03,W3203944886,bm25__decomp,1
PBSAP-03,W4396661604,bm25__decomp,2
PBSAP-03,W3108704521,bm25__decomp,3
PBSAP-03,W2155366951,bm25__decomp,4
PBSAP-03,W2277658191,bm25__decomp,5
PBSAP-03,W4415714559,bm25__decomp,6
PBSAP-03,S2_8b78a78a1bf475b6fad5a5c46e3d25ed08d17d43,bm25__decomp,7
PBSAP-03,W3208080064,bm25__decomp,8
PBSAP-03,W4403140809,bm25__decomp,9
PBSAP-03,W4312957818,bm25__decomp,10
PBSAP-04,W4387460245,bm25__decomp,1
PBSAP-04,W2762398127,bm25__decomp,2
PBSAP-04,W2723375828,bm25__decomp,3
PBSAP-04,W2954870148,bm25__decomp,4
PBSAP-04,W2542377898,bm25__decomp,5
PBSAP-04,W2239230123,bm25__decomp,6
PBSAP-04,W4408882630,bm25__decomp,7
PBSAP-04,W3092034834,bm25__decomp,8
PBSAP-04,W4409594748,bm25__decomp,9
PBSAP-04,W3216364292,bm25__decomp,10
PBSAP-05,W4295278544,bm25__decomp,1
PBSAP-05,W7212125727,bm25__decomp,2
PBSAP-05,W2467046380,bm25__decomp,3
PBSAP-05,W4399612554,bm25__decomp,4
PBSAP-05,W7122683896,bm25__decomp,5
PBSAP-05,W4379365480,bm25__decomp,6
PBSAP-05,W4402494050,bm25__decomp,7
PBSAP-05,W2279736519,bm25__decomp,8
PBSAP-05,W4382752600,bm25__decomp,9
PBSAP-05,W4390352422,bm25__decomp,10
PBSAP-06,W1571560810,bm25__decomp,1
PBSAP-06,W4413798916,bm25__decomp,2
PBSAP-06,W4386087648,bm25__decomp,3
PBSAP-06,W1853248936,bm25__decomp,4
PBSAP-06,W4405759221,bm25__decomp,5
PBSAP-06,W2948065736,bm25__decomp,6
PBSAP-06,W2782210147,bm25__decomp,7
PBSAP-06,W4380630464,bm25__decomp,8
PBSAP-06,W4390845286,bm25__decomp,9
PBSAP-06,W4381804436,bm25__decomp,10
PBSAP-07,W7117981078,bm25__decomp,1
PBSAP-07,W2778428011,bm25__decomp,2
PBSAP-07,W4408913952,bm25__decomp,3
PBSAP-07,W2904144656,bm25__decomp,4
PBSAP-07,W4399269615,bm25__decomp,5
PBSAP-07,W1967968540,bm25__decomp,6
PBSAP-07,W4387733228,bm25__decomp,7
PBSAP-07,W3022411633,bm25__decomp,8
PBSAP-07,W2169278375,bm25__decomp,9
PBSAP-07,S2_e2611becba30c70bf45dec8766253cd7cf9cc4f2,bm25__decomp,10
PBSAP-08,W4415656728,bm25__decomp,1
PBSAP-08,W1556955148,bm25__decomp,2
PBSAP-08,W4414269792,bm25__decomp,3
PBSAP-08,S2_63859ccddaac7e2b835e6ec440b0dfbac2a00829,bm25__decomp,4
PBSAP-08,S2_88caf94a11d8a4518e570dc5bf60c188a5729cf2,bm25__decomp,5
PBSAP-08,W4412678568,bm25__decomp,6
PBSAP-08,W4365502957,bm25__decomp,7
PBSAP-08,W4205704710,bm25__decomp,8
PBSAP-08,W2087423504,bm25__decomp,9
PBSAP-08,W4353005001,bm25__decomp,10
PBSAP-09,W7212125727,bm25__decomp,1
PBSAP-09,W2467046380,bm25__decomp,2
PBSAP-09,W7122683896,bm25__decomp,3
PBSAP-09,W7167346898,bm25__decomp,4
PBSAP-09,W2723375828,bm25__decomp,5
PBSAP-09,W3118677571,bm25__decomp,6
PBSAP-09,W4379365480,bm25__decomp,7
PBSAP-09,W3101545844,bm25__decomp,8
PBSAP-09,W3216364292,bm25__decomp,9
PBSAP-09,W4244496044,bm25__decomp,10
PBSAP-10,W4289263581,bm25__decomp,1
PBSAP-10,W4412678568,bm25__decomp,2
PBSAP-10,W2141170840,bm25__decomp,3
PBSAP-10,W3093563774,bm25__decomp,4
PBSAP-10,W4367300566,bm25__decomp,5
PBSAP-10,W4402110947,bm25__decomp,6
PBSAP-10,W4385601927,bm25__decomp,7
PBSAP-10,S2_8c66cf5d6cd11c4e4a35d61fd460e5f97fce47f9,bm25__decomp,8
PBSAP-10,W4408886430,bm25__decomp,9
PBSAP-10,W2325854963,bm25__decomp,10
PBSAP-11,S2_30ad9a5f2c59699fda79655f922e51ea144395d2,bm25__decomp,1
PBSAP-11,W4401480772,bm25__decomp,2
PBSAP-11,S2_06302c65c6deebcfb85b155663d41bcd2035f542,bm25__decomp,3
PBSAP-11,W4401806761,bm25__decomp,4
PBSAP-11,W4385730132,bm25__decomp,5
PBSAP-11,W1808082289,bm25__decomp,6
PBSAP-11,W2773910037,bm25__decomp,7
PBSAP-11,W2004933915,bm25__decomp,8
PBSAP-11,W3012099477,bm25__decomp,9
PBSAP-11,W3217745233,bm25__decomp,10
PBSAP-12,W4416862269,bm25__decomp,1
PBSAP-12,W4392147228,bm25__decomp,2
PBSAP-12,W4313009438,bm25__decomp,3
PBSAP-12,W7128514123,bm25__decomp,4
PBSAP-12,S2_f09a8e87e97de386a38b5f1206623a0784fbcb15,bm25__decomp,5
PBSAP-12,W2981929374,bm25__decomp,6
PBSAP-12,W4408377197,bm25__decomp,7
PBSAP-12,W2779613575,bm25__decomp,8
PBSAP-12,W4404528762,bm25__decomp,9
PBSAP-12,W4400318614,bm25__decomp,10
PBSAP-13,W4406748347,bm25__decomp,1
PBSAP-13,W4404524185,bm25__decomp,2
PBSAP-13,W3082602756,bm25__decomp,3
PBSAP-13,W2281162505,bm25__decomp,4
PBSAP-13,S2_e7a962fa90839c56c79e7faa574828af6c27cef2,bm25__decomp,5
PBSAP-13,W3138859744,bm25__decomp,6
PBSAP-13,W4289263581,bm25__decomp,7
PBSAP-13,W4401530171,bm25__decomp,8
PBSAP-13,W3002120387,bm25__decomp,9
PBSAP-13,W7214047140,bm25__decomp,10
PBSAP-14,S2_a57b78f38afa529c1fe5522777b46c7bffc76a89,bm25__decomp,1
PBSAP-14,W4414269792,bm25__decomp,2
PBSAP-14,S2_07a828605a8b53d56c947e9ea4e772d14de2c63e,bm25__decomp,3
PBSAP-14,W2969061020,bm25__decomp,4
PBSAP-14,W4412040795,bm25__decomp,5
PBSAP-14,W4410834963,bm25__decomp,6
PBSAP-14,W4412506907,bm25__decomp,7
PBSAP-14,S2_e7a962fa90839c56c79e7faa574828af6c27cef2,bm25__decomp,8
PBSAP-14,W4403140809,bm25__decomp,9
PBSAP-14,W4404834884,bm25__decomp,10
PBSAP-15,W4289263581,bm25__decomp,1
PBSAP-15,S2_fe0aebd0ab7f2ccb445d801898bcc9d39e7e5037,bm25__decomp,2
PBSAP-15,W3093563774,bm25__decomp,3
PBSAP-15,W4414269792,bm25__decomp,4
PBSAP-15,W4404424499,bm25__decomp,5
PBSAP-15,W4379535484,bm25__decomp,6
PBSAP-15,W2593536401,bm25__decomp,7
PBSAP-15,W4412678568,bm25__decomp,8
PBSAP-15,W4312957818,bm25__decomp,9
PBSAP-15,S2_21eb9f9b3ea175158b6230de216db6da197ffa69,bm25__decomp,10
PBSAP-16,W4389520227,bm25__decomp,1
PBSAP-16,W4389358939,bm25__decomp,2
PBSAP-16,W4378219384,bm25__decomp,3
PBSAP-16,W4410834963,bm25__decomp,4
PBSAP-16,W4412678568,bm25__decomp,5
PBSAP-16,W2069105096,bm25__decomp,6
PBSAP-16,W4400318614,bm25__decomp,7
PBSAP-16,W7166744914,bm25__decomp,8
PBSAP-16,W3204525239,bm25__decomp,9
PBSAP-16,W7217033531,bm25__decomp,10
PBSAP-17,S2_e4a23859e6ca4f6beef2554ec6907efddb5a2b3c,bm25__decomp,1
PBSAP-17,W2472684275,bm25__decomp,2
PBSAP-17,W1459175984,bm25__decomp,3
PBSAP-17,W1526182800,bm25__decomp,4
PBSAP-17,W2276919489,bm25__decomp,5
PBSAP-17,W7217789486,bm25__decomp,6
PBSAP-17,W1885296745,bm25__decomp,7
PBSAP-17,W4402971859,bm25__decomp,8
PBSAP-17,S2_4ced07e31a333e21325147a6033bb4bfad92937c,bm25__decomp,9
PBSAP-17,W2105786871,bm25__decomp,10
PBSAP-18,W2529745805,bm25__decomp,1
PBSAP-18,W2015199826,bm25__decomp,2
PBSAP-18,W2462621117,bm25__decomp,3
PBSAP-18,S2_c281e25f7460fee638fd3953b952347807edaaf8,bm25__decomp,4
PBSAP-18,W3101545844,bm25__decomp,5
PBSAP-18,S2_c7fad42d51a2b19d0bd209afe7b3e29d792f99aa,bm25__decomp,6
PBSAP-18,W1462857435,bm25__decomp,7
PBSAP-18,W4312957818,bm25__decomp,8
PBSAP-18,W4366966378,bm25__decomp,9
PBSAP-18,W4391256934,bm25__decomp,10
PBSAP-19,W2342732913,bm25__decomp,1
PBSAP-19,W4410834963,bm25__decomp,2
PBSAP-19,W2277658191,bm25__decomp,3
PBSAP-19,W2587237139,bm25__decomp,4
PBSAP-19,W2031231836,bm25__decomp,5
PBSAP-19,W7214047140,bm25__decomp,6
PBSAP-19,W4416118978,bm25__decomp,7
PBSAP-19,W4322504258,bm25__decomp,8
PBSAP-19,W4399684144,bm25__decomp,9
PBSAP-19,W7203732379,bm25__decomp,10
PBSAP-20,W7128442380,bm25__decomp,1
PBSAP-20,W2594581357,bm25__decomp,2
PBSAP-20,W1603507857,bm25__decomp,3
PBSAP-20,W1896426078,bm25__decomp,4
PBSAP-20,S2_990a41e1730e061b73c74bc9403d47118f99ac85,bm25__decomp,5
PBSAP-20,W2890002464,bm25__decomp,6
PBSAP-20,W2018132446,bm25__decomp,7
PBSAP-20,S2_4bd5431e55b0cfd0582001f4ba21b7d1d84cf9e2,bm25__decomp,8
PBSAP-20,W2969061020,bm25__decomp,9
PBSAP-20,W4406810139,bm25__decomp,10
PBSAP-21,W4404524185,bm25__decomp,1
PBSAP-21,W3002120387,bm25__decomp,2
PBSAP-21,W4408886430,bm25__decomp,3
PBSAP-21,W7217033531,bm25__decomp,4
PBSAP-21,W4415536367,bm25__decomp,5
PBSAP-21,W4415656728,bm25__decomp,6
PBSAP-21,W7114780924,bm25__decomp,7
PBSAP-21,W3122819860,bm25__decomp,8
PBSAP-21,W2274108237,bm25__decomp,9
PBSAP-21,W4413846361,bm25__decomp,10
PBSAP-22,W7128442380,bm25__decomp,1
PBSAP-22,W4411958778,bm25__decomp,2
PBSAP-22,W4414510181,bm25__decomp,3
PBSAP-22,W2069105096,bm25__decomp,4
PBSAP-22,W4414864666,bm25__decomp,5
PBSAP-22,W4382404675,bm25__decomp,6
PBSAP-22,W3002120387,bm25__decomp,7
PBSAP-22,W4289263581,bm25__decomp,8
PBSAP-22,S2_8e480e05d5f2edad8afd6c8df83598f265b95225,bm25__decomp,9
PBSAP-22,W2966015057,bm25__decomp,10
PBSAP-23,W7128442380,bm25__decomp,1
PBSAP-23,W4414510181,bm25__decomp,2
PBSAP-23,W7203762891,bm25__decomp,3
PBSAP-23,W4411958778,bm25__decomp,4
PBSAP-23,W4401007949,bm25__decomp,5
PBSAP-23,W2952213043,bm25__decomp,6
PBSAP-23,W7203732379,bm25__decomp,7
PBSAP-23,W3002120387,bm25__decomp,8
PBSAP-23,W3001813355,bm25__decomp,9
PBSAP-23,W2993403696,bm25__decomp,10
PBSAP-01,W3108704521,bm25__desc,1
PBSAP-01,W4386331097,bm25__desc,2
PBSAP-01,W4411101325,bm25__desc,3
PBSAP-01,W1938137845,bm25__desc,4
PBSAP-01,W2979379173,bm25__desc,5
PBSAP-01,S2_ded5cb3a96ffe5887c19379eecbc6ecee5746218,bm25__desc,6
PBSAP-01,W4383683794,bm25__desc,7
PBSAP-01,W4387183679,bm25__desc,8
PBSAP-01,W4406805830,bm25__desc,9
PBSAP-01,W7117574889,bm25__desc,10
PBSAP-02,W7172202359,bm25__desc,1
PBSAP-02,W7161588458,bm25__desc,2
PBSAP-02,W2485532749,bm25__desc,3
PBSAP-02,W3213376507,bm25__desc,4
PBSAP-02,S2_ca92060e6d57c31b8be63e7e98193c28ca285787,bm25__desc,5
PBSAP-02,W4409253631,bm25__desc,6
PBSAP-02,W4393091680,bm25__desc,7
PBSAP-02,W3171163790,bm25__desc,8
PBSAP-02,W1938137845,bm25__desc,9
PBSAP-02,W2969934840,bm25__desc,10
PBSAP-03,W2164623622,bm25__desc,1
PBSAP-03,W3108704521,bm25__desc,2
PBSAP-03,W2120351078,bm25__desc,3
PBSAP-03,W7146043635,bm25__desc,4
PBSAP-03,W1793960580,bm25__desc,5
PBSAP-03,W4413449508,bm25__desc,6
PBSAP-03,W4414168737,bm25__desc,7
PBSAP-03,W4393091680,bm25__desc,8
PBSAP-03,W3211045982,bm25__desc,9
PBSAP-03,W4312493003,bm25__desc,10
PBSAP-04,W2909723494,bm25__desc,1
PBSAP-04,W3012230538,bm25__desc,2
PBSAP-04,W4383104037,bm25__desc,3
PBSAP-04,W4399813296,bm25__desc,4
PBSAP-04,W4229025685,bm25__desc,5
PBSAP-04,W2410798415,bm25__desc,6
PBSAP-04,W3094903454,bm25__desc,7
PBSAP-04,W4408101459,bm25__desc,8
PBSAP-04,W2918017515,bm25__desc,9
PBSAP-04,W2135948965,bm25__desc,10
PBSAP-05,W4382752600,bm25__desc,1
PBSAP-05,W4379365480,bm25__desc,2
PBSAP-05,W4399612554,bm25__desc,3
PBSAP-05,W7212125727,bm25__desc,4
PBSAP-05,S2_e12f51b32a59d84ebff19f320b644ee882d59de5,bm25__desc,5
PBSAP-05,W2723375828,bm25__desc,6
PBSAP-05,W2467046380,bm25__desc,7
PBSAP-05,S2_22033d5310e78cb9c89f780ef47f11e72528f71a,bm25__desc,8
PBSAP-05,W4214750964,bm25__desc,9
PBSAP-05,W4402494050,bm25__desc,10
PBSAP-06,W4380536720,bm25__desc,1
PBSAP-06,W4411240772,bm25__desc,2
PBSAP-06,W1853248936,bm25__desc,3
PBSAP-06,W2948065736,bm25__desc,4
PBSAP-06,W3143385370,bm25__desc,5
PBSAP-06,W2999732232,bm25__desc,6
PBSAP-06,W4386087648,bm25__desc,7
PBSAP-06,W1571560810,bm25__desc,8
PBSAP-06,W4413798916,bm25__desc,9
PBSAP-06,W4312371596,bm25__desc,10
PBSAP-07,W2543352197,bm25__desc,1
PBSAP-07,W2072093076,bm25__desc,2
PBSAP-07,W1793960580,bm25__desc,3
PBSAP-07,W4415730912,bm25__desc,4
PBSAP-07,W7163985292,bm25__desc,5
PBSAP-07,W2299554523,bm25__desc,6
PBSAP-07,W4386962819,bm25__desc,7
PBSAP-07,W2352073799,bm25__desc,8
PBSAP-07,W4389547166,bm25__desc,9
PBSAP-07,W4408669384,bm25__desc,10
PBSAP-08,W4386484833,bm25__desc,1
PBSAP-08,W2773910037,bm25__desc,2
PBSAP-08,W3008364131,bm25__desc,3
PBSAP-08,W4389192956,bm25__desc,4
PBSAP-08,W4392362995,bm25__desc,5
PBSAP-08,W4393353983,bm25__desc,6
PBSAP-08,W4405559077,bm25__desc,7
PBSAP-08,W4376138358,bm25__desc,8
PBSAP-08,W4395080926,bm25__desc,9
PBSAP-08,W2468565069,bm25__desc,10
PBSAP-09,W2723375828,bm25__desc,1
PBSAP-09,W3014575520,bm25__desc,2
PBSAP-09,W4391104039,bm25__desc,3
PBSAP-09,S2_22033d5310e78cb9c89f780ef47f11e72528f71a,bm25__desc,4
PBSAP-09,W4382752600,bm25__desc,5
PBSAP-09,W4379365480,bm25__desc,6
PBSAP-09,W4214750964,bm25__desc,7
PBSAP-09,W4205838552,bm25__desc,8
PBSAP-09,W7167346898,bm25__desc,9
PBSAP-09,W7212125727,bm25__desc,10
PBSAP-10,S2_73f716bcd75ca1277643bfbc32c4c5b073ba7e31,bm25__desc,1
PBSAP-10,W4390265048,bm25__desc,2
PBSAP-10,W3043180717,bm25__desc,3
PBSAP-10,W2789277362,bm25__desc,4
PBSAP-10,W1599692419,bm25__desc,5
PBSAP-10,W7115946326,bm25__desc,6
PBSAP-10,W7125942865,bm25__desc,7
PBSAP-10,W612450030,bm25__desc,8
PBSAP-10,W4282822141,bm25__desc,9
PBSAP-10,W321301835,bm25__desc,10
PBSAP-11,W2773910037,bm25__desc,1
PBSAP-11,W1799103514,bm25__desc,2
PBSAP-11,W4403854577,bm25__desc,3
PBSAP-11,S2_ae0c2a0a4d5661b9984fecf24b107d8e23ab0ddd,bm25__desc,4
PBSAP-11,W4401806761,bm25__desc,5
PBSAP-11,W3012099477,bm25__desc,6
PBSAP-11,W4214526253,bm25__desc,7
PBSAP-11,W3217745233,bm25__desc,8
PBSAP-11,W4401480772,bm25__desc,9
PBSAP-11,W2998575036,bm25__desc,10
PBSAP-12,W4416862269,bm25__desc,1
PBSAP-12,W4392147228,bm25__desc,2
PBSAP-12,W4313009438,bm25__desc,3
PBSAP-12,W4309259868,bm25__desc,4
PBSAP-12,W4401069513,bm25__desc,5
PBSAP-12,W7128514123,bm25__desc,6
PBSAP-12,S2_f09a8e87e97de386a38b5f1206623a0784fbcb15,bm25__desc,7
PBSAP-12,W2378467843,bm25__desc,8
PBSAP-12,W2156369275,bm25__desc,9
PBSAP-12,W2030265361,bm25__desc,10
PBSAP-13,W2167371444,bm25__desc,1
PBSAP-13,W4401530171,bm25__desc,2
PBSAP-13,W4400131744,bm25__desc,3
PBSAP-13,W1567522067,bm25__desc,4
PBSAP-13,W4283833421,bm25__desc,5
PBSAP-13,W4410364108,bm25__desc,6
PBSAP-13,W4404524185,bm25__desc,7
PBSAP-13,W4321515620,bm25__desc,8
PBSAP-13,S2_134734c55e9278c86ed3851b19e291891d90e425,bm25__desc,9
PBSAP-13,W3163503247,bm25__desc,10
PBSAP-14,W3148798085,bm25__desc,1
PBSAP-14,W4413034344,bm25__desc,2
PBSAP-14,W4412506907,bm25__desc,3
PBSAP-14,W2087423504,bm25__desc,4
PBSAP-14,W2126404776,bm25__desc,5
PBSAP-14,W4411958778,bm25__desc,6
PBSAP-14,W4412528315,bm25__desc,7
PBSAP-14,S2_f29fd8fb55aae8e7109c1207ac3cfad5d96c6209,bm25__desc,8
PBSAP-14,W2802787401,bm25__desc,9
PBSAP-14,S2_07a828605a8b53d56c947e9ea4e772d14de2c63e,bm25__desc,10
PBSAP-15,W3004534589,bm25__desc,1
PBSAP-15,W4409773957,bm25__desc,2
PBSAP-15,S2_84d29e4ed664a061139094ed6682c8687470c192,bm25__desc,3
PBSAP-15,W3016904115,bm25__desc,4
PBSAP-15,W1543590217,bm25__desc,5
PBSAP-15,W3123433124,bm25__desc,6
PBSAP-15,W3007504089,bm25__desc,7
PBSAP-15,W4379535484,bm25__desc,8
PBSAP-15,W2519081863,bm25__desc,9
PBSAP-15,W4393091698,bm25__desc,10
PBSAP-16,W7118186445,bm25__desc,1
PBSAP-16,W3204525239,bm25__desc,2
PBSAP-16,W4389358939,bm25__desc,3
PBSAP-16,W3133525125,bm25__desc,4
PBSAP-16,W4378219384,bm25__desc,5
PBSAP-16,W4403258450,bm25__desc,6
PBSAP-16,W4323341763,bm25__desc,7
PBSAP-16,W4214828633,bm25__desc,8
PBSAP-16,W4386995724,bm25__desc,9
PBSAP-16,W4319350502,bm25__desc,10
PBSAP-17,W1885296745,bm25__desc,1
PBSAP-17,W2976099232,bm25__desc,2
PBSAP-17,S2_e4a23859e6ca4f6beef2554ec6907efddb5a2b3c,bm25__desc,3
PBSAP-17,W2276919489,bm25__desc,4
PBSAP-17,W4041787,bm25__desc,5
PBSAP-17,W2105786871,bm25__desc,6
PBSAP-17,W1541324685,bm25__desc,7
PBSAP-17,W1975108901,bm25__desc,8
PBSAP-17,W2279951851,bm25__desc,9
PBSAP-17,W4311185537,bm25__desc,10
PBSAP-18,W2015199826,bm25__desc,1
PBSAP-18,W4416457425,bm25__desc,2
PBSAP-18,W7169781009,bm25__desc,3
PBSAP-18,W3126199405,bm25__desc,4
PBSAP-18,W4415909108,bm25__desc,5
PBSAP-18,W4226456470,bm25__desc,6
PBSAP-18,W2791463282,bm25__desc,7
PBSAP-18,W4398760797,bm25__desc,8
PBSAP-18,W4412648168,bm25__desc,9
PBSAP-18,W4401111444,bm25__desc,10
PBSAP-19,W4410834963,bm25__desc,1
PBSAP-19,S2_72ee5b8bf73ab4acbee9676d4145e07c3af4cf89,bm25__desc,2
PBSAP-19,W4385248007,bm25__desc,3
PBSAP-19,S2_990a41e1730e061b73c74bc9403d47118f99ac85,bm25__desc,4
PBSAP-19,S2_a958660e1695183426c32de184a6faf58cd0e057,bm25__desc,5
PBSAP-19,W4401219157,bm25__desc,6
PBSAP-19,W4395008763,bm25__desc,7
PBSAP-19,W2515998503,bm25__desc,8
PBSAP-19,W4410914975,bm25__desc,9
PBSAP-19,W1983123436,bm25__desc,10
PBSAP-20,W2993403696,bm25__desc,1
PBSAP-20,W2751151007,bm25__desc,2
PBSAP-20,W4407191573,bm25__desc,3
PBSAP-20,W2586361251,bm25__desc,4
PBSAP-20,W4321515620,bm25__desc,5
PBSAP-20,W4404234201,bm25__desc,6
PBSAP-20,W2884937716,bm25__desc,7
PBSAP-20,W4413735951,bm25__desc,8
PBSAP-20,W2591298098,bm25__desc,9
PBSAP-20,W4414186735,bm25__desc,10
PBSAP-21,W2515998503,bm25__desc,1
PBSAP-21,W4410914975,bm25__desc,2
PBSAP-21,W3119881652,bm25__desc,3
PBSAP-21,W4405559077,bm25__desc,4
PBSAP-21,W4415366317,bm25__desc,5
PBSAP-21,W1593209885,bm25__desc,6
PBSAP-21,W7215714090,bm25__desc,7
PBSAP-21,W4220718165,bm25__desc,8
PBSAP-21,W3015326751,bm25__desc,9
PBSAP-21,W4413846361,bm25__desc,10
PBSAP-22,W4410399810,bm25__desc,1
PBSAP-22,W7126074537,bm25__desc,2
PBSAP-22,W4414510181,bm25__desc,3
PBSAP-22,W4405979884,bm25__desc,4
PBSAP-22,W4414864666,bm25__desc,5
PBSAP-22,W2802079037,bm25__desc,6
PBSAP-22,S2_f585ef68793cf86a30507d875ffc1413e094291c,bm25__desc,7
PBSAP-22,W3027970443,bm25__desc,8
PBSAP-22,W3197158277,bm25__desc,9
PBSAP-22,W2145438031,bm25__desc,10
PBSAP-23,W4414510181,bm25__desc,1
PBSAP-23,W7203732379,bm25__desc,2
PBSAP-23,W4410399810,bm25__desc,3
PBSAP-23,W4416745341,bm25__desc,4
PBSAP-23,W7203762891,bm25__desc,5
PBSAP-23,W4401007949,bm25__desc,6
PBSAP-23,W7128442380,bm25__desc,7
PBSAP-23,W4407340918,bm25__desc,8
PBSAP-23,W4411958778,bm25__desc,9
PBSAP-23,W4414864666,bm25__desc,10
PBSAP-01,W4412040795,bm25__hyde,1
PBSAP-01,W3108704521,bm25__hyde,2
PBSAP-01,W4411101325,bm25__hyde,3
PBSAP-01,W4415259024,bm25__hyde,4
PBSAP-01,W2955304591,bm25__hyde,5
PBSAP-01,W4415274031,bm25__hyde,6
PBSAP-01,S2_ded5cb3a96ffe5887c19379eecbc6ecee5746218,bm25__hyde,7
PBSAP-01,W4389358939,bm25__hyde,8
PBSAP-01,W2342732913,bm25__hyde,9
PBSAP-01,W1975919086,bm25__hyde,10
PBSAP-02,W4409253631,bm25__hyde,1
PBSAP-02,W7124709407,bm25__hyde,2
PBSAP-02,W4406310182,bm25__hyde,3
PBSAP-02,S2_ca92060e6d57c31b8be63e7e98193c28ca285787,bm25__hyde,4
PBSAP-02,W4410834963,bm25__hyde,5
PBSAP-02,W7172202359,bm25__hyde,6
PBSAP-02,W2485532749,bm25__hyde,7
PBSAP-02,W4411536063,bm25__hyde,8
PBSAP-02,W4401111444,bm25__hyde,9
PBSAP-02,S2_76f8956d5e69f84e2bd83a1bb966f6e08c895507,bm25__hyde,10
PBSAP-03,W2120351078,bm25__hyde,1
PBSAP-03,W2164623622,bm25__hyde,2
PBSAP-03,W2342732913,bm25__hyde,3
PBSAP-03,W2163386000,bm25__hyde,4
PBSAP-03,W2955304591,bm25__hyde,5
PBSAP-03,W2015946504,bm25__hyde,6
PBSAP-03,W1594542371,bm25__hyde,7
PBSAP-03,W2790514674,bm25__hyde,8
PBSAP-03,W4411101325,bm25__hyde,9
PBSAP-03,W2068980948,bm25__hyde,10
PBSAP-04,W4399813296,bm25__hyde,1
PBSAP-04,W4229025685,bm25__hyde,2
PBSAP-04,W4408882630,bm25__hyde,3
PBSAP-04,S2_e7a962fa90839c56c79e7faa574828af6c27cef2,bm25__hyde,4
PBSAP-04,W4411671784,bm25__hyde,5
PBSAP-04,S2_1480cde959c4dd4b2aefbbff52f1b23542a8ddcd,bm25__hyde,6
PBSAP-04,W2768240182,bm25__hyde,7
PBSAP-04,W2342732913,bm25__hyde,8
PBSAP-04,W4312900215,bm25__hyde,9
PBSAP-04,W7165400101,bm25__hyde,10
PBSAP-05,W7167346898,bm25__hyde,1
PBSAP-05,S2_e12f51b32a59d84ebff19f320b644ee882d59de5,bm25__hyde,2
PBSAP-05,W7164405707,bm25__hyde,3
PBSAP-05,W2808891583,bm25__hyde,4
PBSAP-05,W3213911384,bm25__hyde,5
PBSAP-05,W4382752600,bm25__hyde,6
PBSAP-05,W4399612554,bm25__hyde,7
PBSAP-05,S2_22033d5310e78cb9c89f780ef47f11e72528f71a,bm25__hyde,8
PBSAP-05,W7212125727,bm25__hyde,9
PBSAP-05,W4391104039,bm25__hyde,10
PBSAP-06,W4411240772,bm25__hyde,1
PBSAP-06,W4380536720,bm25__hyde,2
PBSAP-06,W4410281535,bm25__hyde,3
PBSAP-06,W4312371596,bm25__hyde,4
PBSAP-06,W4382786627,bm25__hyde,5
PBSAP-06,W4386518984,bm25__hyde,6
PBSAP-06,W2610949768,bm25__hyde,7
PBSAP-06,S2_573448af3e4cf51118387a8c5619f4dbe6b00910,bm25__hyde,8
PBSAP-06,W2999732232,bm25__hyde,9
PBSAP-06,W7128424331,bm25__hyde,10
PBSAP-07,W2046051800,bm25__hyde,1
PBSAP-07,W3215128528,bm25__hyde,2
PBSAP-07,W2352073799,bm25__hyde,3
PBSAP-07,W4389547166,bm25__hyde,4
PBSAP-07,W1976948672,bm25__hyde,5
PBSAP-07,W4386962819,bm25__hyde,6
PBSAP-07,S2_9055698e61de261a2ea1525fb8c79302e4900e33,bm25__hyde,7
PBSAP-07,W1793380480,bm25__hyde,8
PBSAP-07,W7213346496,bm25__hyde,9
PBSAP-07,W2084245869,bm25__hyde,10
PBSAP-08,W4415656728,bm25__hyde,1
PBSAP-08,W4395008763,bm25__hyde,2
PBSAP-08,S2_a65e289a7ee554f8402c4a32a4dcc50d782e7476,bm25__hyde,3
PBSAP-08,W4411121188,bm25__hyde,4
PBSAP-08,W4386484833,bm25__hyde,5
PBSAP-08,W4412678568,bm25__hyde,6
PBSAP-08,S2_63859ccddaac7e2b835e6ec440b0dfbac2a00829,bm25__hyde,7
PBSAP-08,W4413202255,bm25__hyde,8
PBSAP-08,W4323974790,bm25__hyde,9
PBSAP-08,W1556955148,bm25__hyde,10
PBSAP-09,W4401530171,bm25__hyde,1
PBSAP-09,W4214750964,bm25__hyde,2
PBSAP-09,W4415723868,bm25__hyde,3
PBSAP-09,W4413208679,bm25__hyde,4
PBSAP-09,W4407366802,bm25__hyde,5
PBSAP-09,W2313622369,bm25__hyde,6
PBSAP-09,W4406748347,bm25__hyde,7
PBSAP-09,W7167346898,bm25__hyde,8
PBSAP-09,W3009126446,bm25__hyde,9
PBSAP-09,W3200865534,bm25__hyde,10
PBSAP-10,W2916433628,bm25__hyde,1
PBSAP-10,W7115946326,bm25__hyde,2
PBSAP-10,W3104523603,bm25__hyde,3
PBSAP-10,W7125942865,bm25__hyde,4
PBSAP-10,W4414658134,bm25__hyde,5
PBSAP-10,W4393123318,bm25__hyde,6
PBSAP-10,W4412183575,bm25__hyde,7
PBSAP-10,W4400120660,bm25__hyde,8
PBSAP-10,W4289263581,bm25__hyde,9
PBSAP-10,W4415656728,bm25__hyde,10
PBSAP-11,W7161588458,bm25__hyde,1
PBSAP-11,W4379797892,bm25__hyde,2
PBSAP-11,W4408351182,bm25__hyde,3
PBSAP-11,W4297009856,bm25__hyde,4
PBSAP-11,W2080521276,bm25__hyde,5
PBSAP-11,W4406310182,bm25__hyde,6
PBSAP-11,S2_134734c55e9278c86ed3851b19e291891d90e425,bm25__hyde,7
PBSAP-11,W4399385125,bm25__hyde,8
PBSAP-11,W1938137845,bm25__hyde,9
PBSAP-11,W2135531699,bm25__hyde,10
PBSAP-12,W2673587905,bm25__hyde,1
PBSAP-12,W4416862269,bm25__hyde,2
PBSAP-12,S2_f09a8e87e97de386a38b5f1206623a0784fbcb15,bm25__hyde,3
PBSAP-12,W2981929374,bm25__hyde,4
PBSAP-12,W4401069513,bm25__hyde,5
PBSAP-12,W4313009438,bm25__hyde,6
PBSAP-12,W4415274031,bm25__hyde,7
PBSAP-12,W2779613575,bm25__hyde,8
PBSAP-12,W4392147228,bm25__hyde,9
PBSAP-12,W4410143552,bm25__hyde,10
PBSAP-13,W4401530171,bm25__hyde,1
PBSAP-13,W4410364108,bm25__hyde,2
PBSAP-13,W4406748347,bm25__hyde,3
PBSAP-13,W7214047140,bm25__hyde,4
PBSAP-13,W4321515620,bm25__hyde,5
PBSAP-13,S2_134734c55e9278c86ed3851b19e291891d90e425,bm25__hyde,6
PBSAP-13,W2167371444,bm25__hyde,7
PBSAP-13,W4400344315,bm25__hyde,8
PBSAP-13,W7165400101,bm25__hyde,9
PBSAP-13,W4413208679,bm25__hyde,10
PBSAP-14,W7220257467,bm25__hyde,1
PBSAP-14,S2_a57b78f38afa529c1fe5522777b46c7bffc76a89,bm25__hyde,2
PBSAP-14,W4412506907,bm25__hyde,3
PBSAP-14,W4412040795,bm25__hyde,4
PBSAP-14,W7217579958,bm25__hyde,5
PBSAP-14,W7128442380,bm25__hyde,6
PBSAP-14,W2087423504,bm25__hyde,7
PBSAP-14,W4402148428,bm25__hyde,8
PBSAP-14,S2_2a66b2b36a799c4c2d90bbe0a44aa45d609e1ac1,bm25__hyde,9
PBSAP-14,W4413054055,bm25__hyde,10
PBSAP-15,W4412040795,bm25__hyde,1
PBSAP-15,W7220257467,bm25__hyde,2
PBSAP-15,S2_3cff0c31944d73e9c187c5dfa5398be262a2a695,bm25__hyde,3
PBSAP-15,W4417216203,bm25__hyde,4
PBSAP-15,W1975919086,bm25__hyde,5
PBSAP-15,W3093727647,bm25__hyde,6
PBSAP-15,W4410834963,bm25__hyde,7
PBSAP-15,W4400318614,bm25__hyde,8
PBSAP-15,W4411958778,bm25__hyde,9
PBSAP-15,S2_880ace521678bded42206e4a17021af403358799,bm25__hyde,10
PBSAP-16,W4378219384,bm25__hyde,1
PBSAP-16,W4404552736,bm25__hyde,2
PBSAP-16,S2_2a66b2b36a799c4c2d90bbe0a44aa45d609e1ac1,bm25__hyde,3
PBSAP-16,W4414186735,bm25__hyde,4
PBSAP-16,W7220257467,bm25__hyde,5
PBSAP-16,W4402148428,bm25__hyde,6
PBSAP-16,W4412040795,bm25__hyde,7
PBSAP-16,W4410792016,bm25__hyde,8
PBSAP-16,W4400779440,bm25__hyde,9
PBSAP-16,W4412605595,bm25__hyde,10
PBSAP-17,W1885296745,bm25__hyde,1
PBSAP-17,S2_e4a23859e6ca4f6beef2554ec6907efddb5a2b3c,bm25__hyde,2
PBSAP-17,W2276919489,bm25__hyde,3
PBSAP-17,W3200111825,bm25__hyde,4
PBSAP-17,W4412040795,bm25__hyde,5
PBSAP-17,W2976099232,bm25__hyde,6
PBSAP-17,W7220257467,bm25__hyde,7
PBSAP-17,W2588951724,bm25__hyde,8
PBSAP-17,W7165400101,bm25__hyde,9
PBSAP-17,W7217579958,bm25__hyde,10
PBSAP-18,S2_4cc97dd36db744d6958765cd23ba4f0c8215ab42,bm25__hyde,1
PBSAP-18,W1543590217,bm25__hyde,2
PBSAP-18,W4392829420,bm25__hyde,3
PBSAP-18,W1975919086,bm25__hyde,4
PBSAP-18,W4391256934,bm25__hyde,5
PBSAP-18,W4414139870,bm25__hyde,6
PBSAP-18,W4395447577,bm25__hyde,7
PBSAP-18,W4306927827,bm25__hyde,8
PBSAP-18,W4401111444,bm25__hyde,9
PBSAP-18,W3093563774,bm25__hyde,10
PBSAP-19,W7214047140,bm25__hyde,1
PBSAP-19,W4410834963,bm25__hyde,2
PBSAP-19,W4412032766,bm25__hyde,3
PBSAP-19,W4413034344,bm25__hyde,4
PBSAP-19,W4402148428,bm25__hyde,5
PBSAP-19,S2_a57b78f38afa529c1fe5522777b46c7bffc76a89,bm25__hyde,6
PBSAP-19,S2_f36ba38e3b728ba866be553874862a66ea48a28c,bm25__hyde,7
PBSAP-19,W4416393912,bm25__hyde,8
PBSAP-19,W2277658191,bm25__hyde,9
PBSAP-19,W4388843653,bm25__hyde,10
PBSAP-20,W2106172670,bm25__hyde,1
PBSAP-20,W4414186735,bm25__hyde,2
PBSAP-20,W4402148428,bm25__hyde,3
PBSAP-20,W4407441821,bm25__hyde,4
PBSAP-20,W7214047140,bm25__hyde,5
PBSAP-20,W4321515620,bm25__hyde,6
PBSAP-20,W3135220306,bm25__hyde,7
PBSAP-20,W7128442380,bm25__hyde,8
PBSAP-20,W2884937716,bm25__hyde,9
PBSAP-20,W2890002464,bm25__hyde,10
PBSAP-21,W4401530171,bm25__hyde,1
PBSAP-21,W3135220306,bm25__hyde,2
PBSAP-21,W2515998503,bm25__hyde,3
PBSAP-21,W4412040795,bm25__hyde,4
PBSAP-21,W4404524185,bm25__hyde,5
PBSAP-21,W4400344315,bm25__hyde,6
PBSAP-21,W4410914975,bm25__hyde,7
PBSAP-21,W4399684144,bm25__hyde,8
PBSAP-21,W4410834963,bm25__hyde,9
PBSAP-21,W4402148428,bm25__hyde,10
PBSAP-22,W7128442380,bm25__hyde,1
PBSAP-22,W4410399810,bm25__hyde,2
PBSAP-22,W4414510181,bm25__hyde,3
PBSAP-22,W7163078848,bm25__hyde,4
PBSAP-22,W7217579958,bm25__hyde,5
PBSAP-22,W4415344684,bm25__hyde,6
PBSAP-22,W4407191573,bm25__hyde,7
PBSAP-22,W4411958778,bm25__hyde,8
PBSAP-22,W2530081060,bm25__hyde,9
PBSAP-22,W4407441821,bm25__hyde,10
PBSAP-23,W4414510181,bm25__hyde,1
PBSAP-23,W7128442380,bm25__hyde,2
PBSAP-23,W4410399810,bm25__hyde,3
PBSAP-23,W7203732379,bm25__hyde,4
PBSAP-23,W7163078848,bm25__hyde,5
PBSAP-23,W4416745341,bm25__hyde,6
PBSAP-23,W7203762891,bm25__hyde,7
PBSAP-23,W4411958778,bm25__hyde,8
PBSAP-23,W4407340918,bm25__hyde,9
PBSAP-23,W4415344684,bm25__hyde,10
PBSAP-01,W4386331097,bm25__title,1
PBSAP-01,W4392295675,bm25__title,2
PBSAP-01,W2765368320,bm25__title,3
PBSAP-01,W1938137845,bm25__title,4
PBSAP-01,S2_fa22b3035e88fc3be6d6aa985cfbdaa8633ba770,bm25__title,5
PBSAP-01,W2051651993,bm25__title,6
PBSAP-01,S2_74997d7d2eec77a9e144364f56b70911c52f0690,bm25__title,7
PBSAP-01,W2979379173,bm25__title,8
PBSAP-01,W7117574889,bm25__title,9
PBSAP-01,W3108704521,bm25__title,10
PBSAP-02,W7153338599,bm25__title,1
PBSAP-02,W3171163790,bm25__title,2
PBSAP-02,S2_ca92060e6d57c31b8be63e7e98193c28ca285787,bm25__title,3
PBSAP-02,W4385949400,bm25__title,4
PBSAP-02,W3036912416,bm25__title,5
PBSAP-02,W7172202359,bm25__title,6
PBSAP-02,W2485532749,bm25__title,7
PBSAP-02,W7117240352,bm25__title,8
PBSAP-02,W4400513480,bm25__title,9
PBSAP-02,W4416335054,bm25__title,10
PBSAP-03,W4240052935,bm25__title,1
PBSAP-03,W1984794055,bm25__title,2
PBSAP-03,W3108704521,bm25__title,3
PBSAP-03,W2016515623,bm25__title,4
PBSAP-03,W4394687523,bm25__title,5
PBSAP-03,W4416062260,bm25__title,6
PBSAP-03,S2_f9cdef4b8e8487d23f59ed61f52809c6a5f31d58,bm25__title,7
PBSAP-03,W4402728880,bm25__title,8
PBSAP-03,W4383710519,bm25__title,9
PBSAP-03,W3137776128,bm25__title,10
PBSAP-04,W4404909326,bm25__title,1
PBSAP-04,W2126676639,bm25__title,2
PBSAP-04,W4399813296,bm25__title,3
PBSAP-04,W2807374646,bm25__title,4
PBSAP-04,W4312900215,bm25__title,5
PBSAP-04,W4417265201,bm25__title,6
PBSAP-04,W2914423334,bm25__title,7
PBSAP-04,W2601429957,bm25__title,8
PBSAP-04,W2984596809,bm25__title,9
PBSAP-04,W2909723494,bm25__title,10
PBSAP-05,W2279736519,bm25__title,1
PBSAP-05,W7122683896,bm25__title,2
PBSAP-05,S2_7a33f97262d2c349ec6be2b89034d614d44bbec1,bm25__title,3
PBSAP-05,W4399612554,bm25__title,4
PBSAP-05,W3165390107,bm25__title,5
PBSAP-05,W4234534490,bm25__title,6
PBSAP-05,W2467046380,bm25__title,7
PBSAP-05,S2_e12f51b32a59d84ebff19f320b644ee882d59de5,bm25__title,8
PBSAP-05,W2808891583,bm25__title,9
PBSAP-05,W2215013408,bm25__title,10
PBSAP-06,W1853248936,bm25__title,1
PBSAP-06,W2948065736,bm25__title,2
PBSAP-06,W4386087648,bm25__title,3
PBSAP-06,W4413798916,bm25__title,4
PBSAP-06,W3044279016,bm25__title,5
PBSAP-06,W4405759221,bm25__title,6
PBSAP-06,W3143385370,bm25__title,7
PBSAP-06,W4206043708,bm25__title,8
PBSAP-06,W1571560810,bm25__title,9
PBSAP-06,S2_1f906caa51e229a6d1803fae83b5deed2bf4a300,bm25__title,10
PBSAP-07,W4399236754,bm25__title,1
PBSAP-07,W4399814953,bm25__title,2
PBSAP-07,W4395069336,bm25__title,3
PBSAP-07,W7117981078,bm25__title,4
PBSAP-07,W3159940218,bm25__title,5
PBSAP-07,W4386179531,bm25__title,6
PBSAP-07,W4411008696,bm25__title,7
PBSAP-07,W4387574631,bm25__title,8
PBSAP-07,W4206263253,bm25__title,9
PBSAP-07,W4400660012,bm25__title,10
PBSAP-08,W4391582232,bm25__title,1
PBSAP-08,W4212913120,bm25__title,2
PBSAP-08,W2526891501,bm25__title,3
PBSAP-08,W3202615557,bm25__title,4
PBSAP-08,W2064059790,bm25__title,5
PBSAP-08,W3016343299,bm25__title,6
PBSAP-08,W1581003500,bm25__title,7
PBSAP-08,W4360773288,bm25__title,8
PBSAP-08,S2_9ca52ad73d8e8765b234625c6b4a8a761b1959b5,bm25__title,9
PBSAP-08,W1552591299,bm25__title,10
PBSAP-09,W2281162505,bm25__title,1
PBSAP-09,W4401530171,bm25__title,2
PBSAP-09,W4406748347,bm25__title,3
PBSAP-09,W7214047140,bm25__title,4
PBSAP-09,W4413208679,bm25__title,5
PBSAP-09,W3138859744,bm25__title,6
PBSAP-09,W4410364108,bm25__title,7
PBSAP-09,W2160697202,bm25__title,8
PBSAP-09,W3138942864,bm25__title,9
PBSAP-09,W7220262113,bm25__title,10
PBSAP-10,W4413602529,bm25__title,1
PBSAP-10,S2_73f716bcd75ca1277643bfbc32c4c5b073ba7e31,bm25__title,2
PBSAP-10,W4411215922,bm25__title,3
PBSAP-10,W7202025056,bm25__title,4
PBSAP-10,W2134889072,bm25__title,5
PBSAP-10,W4412164896,bm25__title,6
PBSAP-10,W4295692833,bm25__title,7
PBSAP-10,W197872094,bm25__title,8
PBSAP-10,W4399273628,bm25__title,9
PBSAP-10,W3117041061,bm25__title,10
PBSAP-11,W4309774539,bm25__title,1
PBSAP-11,W4408070741,bm25__title,2
PBSAP-11,W2773910037,bm25__title,3
PBSAP-11,S2_c8a32a65f286d281231ff82b525750d6f15ad766,bm25__title,4
PBSAP-11,W2461472798,bm25__title,5
PBSAP-11,W2997023481,bm25__title,6
PBSAP-11,S2_0fea0ea6e8c6721ef61436faa47436cb3402862d,bm25__title,7
PBSAP-11,W4400655988,bm25__title,8
PBSAP-11,W4409517687,bm25__title,9
PBSAP-11,W4297182764,bm25__title,10
PBSAP-12,W4416862269,bm25__title,1
PBSAP-12,W4309259868,bm25__title,2
PBSAP-12,W4313009438,bm25__title,3
PBSAP-12,W4392147228,bm25__title,4
PBSAP-12,S2_f09a8e87e97de386a38b5f1206623a0784fbcb15,bm25__title,5
PBSAP-12,W4401069513,bm25__title,6
PBSAP-12,W4311150496,bm25__title,7
PBSAP-12,S2_4d20da71baa37de3d26826b9faa08fa2c248b2ce,bm25__title,8
PBSAP-12,W2378467843,bm25__title,9
PBSAP-12,W7128514123,bm25__title,10
PBSAP-13,W4401530171,bm25__title,1
PBSAP-13,W2167371444,bm25__title,2
PBSAP-13,W3018187738,bm25__title,3
PBSAP-13,W7134909957,bm25__title,4
PBSAP-13,W4413208679,bm25__title,5
PBSAP-13,S2_abbfca136b3504341088138c0764a093e985bc57,bm25__title,6
PBSAP-13,W2134889072,bm25__title,7
PBSAP-13,W4404524185,bm25__title,8
PBSAP-13,W7153338599,bm25__title,9
PBSAP-13,W4407191573,bm25__title,10
PBSAP-14,S2_07a828605a8b53d56c947e9ea4e772d14de2c63e,bm25__title,1
PBSAP-14,W2126404776,bm25__title,2
PBSAP-14,W2406861764,bm25__title,3
PBSAP-14,W2119739549,bm25__title,4
PBSAP-14,W3148798085,bm25__title,5
PBSAP-14,W4412506907,bm25__title,6
PBSAP-14,W2087423504,bm25__title,7
PBSAP-14,W2609093996,bm25__title,8
PBSAP-14,S2_a57b78f38afa529c1fe5522777b46c7bffc76a89,bm25__title,9
PBSAP-14,S2_4bd5431e55b0cfd0582001f4ba21b7d1d84cf9e2,bm25__title,10
PBSAP-15,W3022018572,bm25__title,1
PBSAP-15,W3163334200,bm25__title,2
PBSAP-15,S2_69c7945ce5393d6e39768fa82a507b09b9cbb070,bm25__title,3
PBSAP-15,W2888882615,bm25__title,4
PBSAP-15,W3205888336,bm25__title,5
PBSAP-15,W4386514100,bm25__title,6
PBSAP-15,W4391445533,bm25__title,7
PBSAP-15,W4405870847,bm25__title,8
PBSAP-15,W2593536401,bm25__title,9
PBSAP-15,W4402140654,bm25__title,10
PBSAP-16,W3133525125,bm25__title,1
PBSAP-16,W3204525239,bm25__title,2
PBSAP-16,W2929380377,bm25__title,3
PBSAP-16,W2913158026,bm25__title,4
PBSAP-16,W3188904229,bm25__title,5
PBSAP-16,W4399814953,bm25__title,6
PBSAP-16,W1587637738,bm25__title,7
PBSAP-16,W2807492597,bm25__title,8
PBSAP-16,W7125500324,bm25__title,9
PBSAP-16,W4213190475,bm25__title,10
PBSAP-17,W1526182800,bm25__title,1
PBSAP-17,W2218576507,bm25__title,2
PBSAP-17,S2_f8f046072e96a97d699e0e458638b26a73e517da,bm25__title,3
PBSAP-17,W7217789486,bm25__title,4
PBSAP-17,W2276919489,bm25__title,5
PBSAP-17,W1459175984,bm25__title,6
PBSAP-17,S2_4ced07e31a333e21325147a6033bb4bfad92937c,bm25__title,7
PBSAP-17,W4395704479,bm25__title,8
PBSAP-17,W3213188240,bm25__title,9
PBSAP-17,W4306927827,bm25__title,10
PBSAP-18,W2015199826,bm25__title,1
PBSAP-18,W4412648168,bm25__title,2
PBSAP-18,W303375143,bm25__title,3
PBSAP-18,W4408379589,bm25__title,4
PBSAP-18,W4385248007,bm25__title,5
PBSAP-18,W7215331323,bm25__title,6
PBSAP-18,S2_32c2a20516f76446afe34db511dee53a5b194af5,bm25__title,7
PBSAP-18,W1984794055,bm25__title,8
PBSAP-18,W1976761312,bm25__title,9
PBSAP-18,W3126199405,bm25__title,10
PBSAP-19,S2_7542d52d104cb50b76a2b81abe4cb196e4ef3bd3,bm25__title,1
PBSAP-19,S2_73f716bcd75ca1277643bfbc32c4c5b073ba7e31,bm25__title,2
PBSAP-19,W32425929,bm25__title,3
PBSAP-19,W3042286581,bm25__title,4
PBSAP-19,W4401205261,bm25__title,5
PBSAP-19,S2_990a41e1730e061b73c74bc9403d47118f99ac85,bm25__title,6
PBSAP-19,W4385248007,bm25__title,7
PBSAP-19,W7104659599,bm25__title,8
PBSAP-19,W2144718191,bm25__title,9
PBSAP-19,W4327682168,bm25__title,10
PBSAP-20,W3196219814,bm25__title,1
PBSAP-20,W4412049374,bm25__title,2
PBSAP-20,W1459175984,bm25__title,3
PBSAP-20,W4397035648,bm25__title,4
PBSAP-20,W2890002464,bm25__title,5
PBSAP-20,W4389192956,bm25__title,6
PBSAP-20,W2591298098,bm25__title,7
PBSAP-20,W4323974790,bm25__title,8
PBSAP-20,S2_42803ffe5ecd0225203e94b0a44015113a2e1c93,bm25__title,9
PBSAP-20,W4407287334,bm25__title,10
PBSAP-21,W4413846361,bm25__title,1
PBSAP-21,W1593209885,bm25__title,2
PBSAP-21,W7127906022,bm25__title,3
PBSAP-21,W7219262931,bm25__title,4
PBSAP-21,W4406673699,bm25__title,5
PBSAP-21,W7219224929,bm25__title,6
PBSAP-21,W7215714090,bm25__title,7
PBSAP-21,W7219174074,bm25__title,8
PBSAP-21,W4410949605,bm25__title,9
PBSAP-21,W4414042028,bm25__title,10
PBSAP-22,W7166862734,bm25__title,1
PBSAP-22,W2555609218,bm25__title,2
PBSAP-22,W3027970443,bm25__title,3
PBSAP-22,W7126074537,bm25__title,4
PBSAP-22,W4383423857,bm25__title,5
PBSAP-22,W2145438031,bm25__title,6
PBSAP-22,W4417449546,bm25__title,7
PBSAP-22,W4411884398,bm25__title,8
PBSAP-22,W4401485438,bm25__title,9
PBSAP-22,W4397039002,bm25__title,10
PBSAP-23,W7203762891,bm25__title,1
PBSAP-23,W4388730417,bm25__title,2
PBSAP-23,W3113306286,bm25__title,3
PBSAP-23,W4414510181,bm25__title,4
PBSAP-23,W3012284058,bm25__title,5
PBSAP-23,W4415950227,bm25__title,6
PBSAP-23,W4366091579,bm25__title,7
PBSAP-23,W3148798085,bm25__title,8
PBSAP-23,W7203732379,bm25__title,9
PBSAP-23,W4407340918,bm25__title,10
PBSAP-01,W3108704521,bm25__verbose,1
PBSAP-01,W7216180733,bm25__verbose,2
PBSAP-01,W4413449508,bm25__verbose,3
PBSAP-01,W2586361251,bm25__verbose,4
PBSAP-01,W859661940,bm25__verbose,5
PBSAP-01,W2955304591,bm25__verbose,6
PBSAP-01,W4383647002,bm25__verbose,7
PBSAP-01,W7134227437,bm25__verbose,8
PBSAP-01,W4406748347,bm25__verbose,9
PBSAP-01,W4413735951,bm25__verbose,10
PBSAP-02,W4409253631,bm25__verbose,1
PBSAP-02,W2061234940,bm25__verbose,2
PBSAP-02,W4410834963,bm25__verbose,3
PBSAP-02,W2586361251,bm25__verbose,4
PBSAP-02,S2_ca92060e6d57c31b8be63e7e98193c28ca285787,bm25__verbose,5
PBSAP-02,W7164405707,bm25__verbose,6
PBSAP-02,W7172202359,bm25__verbose,7
PBSAP-02,W4399385125,bm25__verbose,8
PBSAP-02,W7161588458,bm25__verbose,9
PBSAP-02,W4400513480,bm25__verbose,10
PBSAP-03,W4413449508,bm25__verbose,1
PBSAP-03,W2342732913,bm25__verbose,2
PBSAP-03,W2120351078,bm25__verbose,3
PBSAP-03,W3108704521,bm25__verbose,4
PBSAP-03,W4412183575,bm25__verbose,5
PBSAP-03,W2031231836,bm25__verbose,6
PBSAP-03,W7134227437,bm25__verbose,7
PBSAP-03,S2_f8babe7dfcd48d9b746d2050ba53dc032c1a6834,bm25__verbose,8
PBSAP-03,W2955304591,bm25__verbose,9
PBSAP-03,W2230288673,bm25__verbose,10
PBSAP-04,W2230288673,bm25__verbose,1
PBSAP-04,W4417227324,bm25__verbose,2
PBSAP-04,W4311292266,bm25__verbose,3
PBSAP-04,W4200281724,bm25__verbose,4
PBSAP-04,W2120351078,bm25__verbose,5
PBSAP-04,W4294315899,bm25__verbose,6
PBSAP-04,W4409440336,bm25__verbose,7
PBSAP-04,W2955304591,bm25__verbose,8
PBSAP-04,S2_e7a962fa90839c56c79e7faa574828af6c27cef2,bm25__verbose,9
PBSAP-04,W2031231836,bm25__verbose,10
PBSAP-05,W7212125727,bm25__verbose,1
PBSAP-05,W1544602039,bm25__verbose,2
PBSAP-05,W4391104039,bm25__verbose,3
PBSAP-05,S2_e12f51b32a59d84ebff19f320b644ee882d59de5,bm25__verbose,4
PBSAP-05,W2467046380,bm25__verbose,5
PBSAP-05,W3213222900,bm25__verbose,6
PBSAP-05,W2723375828,bm25__verbose,7
PBSAP-05,W4399612554,bm25__verbose,8
PBSAP-05,S2_22033d5310e78cb9c89f780ef47f11e72528f71a,bm25__verbose,9
PBSAP-05,W4401928582,bm25__verbose,10
PBSAP-06,W3014575520,bm25__verbose,1
PBSAP-06,W4416021684,bm25__verbose,2
PBSAP-06,W4312559589,bm25__verbose,3
PBSAP-06,W7164405707,bm25__verbose,4
PBSAP-06,W1885296745,bm25__verbose,5
PBSAP-06,W4411240772,bm25__verbose,6
PBSAP-06,W1927699090,bm25__verbose,7
PBSAP-06,W859661940,bm25__verbose,8
PBSAP-06,W3135081841,bm25__verbose,9
PBSAP-06,W2723375828,bm25__verbose,10
PBSAP-07,W4416021684,bm25__verbose,1
PBSAP-07,W4411008696,bm25__verbose,2
PBSAP-07,W2557239031,bm25__verbose,3
PBSAP-07,W7116656793,bm25__verbose,4
PBSAP-07,W4411864093,bm25__verbose,5
PBSAP-07,W4416298501,bm25__verbose,6
PBSAP-07,W2527648257,bm25__verbose,7
PBSAP-07,W3032041627,bm25__verbose,8
PBSAP-07,W4410914975,bm25__verbose,9
PBSAP-07,CR_10.62550_en18053023,bm25__verbose,10
PBSAP-08,W4386484833,bm25__verbose,1
PBSAP-08,W4395008763,bm25__verbose,2
PBSAP-08,S2_b187391014317c1d9b6b859e386135d10353a83c,bm25__verbose,3
PBSAP-08,W4312559589,bm25__verbose,4
PBSAP-08,S2_06302c65c6deebcfb85b155663d41bcd2035f542,bm25__verbose,5
PBSAP-08,W3207793649,bm25__verbose,6
PBSAP-08,W4413602529,bm25__verbose,7
PBSAP-08,W4389192956,bm25__verbose,8
PBSAP-08,W4413477328,bm25__verbose,9
PBSAP-08,W3150010817,bm25__verbose,10
PBSAP-09,W2467046380,bm25__verbose,1
PBSAP-09,W3203113941,bm25__verbose,2
PBSAP-09,W4411554636,bm25__verbose,3
PBSAP-09,W7217033531,bm25__verbose,4
PBSAP-09,W7212125727,bm25__verbose,5
PBSAP-09,W4382752600,bm25__verbose,6
PBSAP-09,W3213222900,bm25__verbose,7
PBSAP-09,W1544602039,bm25__verbose,8
PBSAP-09,S2_22033d5310e78cb9c89f780ef47f11e72528f71a,bm25__verbose,9
PBSAP-09,W3213911384,bm25__verbose,10
PBSAP-10,W2274108237,bm25__verbose,1
PBSAP-10,W4402110947,bm25__verbose,2
PBSAP-10,W7165360961,bm25__verbose,3
PBSAP-10,W4400120660,bm25__verbose,4
PBSAP-10,W7220194197,bm25__verbose,5
PBSAP-10,W4411864093,bm25__verbose,6
PBSAP-10,W4411121188,bm25__verbose,7
PBSAP-10,W4409964762,bm25__verbose,8
PBSAP-10,W4417216203,bm25__verbose,9
PBSAP-10,W2906699469,bm25__verbose,10
PBSAP-11,W2120351078,bm25__verbose,1
PBSAP-11,W2277658191,bm25__verbose,2
PBSAP-11,W3159324370,bm25__verbose,3
PBSAP-11,W4413449508,bm25__verbose,4
PBSAP-11,W4417227324,bm25__verbose,5
PBSAP-11,W4412183575,bm25__verbose,6
PBSAP-11,W2955304591,bm25__verbose,7
PBSAP-11,W4296657798,bm25__verbose,8
PBSAP-11,W4399893050,bm25__verbose,9
PBSAP-11,W3108704521,bm25__verbose,10
PBSAP-12,W4416862269,bm25__verbose,1
PBSAP-12,W4401069513,bm25__verbose,2
PBSAP-12,W2779613575,bm25__verbose,3
PBSAP-12,W2981929374,bm25__verbose,4
PBSAP-12,S2_f09a8e87e97de386a38b5f1206623a0784fbcb15,bm25__verbose,5
PBSAP-12,W4392147228,bm25__verbose,6
PBSAP-12,W4400989671,bm25__verbose,7
PBSAP-12,W2673587905,bm25__verbose,8
PBSAP-12,W4313009438,bm25__verbose,9
PBSAP-12,W4400318614,bm25__verbose,10
PBSAP-13,W4321515620,bm25__verbose,1
PBSAP-13,S2_abbfca136b3504341088138c0764a093e985bc57,bm25__verbose,2
PBSAP-13,W4400344315,bm25__verbose,3
PBSAP-13,W1600819951,bm25__verbose,4
PBSAP-13,W4406748347,bm25__verbose,5
PBSAP-13,W4401530171,bm25__verbose,6
PBSAP-13,W1567522067,bm25__verbose,7
PBSAP-13,W3094192188,bm25__verbose,8
PBSAP-13,W4407191573,bm25__verbose,9
PBSAP-13,W2167371444,bm25__verbose,10
PBSAP-14,S2_4cc97dd36db744d6958765cd23ba4f0c8215ab42,bm25__verbose,1
PBSAP-14,W2955304591,bm25__verbose,2
PBSAP-14,W4412040795,bm25__verbose,3
PBSAP-14,S2_3cff0c31944d73e9c187c5dfa5398be262a2a695,bm25__verbose,4
PBSAP-14,W3135220306,bm25__verbose,5
PBSAP-14,W4410834963,bm25__verbose,6
PBSAP-14,W4412506907,bm25__verbose,7
PBSAP-14,W3093727647,bm25__verbose,8
PBSAP-14,W1480932035,bm25__verbose,9
PBSAP-14,W2342732913,bm25__verbose,10
PBSAP-15,W4410834963,bm25__verbose,1
PBSAP-15,W4400318614,bm25__verbose,2
PBSAP-15,W7119038565,bm25__verbose,3
PBSAP-15,W3135220306,bm25__verbose,4
PBSAP-15,W4411654255,bm25__verbose,5
PBSAP-15,W7214047140,bm25__verbose,6
PBSAP-15,W4416335489,bm25__verbose,7
PBSAP-15,W1480932035,bm25__verbose,8
PBSAP-15,S2_a65e289a7ee554f8402c4a32a4dcc50d782e7476,bm25__verbose,9
PBSAP-15,W7125976411,bm25__verbose,10
PBSAP-16,S2_c36bf128e23f55df3360d1138fbaa3262a856ad7,bm25__verbose,1
PBSAP-16,W4378219384,bm25__verbose,2
PBSAP-16,W4214828633,bm25__verbose,3
PBSAP-16,W3097024190,bm25__verbose,4
PBSAP-16,W4400668787,bm25__verbose,5
PBSAP-16,W4400120660,bm25__verbose,6
PBSAP-16,W4407191573,bm25__verbose,7
PBSAP-16,W2751151007,bm25__verbose,8
PBSAP-16,W4404283411,bm25__verbose,9
PBSAP-16,W4411864093,bm25__verbose,10
PBSAP-17,W1885296745,bm25__verbose,1
PBSAP-17,S2_e4a23859e6ca4f6beef2554ec6907efddb5a2b3c,bm25__verbose,2
PBSAP-17,W2238157130,bm25__verbose,3
PBSAP-17,W3135081841,bm25__verbose,4
PBSAP-17,W2723375828,bm25__verbose,5
PBSAP-17,W2241898692,bm25__verbose,6
PBSAP-17,W7164405707,bm25__verbose,7
PBSAP-17,W2276919489,bm25__verbose,8
PBSAP-17,S2_43a2c14f346cbe70e904992ac2145606c30ffa42,bm25__verbose,9
PBSAP-17,W4312559589,bm25__verbose,10
PBSAP-18,W3093727647,bm25__verbose,1
PBSAP-18,W4407191573,bm25__verbose,2
PBSAP-18,W20757553,bm25__verbose,3
PBSAP-18,W4410834963,bm25__verbose,4
PBSAP-18,W2015199826,bm25__verbose,5
PBSAP-18,W1896426078,bm25__verbose,6
PBSAP-18,W4403108196,bm25__verbose,7
PBSAP-18,W7217033531,bm25__verbose,8
PBSAP-18,W7214047140,bm25__verbose,9
PBSAP-18,S2_134734c55e9278c86ed3851b19e291891d90e425,bm25__verbose,10
PBSAP-19,W4312559589,bm25__verbose,1
PBSAP-19,W3135081841,bm25__verbose,2
PBSAP-19,W2751151007,bm25__verbose,3
PBSAP-19,W2557239031,bm25__verbose,4
PBSAP-19,S2_0911c09ac34ceb2f8112eb367639cafedaaf4321,bm25__verbose,5
PBSAP-19,W7212125727,bm25__verbose,6
PBSAP-19,W2049712903,bm25__verbose,7
PBSAP-19,S2_a65e289a7ee554f8402c4a32a4dcc50d782e7476,bm25__verbose,8
PBSAP-19,W4407441821,bm25__verbose,9
PBSAP-19,W2277658191,bm25__verbose,10
PBSAP-20,W4404283411,bm25__verbose,1
PBSAP-20,W2751151007,bm25__verbose,2
PBSAP-20,W4389287604,bm25__verbose,3
PBSAP-20,W2557239031,bm25__verbose,4
PBSAP-20,W4407191573,bm25__verbose,5
PBSAP-20,W2591298098,bm25__verbose,6
PBSAP-20,W7165360961,bm25__verbose,7
PBSAP-20,W7214047140,bm25__verbose,8
PBSAP-20,W4404234201,bm25__verbose,9
PBSAP-20,S2_a65e289a7ee554f8402c4a32a4dcc50d782e7476,bm25__verbose,10
PBSAP-21,W4400344315,bm25__verbose,1
PBSAP-21,W3135220306,bm25__verbose,2
PBSAP-21,W4412528315,bm25__verbose,3
PBSAP-21,W2515998503,bm25__verbose,4
PBSAP-21,W3015326751,bm25__verbose,5
PBSAP-21,W2906699469,bm25__verbose,6
PBSAP-21,W1556955148,bm25__verbose,7
PBSAP-21,W2795821764,bm25__verbose,8
PBSAP-21,W4405559077,bm25__verbose,9
PBSAP-21,W4404524185,bm25__verbose,10
PBSAP-22,W4411958778,bm25__verbose,1
PBSAP-22,W7166862734,bm25__verbose,2
PBSAP-22,W7128442380,bm25__verbose,3
PBSAP-22,W4407191573,bm25__verbose,4
PBSAP-22,W4414510181,bm25__verbose,5
PBSAP-22,W7165360961,bm25__verbose,6
PBSAP-22,W4404283411,bm25__verbose,7
PBSAP-22,W4407441821,bm25__verbose,8
PBSAP-22,W4410834963,bm25__verbose,9
PBSAP-22,W4414864666,bm25__verbose,10
PBSAP-23,W4414510181,bm25__verbose,1
PBSAP-23,W7203762891,bm25__verbose,2
PBSAP-23,W7203732379,bm25__verbose,3
PBSAP-23,W7128442380,bm25__verbose,4
PBSAP-23,W4411958778,bm25__verbose,5
PBSAP-23,W4401007949,bm25__verbose,6
PBSAP-23,W4391481187,bm25__verbose,7
PBSAP-23,W3148798085,bm25__verbose,8
PBSAP-23,W4416745341,bm25__verbose,9
PBSAP-23,W4410399810,bm25__verbose,10
PBSAP-01,W4417038850,specter2__decomp,1
PBSAP-01,W4312267941,specter2__decomp,2
PBSAP-01,W3174154525,specter2__decomp,3
PBSAP-01,S2_e27606de79d7bd5f7064b839dbd1b2ad0011d749,specter2__decomp,4
PBSAP-01,W3200795887,specter2__decomp,5
PBSAP-01,W1896426078,specter2__decomp,6
PBSAP-01,W2966015057,specter2__decomp,7
PBSAP-01,W2040848432,specter2__decomp,8
PBSAP-01,S2_8c66cf5d6cd11c4e4a35d61fd460e5f97fce47f9,specter2__decomp,9
PBSAP-01,W7117574889,specter2__decomp,10
PBSAP-02,W2409742293,specter2__decomp,1
PBSAP-02,W4407398510,specter2__decomp,2
PBSAP-02,S2_e27606de79d7bd5f7064b839dbd1b2ad0011d749,specter2__decomp,3
PBSAP-02,W2040848432,specter2__decomp,4
PBSAP-02,W2070791211,specter2__decomp,5
PBSAP-02,W7172202359,specter2__decomp,6
PBSAP-02,S2_8c66cf5d6cd11c4e4a35d61fd460e5f97fce47f9,specter2__decomp,7
PBSAP-02,S2_45eca6a156f6ef0cf8581c21b1191b05be39518b,specter2__decomp,8
PBSAP-02,W118142916,specter2__decomp,9
PBSAP-02,W2974080718,specter2__decomp,10
PBSAP-03,W4417038850,specter2__decomp,1
PBSAP-03,W3174154525,specter2__decomp,2
PBSAP-03,W3014575520,specter2__decomp,3
PBSAP-03,W1984683301,specter2__decomp,4
PBSAP-03,W4395671075,specter2__decomp,5
PBSAP-03,W3200795887,specter2__decomp,6
PBSAP-03,W2945265847,specter2__decomp,7
PBSAP-03,W2040848432,specter2__decomp,8
PBSAP-03,S2_3c6ec651836e3b547f503f6d80094d8847f03c93,specter2__decomp,9
PBSAP-03,W4409206081,specter2__decomp,10
PBSAP-04,W4395671075,specter2__decomp,1
PBSAP-04,W2945265847,specter2__decomp,2
PBSAP-04,W4313052274,specter2__decomp,3
PBSAP-04,W3216364292,specter2__decomp,4
PBSAP-04,S2_24055e85891b5acdca4ec31100d7d77e5506ff64,specter2__decomp,5
PBSAP-04,W3014575520,specter2__decomp,6
PBSAP-04,W4400597448,specter2__decomp,7
PBSAP-04,W4407002391,specter2__decomp,8
PBSAP-04,W4385079558,specter2__decomp,9
PBSAP-04,W2999441275,specter2__decomp,10
PBSAP-05,W3014575520,specter2__decomp,1
PBSAP-05,W4417038850,specter2__decomp,2
PBSAP-05,W4395671075,specter2__decomp,3
PBSAP-05,W4313052274,specter2__decomp,4
PBSAP-05,S2_1aa30b903c6cc40fea65c48b9c232dfe11c5c4c0,specter2__decomp,5
PBSAP-05,W2945265847,specter2__decomp,6
PBSAP-05,W3174154525,specter2__decomp,7
PBSAP-05,W7212125727,specter2__decomp,8
PBSAP-05,S2_e83998effb3486c72cbdb859c1457b64688e97b6,specter2__decomp,9
PBSAP-05,W2019028837,specter2__decomp,10
PBSAP-06,W7114780924,specter2__decomp,1
PBSAP-06,W1853248936,specter2__decomp,2
PBSAP-06,W4313052274,specter2__decomp,3
PBSAP-06,W3216364292,specter2__decomp,4
PBSAP-06,W3014575520,specter2__decomp,5
PBSAP-06,W4413743321,specter2__decomp,6
PBSAP-06,W2945265847,specter2__decomp,7
PBSAP-06,W3093563774,specter2__decomp,8
PBSAP-06,W2999441275,specter2__decomp,9
PBSAP-06,S2_45eca6a156f6ef0cf8581c21b1191b05be39518b,specter2__decomp,10
PBSAP-07,W4384807049,specter2__decomp,1
PBSAP-07,W2969779407,specter2__decomp,2
PBSAP-07,W4403388521,specter2__decomp,3
PBSAP-07,W4411024122,specter2__decomp,4
PBSAP-07,W1793960580,specter2__decomp,5
PBSAP-07,W3084780959,specter2__decomp,6
PBSAP-07,W4389517180,specter2__decomp,7
PBSAP-07,W2924218690,specter2__decomp,8
PBSAP-07,W1510278878,specter2__decomp,9
PBSAP-07,S2_9c450a80461f609dab3dc99e4576e7c6a0bc02e9,specter2__decomp,10
PBSAP-08,W2730785316,specter2__decomp,1
PBSAP-08,S2_9c450a80461f609dab3dc99e4576e7c6a0bc02e9,specter2__decomp,2
PBSAP-08,W1995745110,specter2__decomp,3
PBSAP-08,S2_63859ccddaac7e2b835e6ec440b0dfbac2a00829,specter2__decomp,4
PBSAP-08,W2585505791,specter2__decomp,5
PBSAP-08,W7134574753,specter2__decomp,6
PBSAP-08,W4414173452,specter2__decomp,7
PBSAP-08,S2_923e4e14053a255801ad996217531034c16af177,specter2__decomp,8
PBSAP-08,W2182865760,specter2__decomp,9
PBSAP-08,W2286686302,specter2__decomp,10
PBSAP-09,W3014575520,specter2__decomp,1
PBSAP-09,W4417038850,specter2__decomp,2
PBSAP-09,W3174154525,specter2__decomp,3
PBSAP-09,S2_1aa30b903c6cc40fea65c48b9c232dfe11c5c4c0,specter2__decomp,4
PBSAP-09,W4409206081,specter2__decomp,5
PBSAP-09,W2945265847,specter2__decomp,6
PBSAP-09,W2969061020,specter2__decomp,7
PBSAP-09,W3093563774,specter2__decomp,8
PBSAP-09,S2_3c6ec651836e3b547f503f6d80094d8847f03c93,specter2__decomp,9
PBSAP-09,W4395671075,specter2__decomp,10
PBSAP-10,W2573964298,specter2__decomp,1
PBSAP-10,W3093563774,specter2__decomp,2
PBSAP-10,W4384807049,specter2__decomp,3
PBSAP-10,S2_8c66cf5d6cd11c4e4a35d61fd460e5f97fce47f9,specter2__decomp,4
PBSAP-10,W2040848432,specter2__decomp,5
PBSAP-10,W4399684148,specter2__decomp,6
PBSAP-10,W3174154525,specter2__decomp,7
PBSAP-10,W7109139732,specter2__decomp,8
PBSAP-10,S2_e27606de79d7bd5f7064b839dbd1b2ad0011d749,specter2__decomp,9
PBSAP-10,W4289263581,specter2__decomp,10
PBSAP-11,S2_9c450a80461f609dab3dc99e4576e7c6a0bc02e9,specter2__decomp,1
PBSAP-11,W1995745110,specter2__decomp,2
PBSAP-11,W4406724171,specter2__decomp,3
PBSAP-11,W4401398052,specter2__decomp,4
PBSAP-11,W2791041846,specter2__decomp,5
PBSAP-11,W2286686302,specter2__decomp,6
PBSAP-11,W2998575036,specter2__decomp,7
PBSAP-11,W2730785316,specter2__decomp,8
PBSAP-11,W4226006894,specter2__decomp,9
PBSAP-11,S2_bb9bd6331a7c7ac04b3595602a0bd363b8d0e648,specter2__decomp,10
PBSAP-12,W2129804178,specter2__decomp,1
PBSAP-12,W4389517180,specter2__decomp,2
PBSAP-12,S2_1e472ca054d04e3d03949f4f2fed128f73957db9,specter2__decomp,3
PBSAP-12,S2_7130af289ec403fe1fe92db9945b6aa20842afb3,specter2__decomp,4
PBSAP-12,W2253861468,specter2__decomp,5
PBSAP-12,W4416862269,specter2__decomp,6
PBSAP-12,W4404528762,specter2__decomp,7
PBSAP-12,W7109139732,specter2__decomp,8
PBSAP-12,W2040848432,specter2__decomp,9
PBSAP-12,W7128304332,specter2__decomp,10
PBSAP-13,W3174154525,specter2__decomp,1
PBSAP-13,W4417038850,specter2__decomp,2
PBSAP-13,W2040848432,specter2__decomp,3
PBSAP-13,W2966015057,specter2__decomp,4
PBSAP-13,W4384807049,specter2__decomp,5
PBSAP-13,W2573964298,specter2__decomp,6
PBSAP-13,W2758910517,specter2__decomp,7
PBSAP-13,W4416277851,specter2__decomp,8
PBSAP-13,W2182653714,specter2__decomp,9
PBSAP-13,W2945265847,specter2__decomp,10
PBSAP-14,W4417038850,specter2__decomp,1
PBSAP-14,W4399684148,specter2__decomp,2
PBSAP-14,W3174154525,specter2__decomp,3
PBSAP-14,W2966015057,specter2__decomp,4
PBSAP-14,W3166179720,specter2__decomp,5
PBSAP-14,W118142916,specter2__decomp,6
PBSAP-14,W2040848432,specter2__decomp,7
PBSAP-14,W2061234940,specter2__decomp,8
PBSAP-14,W805671086,specter2__decomp,9
PBSAP-14,W3093563774,specter2__decomp,10
PBSAP-15,W4384807049,specter2__decomp,1
PBSAP-15,W2573964298,specter2__decomp,2
PBSAP-15,W2040848432,specter2__decomp,3
PBSAP-15,S2_9c450a80461f609dab3dc99e4576e7c6a0bc02e9,specter2__decomp,4
PBSAP-15,W3005439234,specter2__decomp,5
PBSAP-15,S2_d9ae6d72bbca3bcae5e975ed8c5c7a3ce1f895c4,specter2__decomp,6
PBSAP-15,W4414397642,specter2__decomp,7
PBSAP-15,W3174154525,specter2__decomp,8
PBSAP-15,W3033083400,specter2__decomp,9
PBSAP-15,W3172615301,specter2__decomp,10
PBSAP-16,W4384807049,specter2__decomp,1
PBSAP-16,W2040848432,specter2__decomp,2
PBSAP-16,S2_9c450a80461f609dab3dc99e4576e7c6a0bc02e9,specter2__decomp,3
PBSAP-16,W3133999024,specter2__decomp,4
PBSAP-16,W4417038850,specter2__decomp,5
PBSAP-16,S2_8c66cf5d6cd11c4e4a35d61fd460e5f97fce47f9,specter2__decomp,6
PBSAP-16,S2_128b45dcba758e075c5bcf119c69e90ace75e2d4,specter2__decomp,7
PBSAP-16,W3005439234,specter2__decomp,8
PBSAP-16,W2966015057,specter2__decomp,9
PBSAP-16,W3174154525,specter2__decomp,10
PBSAP-17,W4416277851,specter2__decomp,1
PBSAP-17,W3093563774,specter2__decomp,2
PBSAP-17,W7117365149,specter2__decomp,3
PBSAP-17,W1853248936,specter2__decomp,4
PBSAP-17,W4402971859,specter2__decomp,5
PBSAP-17,W7163985292,specter2__decomp,6
PBSAP-17,W4384807049,specter2__decomp,7
PBSAP-17,W2976099232,specter2__decomp,8
PBSAP-17,W256226033,specter2__decomp,9
PBSAP-17,S2_e4a23859e6ca4f6beef2554ec6907efddb5a2b3c,specter2__decomp,10
PBSAP-18,S2_8c66cf5d6cd11c4e4a35d61fd460e5f97fce47f9,specter2__decomp,1
PBSAP-18,W4417038850,specter2__decomp,2
PBSAP-18,W3093563774,specter2__decomp,3
PBSAP-18,W3174154525,specter2__decomp,4
PBSAP-18,W4399684148,specter2__decomp,5
PBSAP-18,W2573964298,specter2__decomp,6
PBSAP-18,W7114780924,specter2__decomp,7
PBSAP-18,S2_53ff6bdd80a4c6f886e3747aef1a322d729f3e1a,specter2__decomp,8
PBSAP-18,W7208031889,specter2__decomp,9
PBSAP-18,W3133999024,specter2__decomp,10
PBSAP-19,W4417038850,specter2__decomp,1
PBSAP-19,W3174154525,specter2__decomp,2
PBSAP-19,W2040848432,specter2__decomp,3
PBSAP-19,W4392378610,specter2__decomp,4
PBSAP-19,W7216180733,specter2__decomp,5
PBSAP-19,W7208031889,specter2__decomp,6
PBSAP-19,W2966015057,specter2__decomp,7
PBSAP-19,W4399684148,specter2__decomp,8
PBSAP-19,S2_3c6ec651836e3b547f503f6d80094d8847f03c93,specter2__decomp,9
PBSAP-19,S2_1aa30b903c6cc40fea65c48b9c232dfe11c5c4c0,specter2__decomp,10
PBSAP-20,W3174154525,specter2__decomp,1
PBSAP-20,S2_b6fb51038901f5b0fcfe9e348b00b2f0d00a7d4e,specter2__decomp,2
PBSAP-20,S2_923e4e14053a255801ad996217531034c16af177,specter2__decomp,3
PBSAP-20,W4393353983,specter2__decomp,4
PBSAP-20,W4413846361,specter2__decomp,5
PBSAP-20,W2966015057,specter2__decomp,6
PBSAP-20,W4417038850,specter2__decomp,7
PBSAP-20,W2591298098,specter2__decomp,8
PBSAP-20,W2573964298,specter2__decomp,9
PBSAP-20,W2585505791,specter2__decomp,10
PBSAP-21,W2040848432,specter2__decomp,1
PBSAP-21,W3174154525,specter2__decomp,2
PBSAP-21,W2966015057,specter2__decomp,3
PBSAP-21,W4417038850,specter2__decomp,4
PBSAP-21,S2_24055e85891b5acdca4ec31100d7d77e5506ff64,specter2__decomp,5
PBSAP-21,W2978853486,specter2__decomp,6
PBSAP-21,W4399684148,specter2__decomp,7
PBSAP-21,S2_07a828605a8b53d56c947e9ea4e772d14de2c63e,specter2__decomp,8
PBSAP-21,W4395671075,specter2__decomp,9
PBSAP-21,W3189615655,specter2__decomp,10
PBSAP-22,W2966015057,specter2__decomp,1
PBSAP-22,W4417038850,specter2__decomp,2
PBSAP-22,W3174154525,specter2__decomp,3
PBSAP-22,S2_923e4e14053a255801ad996217531034c16af177,specter2__decomp,4
PBSAP-22,W2040848432,specter2__decomp,5
PBSAP-22,W4280510797,specter2__decomp,6
PBSAP-22,W4399684148,specter2__decomp,7
PBSAP-22,W2585505791,specter2__decomp,8
PBSAP-22,W2994053049,specter2__decomp,9
PBSAP-22,W2129804178,specter2__decomp,10
PBSAP-23,W3174154525,specter2__decomp,1
PBSAP-23,W7216768827,specter2__decomp,2
PBSAP-23,W2040848432,specter2__decomp,3
PBSAP-23,W2966015057,specter2__decomp,4
PBSAP-23,W4417038850,specter2__decomp,5
PBSAP-23,W4399684148,specter2__decomp,6
PBSAP-23,W7203762891,specter2__decomp,7
PBSAP-23,W2758910517,specter2__decomp,8
PBSAP-23,S2_923e4e14053a255801ad996217531034c16af177,specter2__decomp,9
PBSAP-23,W3002120387,specter2__decomp,10
PBSAP-01,W4287219592,specter2__desc,1
PBSAP-01,W4409440825,specter2__desc,2
PBSAP-01,W1501813999,specter2__desc,3
PBSAP-01,W2929380377,specter2__desc,4
PBSAP-01,W4406401051,specter2__desc,5
PBSAP-01,S2_25566d7cf4b6ec962bef4acfdc01f95a9c80e5f1,specter2__desc,6
PBSAP-01,W7108092961,specter2__desc,7
PBSAP-01,W3192534226,specter2__desc,8
PBSAP-01,W4389762572,specter2__desc,9
PBSAP-01,W7105855936,specter2__desc,10
PBSAP-02,W7172202359,specter2__desc,1
PBSAP-02,W2409742293,specter2__desc,2
PBSAP-02,W4411500542,specter2__desc,3
PBSAP-02,S2_ca92060e6d57c31b8be63e7e98193c28ca285787,specter2__desc,4
PBSAP-02,S2_4e36d1af617e80b783206b38dc9d713c7862c01c,specter2__desc,5
PBSAP-02,W4385601927,specter2__desc,6
PBSAP-02,CR_10.47125_jesam_2024_2_03,specter2__desc,7
PBSAP-02,W2149089374,specter2__desc,8
PBSAP-02,W4407398510,specter2__desc,9
PBSAP-02,W4400513480,specter2__desc,10
PBSAP-03,W2929380377,specter2__desc,1
PBSAP-03,W1501813999,specter2__desc,2
PBSAP-03,W3158869479,specter2__desc,3
PBSAP-03,W4393091680,specter2__desc,4
PBSAP-03,W2955304591,specter2__desc,5
PBSAP-03,W2164623622,specter2__desc,6
PBSAP-03,W2149089374,specter2__desc,7
PBSAP-03,W4302027129,specter2__desc,8
PBSAP-03,W4366447457,specter2__desc,9
PBSAP-03,W3203944886,specter2__desc,10
PBSAP-04,W2950013675,specter2__desc,1
PBSAP-04,W3175590556,specter2__desc,2
PBSAP-04,W3005043841,specter2__desc,3
PBSAP-04,W3126997948,specter2__desc,4
PBSAP-04,W4401668806,specter2__desc,5
PBSAP-04,S2_ce30580e9698e0ea83868c863e3f60562960cee0,specter2__desc,6
PBSAP-04,W4416118978,specter2__desc,7
PBSAP-04,W3216364292,specter2__desc,8
PBSAP-04,W2599625064,specter2__desc,9
PBSAP-04,W4413234420,specter2__desc,10
PBSAP-05,W4295278544,specter2__desc,1
PBSAP-05,W2786268704,specter2__desc,2
PBSAP-05,W2808891583,specter2__desc,3
PBSAP-05,W4400131744,specter2__desc,4
PBSAP-05,W7212125727,specter2__desc,5
PBSAP-05,W4214750964,specter2__desc,6
PBSAP-05,W2215013408,specter2__desc,7
PBSAP-05,W4416211726,specter2__desc,8
PBSAP-05,W3204525239,specter2__desc,9
PBSAP-05,S2_e12f51b32a59d84ebff19f320b644ee882d59de5,specter2__desc,10
PBSAP-06,W4411240772,specter2__desc,1
PBSAP-06,W7114780924,specter2__desc,2
PBSAP-06,W4380536720,specter2__desc,3
PBSAP-06,W1853248936,specter2__desc,4
PBSAP-06,W4413743321,specter2__desc,5
PBSAP-06,W4413798916,specter2__desc,6
PBSAP-06,W4400657875,specter2__desc,7
PBSAP-06,W2948065736,specter2__desc,8
PBSAP-06,W4405759221,specter2__desc,9
PBSAP-06,S2_45eca6a156f6ef0cf8581c21b1191b05be39518b,specter2__desc,10
PBSAP-07,W4416457425,specter2__desc,1
PBSAP-07,W3215128528,specter2__desc,2
PBSAP-07,W7117560314,specter2__desc,3
PBSAP-07,W1793960580,specter2__desc,4
PBSAP-07,W4416159114,specter2__desc,5
PBSAP-07,W4404355934,specter2__desc,6
PBSAP-07,W7216623956,specter2__desc,7
PBSAP-07,W4408498450,specter2__desc,8
PBSAP-07,S2_5928777687fe76a8c2188a61d09cd22399fa5f50,specter2__desc,9
PBSAP-07,W4292133570,specter2__desc,10
PBSAP-08,S2_0d19e96387c931fc4983e2d58643c62cc270040f,specter2__desc,1
PBSAP-08,S2_63859ccddaac7e2b835e6ec440b0dfbac2a00829,specter2__desc,2
PBSAP-08,W4200437514,specter2__desc,3
PBSAP-08,W4353005001,specter2__desc,4
PBSAP-08,W4393353983,specter2__desc,5
PBSAP-08,W4376138358,specter2__desc,6
PBSAP-08,W4410531560,specter2__desc,7
PBSAP-08,W4304165621,specter2__desc,8
PBSAP-08,W4411121188,specter2__desc,9
PBSAP-08,W4365502957,specter2__desc,10
PBSAP-09,W4400131744,specter2__desc,1
PBSAP-09,W4295278544,specter2__desc,2
PBSAP-09,W2955304591,specter2__desc,3
PBSAP-09,W2808891583,specter2__desc,4
PBSAP-09,W4214750964,specter2__desc,5
PBSAP-09,W2786268704,specter2__desc,6
PBSAP-09,W7216180733,specter2__desc,7
PBSAP-09,W2346048001,specter2__desc,8
PBSAP-09,W7212125727,specter2__desc,9
PBSAP-09,W3016904115,specter2__desc,10
PBSAP-10,W4323362878,specter2__desc,1
PBSAP-10,W4416401657,specter2__desc,2
PBSAP-10,W3103428383,specter2__desc,3
PBSAP-10,W4413602529,specter2__desc,4
PBSAP-10,S2_b8d3deb713e5d357ce0fef7d357df626d175fa00,specter2__desc,5
PBSAP-10,W4414397642,specter2__desc,6
PBSAP-10,W7138968951,specter2__desc,7
PBSAP-10,W4205107545,specter2__desc,8
PBSAP-10,CR_10.47125_jesam_2020_2_02,specter2__desc,9
PBSAP-10,W4293066250,specter2__desc,10
PBSAP-11,S2_ae0c2a0a4d5661b9984fecf24b107d8e23ab0ddd,specter2__desc,1
PBSAP-11,W2773910037,specter2__desc,2
PBSAP-11,S2_72af8f91f72219fb6ee1a04da907fab2b4993018,specter2__desc,3
PBSAP-11,W4382632468,specter2__desc,4
PBSAP-11,W4406230535,specter2__desc,5
PBSAP-11,W4414425104,specter2__desc,6
PBSAP-11,W4407320335,specter2__desc,7
PBSAP-11,W4302027129,specter2__desc,8
PBSAP-11,W4294086112,specter2__desc,9
PBSAP-11,S2_f9cc155e4d5275b4c48ab726dea2aa571b100b82,specter2__desc,10
PBSAP-12,W2922249169,specter2__desc,1
PBSAP-12,W7128304332,specter2__desc,2
PBSAP-12,W4395665832,specter2__desc,3
PBSAP-12,W7151036944,specter2__desc,4
PBSAP-12,W7215438802,specter2__desc,5
PBSAP-12,W4416862269,specter2__desc,6
PBSAP-12,W7131275437,specter2__desc,7
PBSAP-12,S2_9cf1a57dff2fe1ee1640d2a7d2a281e45d18e0ff,specter2__desc,8
PBSAP-12,S2_9bed369b0f9e87ca2700e6266dd33da23bd7db4c,specter2__desc,9
PBSAP-12,W4386160231,specter2__desc,10
PBSAP-13,W3033399638,specter2__desc,1
PBSAP-13,W3176665606,specter2__desc,2
PBSAP-13,W4220660132,specter2__desc,3
PBSAP-13,W2950013675,specter2__desc,4
PBSAP-13,W4400131744,specter2__desc,5
PBSAP-13,W2760625140,specter2__desc,6
PBSAP-13,W4297548911,specter2__desc,7
PBSAP-13,W4402971859,specter2__desc,8
PBSAP-13,W2955304591,specter2__desc,9
PBSAP-13,W1971999535,specter2__desc,10
PBSAP-14,W3093727647,specter2__desc,1
PBSAP-14,W4395008763,specter2__desc,2
PBSAP-14,W4412040795,specter2__desc,3
PBSAP-14,S2_621f959862afabacf00b11da48e042a99e581805,specter2__desc,4
PBSAP-14,W3158869479,specter2__desc,5
PBSAP-14,W4388915977,specter2__desc,6
PBSAP-14,W4413449508,specter2__desc,7
PBSAP-14,W4366091579,specter2__desc,8
PBSAP-14,W7216180733,specter2__desc,9
PBSAP-14,W4410531560,specter2__desc,10
PBSAP-15,W3133999024,specter2__desc,1
PBSAP-15,W4376138358,specter2__desc,2
PBSAP-15,W4311185537,specter2__desc,3
PBSAP-15,W4414087336,specter2__desc,4
PBSAP-15,W4399773892,specter2__desc,5
PBSAP-15,W2040848432,specter2__desc,6
PBSAP-15,W4416401657,specter2__desc,7
PBSAP-15,S2_c72dbb9114fd5f11074b2e862e1a2c91876c13aa,specter2__desc,8
PBSAP-15,S2_621f959862afabacf00b11da48e042a99e581805,specter2__desc,9
PBSAP-15,W4406890239,specter2__desc,10
PBSAP-16,W4214828633,specter2__desc,1
PBSAP-16,W4213190475,specter2__desc,2
PBSAP-16,W4311109545,specter2__desc,3
PBSAP-16,W4352984548,specter2__desc,4
PBSAP-16,W4378219384,specter2__desc,5
PBSAP-16,W4396732615,specter2__desc,6
PBSAP-16,W3176665606,specter2__desc,7
PBSAP-16,S2_9336575cd80f17c9df61d06d7d617f8f0d12ee65,specter2__desc,8
PBSAP-16,S2_308b08094bed82625b8da54c57a8d949469f4eb4,specter2__desc,9
PBSAP-16,W3216387215,specter2__desc,10
PBSAP-17,W2276919489,specter2__desc,1
PBSAP-17,W7117365149,specter2__desc,2
PBSAP-17,W1975108901,specter2__desc,3
PBSAP-17,W4362552643,specter2__desc,4
PBSAP-17,W4311185537,specter2__desc,5
PBSAP-17,W2537248201,specter2__desc,6
PBSAP-17,S2_e4a23859e6ca4f6beef2554ec6907efddb5a2b3c,specter2__desc,7
PBSAP-17,W3086424353,specter2__desc,8
PBSAP-17,W7217789486,specter2__desc,9
PBSAP-17,W2965368525,specter2__desc,10
PBSAP-18,S2_53ff6bdd80a4c6f886e3747aef1a322d729f3e1a,specter2__desc,1
PBSAP-18,W4308625497,specter2__desc,2
PBSAP-18,W4400513480,specter2__desc,3
PBSAP-18,W2149089374,specter2__desc,4
PBSAP-18,W3214524262,specter2__desc,5
PBSAP-18,S2_a9d52747c36c7447c04900b4c7a3900ae1956e3f,specter2__desc,6
PBSAP-18,W1971999535,specter2__desc,7
PBSAP-18,W4401111444,specter2__desc,8
PBSAP-18,W4413771254,specter2__desc,9
PBSAP-18,W2584863268,specter2__desc,10
PBSAP-19,W4395008763,specter2__desc,1
PBSAP-19,W4392378610,specter2__desc,2
PBSAP-19,S2_621f959862afabacf00b11da48e042a99e581805,specter2__desc,3
PBSAP-19,W4412040795,specter2__desc,4
PBSAP-19,W4381803799,specter2__desc,5
PBSAP-19,W2519081863,specter2__desc,6
PBSAP-19,W7214047140,specter2__desc,7
PBSAP-19,W4205107545,specter2__desc,8
PBSAP-19,W4414397642,specter2__desc,9
PBSAP-19,S2_53ff6bdd80a4c6f886e3747aef1a322d729f3e1a,specter2__desc,10
PBSAP-20,W2159619626,specter2__desc,1
PBSAP-20,W4323974790,specter2__desc,2
PBSAP-20,S2_7542d52d104cb50b76a2b81abe4cb196e4ef3bd3,specter2__desc,3
PBSAP-20,W4415859928,specter2__desc,4
PBSAP-20,W4396732615,specter2__desc,5
PBSAP-20,S2_990a41e1730e061b73c74bc9403d47118f99ac85,specter2__desc,6
PBSAP-20,S2_f5dfd9123c5f969c54d59df77a32c7bddb37ad54,specter2__desc,7
PBSAP-20,S2_5030fa3607fe2a9d7c2e991985c8ea4508c442eb,specter2__desc,8
PBSAP-20,W2472870815,specter2__desc,9
PBSAP-20,W4412032766,specter2__desc,10
PBSAP-21,W4302027129,specter2__desc,1
PBSAP-21,W4406621510,specter2__desc,2
PBSAP-21,W7108636392,specter2__desc,3
PBSAP-21,W3005043841,specter2__desc,4
PBSAP-21,W4404524185,specter2__desc,5
PBSAP-21,W1896426078,specter2__desc,6
PBSAP-21,W2760625140,specter2__desc,7
PBSAP-21,W4410598980,specter2__desc,8
PBSAP-21,W4280544448,specter2__desc,9
PBSAP-21,W4406578770,specter2__desc,10
PBSAP-22,W7215025714,specter2__desc,1
PBSAP-22,W7153338599,specter2__desc,2
PBSAP-22,W4416745341,specter2__desc,3
PBSAP-22,W4410001263,specter2__desc,4
PBSAP-22,W4401007949,specter2__desc,5
PBSAP-22,W4409855658,specter2__desc,6
PBSAP-22,W4365502957,specter2__desc,7
PBSAP-22,W4413208679,specter2__desc,8
PBSAP-22,W7128442380,specter2__desc,9
PBSAP-22,W4414510181,specter2__desc,10
PBSAP-23,W2993403696,specter2__desc,1
PBSAP-23,W7153338599,specter2__desc,2
PBSAP-23,W4401007949,specter2__desc,3
PBSAP-23,W4416745341,specter2__desc,4
PBSAP-23,W4414510181,specter2__desc,5
PBSAP-23,W7203762891,specter2__desc,6
PBSAP-23,W7128442380,specter2__desc,7
PBSAP-23,W4391481187,specter2__desc,8
PBSAP-23,W3001813355,specter2__desc,9
PBSAP-23,W7215025714,specter2__desc,10
PBSAP-01,W4412040795,specter2__hyde,1
PBSAP-01,W3133999024,specter2__hyde,2
PBSAP-01,W4376138358,specter2__hyde,3
PBSAP-01,W4395008763,specter2__hyde,4
PBSAP-01,W4402884064,specter2__hyde,5
PBSAP-01,W4410531560,specter2__hyde,6
PBSAP-01,W4405624380,specter2__hyde,7
PBSAP-01,W4414087336,specter2__hyde,8
PBSAP-01,W4404234201,specter2__hyde,9
PBSAP-01,W4413449508,specter2__hyde,10
PBSAP-02,W2409742293,specter2__hyde,1
PBSAP-02,W4412040795,specter2__hyde,2
PBSAP-02,S2_4e36d1af617e80b783206b38dc9d713c7862c01c,specter2__hyde,3
PBSAP-02,W4406310182,specter2__hyde,4
PBSAP-02,W7124709407,specter2__hyde,5
PBSAP-02,CR_10.47125_jesam_2024_2_03,specter2__hyde,6
PBSAP-02,S2_ca92060e6d57c31b8be63e7e98193c28ca285787,specter2__hyde,7
PBSAP-02,W4410834963,specter2__hyde,8
PBSAP-02,W3036912416,specter2__hyde,9
PBSAP-02,W4400513480,specter2__hyde,10
PBSAP-03,W2342732913,specter2__hyde,1
PBSAP-03,W4413449508,specter2__hyde,2
PBSAP-03,W7134227437,specter2__hyde,3
PBSAP-03,W4411101325,specter2__hyde,4
PBSAP-03,W7216180733,specter2__hyde,5
PBSAP-03,W4412040795,specter2__hyde,6
PBSAP-03,W4412183575,specter2__hyde,7
PBSAP-03,W4402884064,specter2__hyde,8
PBSAP-03,W1896426078,specter2__hyde,9
PBSAP-03,W3133999024,specter2__hyde,10
PBSAP-04,S2_e7a962fa90839c56c79e7faa574828af6c27cef2,specter2__hyde,1
PBSAP-04,W4412040795,specter2__hyde,2
PBSAP-04,W7134227437,specter2__hyde,3
PBSAP-04,W7114780924,specter2__hyde,4
PBSAP-04,W4399684148,specter2__hyde,5
PBSAP-04,W4402971859,specter2__hyde,6
PBSAP-04,W4410834963,specter2__hyde,7
PBSAP-04,W4247734518,specter2__hyde,8
PBSAP-04,W7216180733,specter2__hyde,9
PBSAP-04,W4416118978,specter2__hyde,10
PBSAP-05,W3174895525,specter2__hyde,1
PBSAP-05,W2808891583,specter2__hyde,2
PBSAP-05,W2786268704,specter2__hyde,3
PBSAP-05,W7216180733,specter2__hyde,4
PBSAP-05,W4395456172,specter2__hyde,5
PBSAP-05,W2313622369,specter2__hyde,6
PBSAP-05,W7134227437,specter2__hyde,7
PBSAP-05,W2580867900,specter2__hyde,8
PBSAP-05,W4410779488,specter2__hyde,9
PBSAP-05,W4295278544,specter2__hyde,10
PBSAP-06,W7114780924,specter2__hyde,1
PBSAP-06,W4400691459,specter2__hyde,2
PBSAP-06,W4413743321,specter2__hyde,3
PBSAP-06,W4312267941,specter2__hyde,4
PBSAP-06,S2_45eca6a156f6ef0cf8581c21b1191b05be39518b,specter2__hyde,5
PBSAP-06,S2_e7a962fa90839c56c79e7faa574828af6c27cef2,specter2__hyde,6
PBSAP-06,W4378447969,specter2__hyde,7
PBSAP-06,W4405759221,specter2__hyde,8
PBSAP-06,W4412040795,specter2__hyde,9
PBSAP-06,W4399684148,specter2__hyde,10
PBSAP-07,W3215128528,specter2__hyde,1
PBSAP-07,W3138942864,specter2__hyde,2
PBSAP-07,W7117715266,specter2__hyde,3
PBSAP-07,W4406391583,specter2__hyde,4
PBSAP-07,W4400700097,specter2__hyde,5
PBSAP-07,W3131359360,specter2__hyde,6
PBSAP-07,W4407507071,specter2__hyde,7
PBSAP-07,W4409964762,specter2__hyde,8
PBSAP-07,W3160357121,specter2__hyde,9
PBSAP-07,W4393123318,specter2__hyde,10
PBSAP-08,S2_63859ccddaac7e2b835e6ec440b0dfbac2a00829,specter2__hyde,1
PBSAP-08,W4415656728,specter2__hyde,2
PBSAP-08,W4399245219,specter2__hyde,3
PBSAP-08,W2782681842,specter2__hyde,4
PBSAP-08,W2730785316,specter2__hyde,5
PBSAP-08,W4365502957,specter2__hyde,6
PBSAP-08,W4399385125,specter2__hyde,7
PBSAP-08,W4412040795,specter2__hyde,8
PBSAP-08,W4304165621,specter2__hyde,9
PBSAP-08,W4413846361,specter2__hyde,10
PBSAP-09,W3174895525,specter2__hyde,1
PBSAP-09,W2808891583,specter2__hyde,2
PBSAP-09,W2786268704,specter2__hyde,3
PBSAP-09,W7216180733,specter2__hyde,4
PBSAP-09,W7134227437,specter2__hyde,5
PBSAP-09,W2313622369,specter2__hyde,6
PBSAP-09,W4395456172,specter2__hyde,7
PBSAP-09,W3118818236,specter2__hyde,8
PBSAP-09,W4410779488,specter2__hyde,9
PBSAP-09,W4400131744,specter2__hyde,10
PBSAP-10,W4415656728,specter2__hyde,1
PBSAP-10,W2552608789,specter2__hyde,2
PBSAP-10,W4408168127,specter2__hyde,3
PBSAP-10,W4412040795,specter2__hyde,4
PBSAP-10,W2782681842,specter2__hyde,5
PBSAP-10,W4394755828,specter2__hyde,6
PBSAP-10,S2_4e36d1af617e80b783206b38dc9d713c7862c01c,specter2__hyde,7
PBSAP-10,S2_8c66cf5d6cd11c4e4a35d61fd460e5f97fce47f9,specter2__hyde,8
PBSAP-10,W4413962284,specter2__hyde,9
PBSAP-10,W4414269792,specter2__hyde,10
PBSAP-11,W3194620394,specter2__hyde,1
PBSAP-11,W4406310182,specter2__hyde,2
PBSAP-11,S2_63859ccddaac7e2b835e6ec440b0dfbac2a00829,specter2__hyde,3
PBSAP-11,W3175313232,specter2__hyde,4
PBSAP-11,W2730785316,specter2__hyde,5
PBSAP-11,W2409742293,specter2__hyde,6
PBSAP-11,W7124709407,specter2__hyde,7
PBSAP-11,W4401480772,specter2__hyde,8
PBSAP-11,W4379797892,specter2__hyde,9
PBSAP-11,W4406230535,specter2__hyde,10
PBSAP-12,W2981929374,specter2__hyde,1
PBSAP-12,W7117574889,specter2__hyde,2
PBSAP-12,W4389358939,specter2__hyde,3
PBSAP-12,W4416862269,specter2__hyde,4
PBSAP-12,W4400318614,specter2__hyde,5
PBSAP-12,W4401545797,specter2__hyde,6
PBSAP-12,W4415274031,specter2__hyde,7
PBSAP-12,W7134226329,specter2__hyde,8
PBSAP-12,W4395676499,specter2__hyde,9
PBSAP-12,W7127192450,specter2__hyde,10
PBSAP-13,W4412040795,specter2__hyde,1
PBSAP-13,W4385536703,specter2__hyde,2
PBSAP-13,W4401530171,specter2__hyde,3
PBSAP-13,W7216180733,specter2__hyde,4
PBSAP-13,W4365502957,specter2__hyde,5
PBSAP-13,W4410834963,specter2__hyde,6
PBSAP-13,W4412032766,specter2__hyde,7
PBSAP-13,W2187428920,specter2__hyde,8
PBSAP-13,W4412044687,specter2__hyde,9
PBSAP-13,W4401176757,specter2__hyde,10
PBSAP-14,W4412040795,specter2__hyde,1
PBSAP-14,W7220257467,specter2__hyde,2
PBSAP-14,W4395008763,specter2__hyde,3
PBSAP-14,S2_a57b78f38afa529c1fe5522777b46c7bffc76a89,specter2__hyde,4
PBSAP-14,W4412032766,specter2__hyde,5
PBSAP-14,W4402148428,specter2__hyde,6
PBSAP-14,W3133999024,specter2__hyde,7
PBSAP-14,S2_c36bf128e23f55df3360d1138fbaa3262a856ad7,specter2__hyde,8
PBSAP-14,W4413941674,specter2__hyde,9
PBSAP-14,W4401530171,specter2__hyde,10
PBSAP-15,W4412040795,specter2__hyde,1
PBSAP-15,W3133999024,specter2__hyde,2
PBSAP-15,S2_2b2a9f7e4215ccfe5d47b1bca79cb5ef8f553dc3,specter2__hyde,3
PBSAP-15,W7216180733,specter2__hyde,4
PBSAP-15,W4376138358,specter2__hyde,5
PBSAP-15,S2_c36bf128e23f55df3360d1138fbaa3262a856ad7,specter2__hyde,6
PBSAP-15,W4412049374,specter2__hyde,7
PBSAP-15,S2_a57b78f38afa529c1fe5522777b46c7bffc76a89,specter2__hyde,8
PBSAP-15,W7134227437,specter2__hyde,9
PBSAP-15,W4396775250,specter2__hyde,10
PBSAP-16,W4412040795,specter2__hyde,1
PBSAP-16,S2_c36bf128e23f55df3360d1138fbaa3262a856ad7,specter2__hyde,2
PBSAP-16,S2_43006f2afc5d9cea514be3c666b1f442e84e04b2,specter2__hyde,3
PBSAP-16,W4401530171,specter2__hyde,4
PBSAP-16,W4378219384,specter2__hyde,5
PBSAP-16,W4413860632,specter2__hyde,6
PBSAP-16,W4400779440,specter2__hyde,7
PBSAP-16,W4412032766,specter2__hyde,8
PBSAP-16,W4414186735,specter2__hyde,9
PBSAP-16,W7117981078,specter2__hyde,10
PBSAP-17,W4402971859,specter2__hyde,1
PBSAP-17,S2_e4a23859e6ca4f6beef2554ec6907efddb5a2b3c,specter2__hyde,2
PBSAP-17,W4412040795,specter2__hyde,3
PBSAP-17,W4402110947,specter2__hyde,4
PBSAP-17,W2995685838,specter2__hyde,5
PBSAP-17,W4412049374,specter2__hyde,6
PBSAP-17,W7117365149,specter2__hyde,7
PBSAP-17,S2_621f959862afabacf00b11da48e042a99e581805,specter2__hyde,8
PBSAP-17,W3086424353,specter2__hyde,9
PBSAP-17,W2884937716,specter2__hyde,10
PBSAP-18,W4412040795,specter2__hyde,1
PBSAP-18,W4410834963,specter2__hyde,2
PBSAP-18,S2_4ab68fba3878807828eb11326715dff507c4e5f9,specter2__hyde,3
PBSAP-18,W4401111444,specter2__hyde,4
PBSAP-18,W4391256934,specter2__hyde,5
PBSAP-18,W4417216203,specter2__hyde,6
PBSAP-18,W3138942864,specter2__hyde,7
PBSAP-18,S2_545dd2f8fe2c23b082db3d46afed72be74ab019c,specter2__hyde,8
PBSAP-18,W2984343842,specter2__hyde,9
PBSAP-18,S2_53ff6bdd80a4c6f886e3747aef1a322d729f3e1a,specter2__hyde,10
PBSAP-19,W4410834963,specter2__hyde,1
PBSAP-19,W4412040795,specter2__hyde,2
PBSAP-19,W2472870815,specter2__hyde,3
PBSAP-19,W7214047140,specter2__hyde,4
PBSAP-19,W4402148428,specter2__hyde,5
PBSAP-19,W2138277462,specter2__hyde,6
PBSAP-19,W4395008763,specter2__hyde,7
PBSAP-19,S2_a57b78f38afa529c1fe5522777b46c7bffc76a89,specter2__hyde,8
PBSAP-19,S2_5c51f5a71ec340bb2771077eb389cb31b5279692,specter2__hyde,9
PBSAP-19,W4409253631,specter2__hyde,10
PBSAP-20,W7165360961,specter2__hyde,1
PBSAP-20,W4412040795,specter2__hyde,2
PBSAP-20,W4365502957,specter2__hyde,3
PBSAP-20,W4323974790,specter2__hyde,4
PBSAP-20,W4401176757,specter2__hyde,5
PBSAP-20,W4412032766,specter2__hyde,6
PBSAP-20,S2_990a41e1730e061b73c74bc9403d47118f99ac85,specter2__hyde,7
PBSAP-20,S2_2b2a9f7e4215ccfe5d47b1bca79cb5ef8f553dc3,specter2__hyde,8
PBSAP-20,W4395008763,specter2__hyde,9
PBSAP-20,W4414809216,specter2__hyde,10
PBSAP-21,W4412040795,specter2__hyde,1
PBSAP-21,W4400901866,specter2__hyde,2
PBSAP-21,W3093727647,specter2__hyde,3
PBSAP-21,W4401176757,specter2__hyde,4
PBSAP-21,S2_a57b78f38afa529c1fe5522777b46c7bffc76a89,specter2__hyde,5
PBSAP-21,W4395008763,specter2__hyde,6
PBSAP-21,W4406621510,specter2__hyde,7
PBSAP-21,W7220257467,specter2__hyde,8
PBSAP-21,W4401530171,specter2__hyde,9
PBSAP-21,S2_2b2a9f7e4215ccfe5d47b1bca79cb5ef8f553dc3,specter2__hyde,10
PBSAP-22,W4385536703,specter2__hyde,1
PBSAP-22,W7165360961,specter2__hyde,2
PBSAP-22,W4414510181,specter2__hyde,3
PBSAP-22,W4414809216,specter2__hyde,4
PBSAP-22,W4401530171,specter2__hyde,5
PBSAP-22,S2_990a41e1730e061b73c74bc9403d47118f99ac85,specter2__hyde,6
PBSAP-22,W4412044687,specter2__hyde,7
PBSAP-22,W4411958778,specter2__hyde,8
PBSAP-22,W4410834963,specter2__hyde,9
PBSAP-22,W7153338599,specter2__hyde,10
PBSAP-23,W4414510181,specter2__hyde,1
PBSAP-23,W7128442380,specter2__hyde,2
PBSAP-23,W4407340918,specter2__hyde,3
PBSAP-23,W4413342621,specter2__hyde,4
PBSAP-23,W4401176757,specter2__hyde,5
PBSAP-23,W7203762891,specter2__hyde,6
PBSAP-23,W4401530171,specter2__hyde,7
PBSAP-23,W7153338599,specter2__hyde,8
PBSAP-23,W4365502957,specter2__hyde,9
PBSAP-23,W4411958778,specter2__hyde,10
PBSAP-01,W3084780959,specter2__title,1
PBSAP-01,W2389756181,specter2__title,2
PBSAP-01,W3217007692,specter2__title,3
PBSAP-01,W3189615655,specter2__title,4
PBSAP-01,W2785326351,specter2__title,5
PBSAP-01,W778867319,specter2__title,6
PBSAP-01,S2_07ec0ae14b4cfb65c8642e212d136dd479b66722,specter2__title,7
PBSAP-01,W4392713469,specter2__title,8
PBSAP-01,S2_4b3f470c5af5d6881b6ee1b196bc431145360d49,specter2__title,9
PBSAP-01,S2_b11ff04aa4059ca1c4afc4b737af83d3a28c00e2,specter2__title,10
PBSAP-02,W2188164525,specter2__title,1
PBSAP-02,W2599625064,specter2__title,2
PBSAP-02,W4321386989,specter2__title,3
PBSAP-02,W4399684999,specter2__title,4
PBSAP-02,W4388541343,specter2__title,5
PBSAP-02,W3192534226,specter2__title,6
PBSAP-02,W4401278814,specter2__title,7
PBSAP-02,W4388915977,specter2__title,8
PBSAP-02,W4410836179,specter2__title,9
PBSAP-02,W4400513480,specter2__title,10
PBSAP-03,S2_2a5ea2ea9b65b635cf829c3ad6e4e6cfab91242b,specter2__title,1
PBSAP-03,W4386331097,specter2__title,2
PBSAP-03,S2_459be5a11e094dd37a8082a7a10d0b3baed64f9b,specter2__title,3
PBSAP-03,W1984683301,specter2__title,4
PBSAP-03,W1501813999,specter2__title,5
PBSAP-03,W7108092961,specter2__title,6
PBSAP-03,W4312136726,specter2__title,7
PBSAP-03,W1793960580,specter2__title,8
PBSAP-03,W3118864401,specter2__title,9
PBSAP-03,W4411789014,specter2__title,10
PBSAP-04,W4401278814,specter2__title,1
PBSAP-04,W3098852874,specter2__title,2
PBSAP-04,W4402920921,specter2__title,3
PBSAP-04,W7167336149,specter2__title,4
PBSAP-04,W2981790576,specter2__title,5
PBSAP-04,W3056451858,specter2__title,6
PBSAP-04,W4413234420,specter2__title,7
PBSAP-04,W7164194548,specter2__title,8
PBSAP-04,W1853248936,specter2__title,9
PBSAP-04,W4385890984,specter2__title,10
PBSAP-05,W3058305516,specter2__title,1
PBSAP-05,W4405628176,specter2__title,2
PBSAP-05,W4401975081,specter2__title,3
PBSAP-05,W3213911384,specter2__title,4
PBSAP-05,W3093563774,specter2__title,5
PBSAP-05,W4408266373,specter2__title,6
PBSAP-05,W3196219814,specter2__title,7
PBSAP-05,S2_d780234bedab2fb3f8a3a999c49e5d5c023d2c2c,specter2__title,8
PBSAP-05,W4385468596,specter2__title,9
PBSAP-05,S2_79c4c63f018ef0a9efd47eb7e7d4ef6597176987,specter2__title,10
PBSAP-06,W1853248936,specter2__title,1
PBSAP-06,W4401278814,specter2__title,2
PBSAP-06,W4386424399,specter2__title,3
PBSAP-06,W3005050626,specter2__title,4
PBSAP-06,W3216364292,specter2__title,5
PBSAP-06,W7146212495,specter2__title,6
PBSAP-06,W4413798916,specter2__title,7
PBSAP-06,S2_7482f0df81f860ad57a4b26b390b78b5cca35331,specter2__title,8
PBSAP-06,W4401656534,specter2__title,9
PBSAP-06,W2215510141,specter2__title,10
PBSAP-07,W7131275437,specter2__title,1
PBSAP-07,W4291010322,specter2__title,2
PBSAP-07,W4400680106,specter2__title,3
PBSAP-07,W7160544789,specter2__title,4
PBSAP-07,S2_0bedc81ac0c85307c5fb8ba431324b97fb87244a,specter2__title,5
PBSAP-07,W7130422847,specter2__title,6
PBSAP-07,W4396611483,specter2__title,7
PBSAP-07,W2943280352,specter2__title,8
PBSAP-07,W778867319,specter2__title,9
PBSAP-07,S2_43a2400a9fe9b1a34177fa9566f5182228ef16ac,specter2__title,10
PBSAP-08,W4390270011,specter2__title,1
PBSAP-08,W2585505791,specter2__title,2
PBSAP-08,W2508322761,specter2__title,3
PBSAP-08,W4415684102,specter2__title,4
PBSAP-08,W2773910037,specter2__title,5
PBSAP-08,W4312134962,specter2__title,6
PBSAP-08,W7131275437,specter2__title,7
PBSAP-08,W2014165020,specter2__title,8
PBSAP-08,S2_082e7266ae3e22620f6648f44b689642b3df9687,specter2__title,9
PBSAP-08,S2_72af8f91f72219fb6ee1a04da907fab2b4993018,specter2__title,10
PBSAP-09,W7130422847,specter2__title,1
PBSAP-09,W4407682091,specter2__title,2
PBSAP-09,S2_d9ae6d72bbca3bcae5e975ed8c5c7a3ce1f895c4,specter2__title,3
PBSAP-09,W3176665606,specter2__title,4
PBSAP-09,S2_1a6bbdf4e9066da78c2222cb3e096e048e1da22d,specter2__title,5
PBSAP-09,S2_6512c2409e25bb2b3b2707a04aa839a0efb6d9e4,specter2__title,6
PBSAP-09,W4401523984,specter2__title,7
PBSAP-09,W2361164004,specter2__title,8
PBSAP-09,W778867319,specter2__title,9
PBSAP-09,W2584863268,specter2__title,10
PBSAP-10,CR_10.47125_jesam_2020_2_02,specter2__title,1
PBSAP-10,S2_8da3451eb28c19f1de34677cbac5742ee5d12a8e,specter2__title,2
PBSAP-10,W7109139732,specter2__title,3
PBSAP-10,W4413602529,specter2__title,4
PBSAP-10,S2_573e0fed493251a8f3fb36445b3ce5ecbe34e9c4,specter2__title,5
PBSAP-10,W2573964298,specter2__title,6
PBSAP-10,W4414269792,specter2__title,7
PBSAP-10,W3003037274,specter2__title,8
PBSAP-10,W4405693301,specter2__title,9
PBSAP-10,W4400262015,specter2__title,10
PBSAP-11,W4414769242,specter2__title,1
PBSAP-11,W4382632468,specter2__title,2
PBSAP-11,W7131275437,specter2__title,3
PBSAP-11,W7219393640,specter2__title,4
PBSAP-11,W4408768228,specter2__title,5
PBSAP-11,S2_a450f5d5be8de0749d7c003440eef705f957594c,specter2__title,6
PBSAP-11,S2_72af8f91f72219fb6ee1a04da907fab2b4993018,specter2__title,7
PBSAP-11,W4412558390,specter2__title,8
PBSAP-11,W4413232213,specter2__title,9
PBSAP-11,W2773910037,specter2__title,10
PBSAP-12,S2_9bed369b0f9e87ca2700e6266dd33da23bd7db4c,specter2__title,1
PBSAP-12,W7128304332,specter2__title,2
PBSAP-12,W7131275437,specter2__title,3
PBSAP-12,W4395665832,specter2__title,4
PBSAP-12,W2922249169,specter2__title,5
PBSAP-12,W4404879175,specter2__title,6
PBSAP-12,W4393384204,specter2__title,7
PBSAP-12,W7151036944,specter2__title,8
PBSAP-12,W4413232213,specter2__title,9
PBSAP-12,W2673587905,specter2__title,10
PBSAP-13,W2950013675,specter2__title,1
PBSAP-13,W2161854691,specter2__title,2
PBSAP-13,W4220660132,specter2__title,3
PBSAP-13,W4200377128,specter2__title,4
PBSAP-13,S2_a9d52747c36c7447c04900b4c7a3900ae1956e3f,specter2__title,5
PBSAP-13,W2290936155,specter2__title,6
PBSAP-13,W1971999535,specter2__title,7
PBSAP-13,W4401108021,specter2__title,8
PBSAP-13,W2989437689,specter2__title,9
PBSAP-13,W3163368167,specter2__title,10
PBSAP-14,W3176665606,specter2__title,1
PBSAP-14,W2978853486,specter2__title,2
PBSAP-14,W4410001263,specter2__title,3
PBSAP-14,W3036894024,specter2__title,4
PBSAP-14,W4321386989,specter2__title,5
PBSAP-14,W778867319,specter2__title,6
PBSAP-14,W3005043841,specter2__title,7
PBSAP-14,W4390016355,specter2__title,8
PBSAP-14,W2955984257,specter2__title,9
PBSAP-14,W7208215282,specter2__title,10
PBSAP-15,S2_d9ae6d72bbca3bcae5e975ed8c5c7a3ce1f895c4,specter2__title,1
PBSAP-15,S2_c72dbb9114fd5f11074b2e862e1a2c91876c13aa,specter2__title,2
PBSAP-15,W4405693301,specter2__title,3
PBSAP-15,W4414642284,specter2__title,4
PBSAP-15,W2969779407,specter2__title,5
PBSAP-15,W3172615301,specter2__title,6
PBSAP-15,W2943280352,specter2__title,7
PBSAP-15,S2_1a6bbdf4e9066da78c2222cb3e096e048e1da22d,specter2__title,8
PBSAP-15,W4416277851,specter2__title,9
PBSAP-15,W4384807049,specter2__title,10
PBSAP-16,W3176665606,specter2__title,1
PBSAP-16,W2117913531,specter2__title,2
PBSAP-16,W2791836484,specter2__title,3
PBSAP-16,W4415473718,specter2__title,4
PBSAP-16,W3212886256,specter2__title,5
PBSAP-16,W4390270011,specter2__title,6
PBSAP-16,W4281779762,specter2__title,7
PBSAP-16,W4282835449,specter2__title,8
PBSAP-16,W4309426640,specter2__title,9
PBSAP-16,W2584863268,specter2__title,10
PBSAP-17,W2161854691,specter2__title,1
PBSAP-17,W2921844271,specter2__title,2
PBSAP-17,S2_d9ae6d72bbca3bcae5e975ed8c5c7a3ce1f895c4,specter2__title,3
PBSAP-17,W7163985292,specter2__title,4
PBSAP-17,W3084780959,specter2__title,5
PBSAP-17,W2537248201,specter2__title,6
PBSAP-17,S2_526a06852ff3ce2b587f88e60bc9332ab533fb39,specter2__title,7
PBSAP-17,W4387913526,specter2__title,8
PBSAP-17,W4407682091,specter2__title,9
PBSAP-17,CR_10.47125_jesam_2021_1_04,specter2__title,10
PBSAP-18,W1544602039,specter2__title,1
PBSAP-18,W3176665606,specter2__title,2
PBSAP-18,S2_d21484803272b6cb285731083bc884aecefc199a,specter2__title,3
PBSAP-18,W3212886256,specter2__title,4
PBSAP-18,W2584863268,specter2__title,5
PBSAP-18,S2_a9d52747c36c7447c04900b4c7a3900ae1956e3f,specter2__title,6
PBSAP-18,W2791836484,specter2__title,7
PBSAP-18,W566925752,specter2__title,8
PBSAP-18,W1971999535,specter2__title,9
PBSAP-18,S2_c618b57b83f38cd3041da77525623624403038dd,specter2__title,10
PBSAP-19,S2_6512c2409e25bb2b3b2707a04aa839a0efb6d9e4,specter2__title,1
PBSAP-19,S2_b8e9740477f1327bb93aa1fe5117255523819a68,specter2__title,2
PBSAP-19,W4390270011,specter2__title,3
PBSAP-19,S2_42803ffe5ecd0225203e94b0a44015113a2e1c93,specter2__title,4
PBSAP-19,W778867319,specter2__title,5
PBSAP-19,W1528361483,specter2__title,6
PBSAP-19,W2188164525,specter2__title,7
PBSAP-19,W2986649049,specter2__title,8
PBSAP-19,W4402345088,specter2__title,9
PBSAP-19,W3176665606,specter2__title,10
PBSAP-20,S2_6dd2707906c9ad53160c193dbddf64889c5e7d3c,specter2__title,1
PBSAP-20,W4415859928,specter2__title,2
PBSAP-20,W4312134962,specter2__title,3
PBSAP-20,W4402148428,specter2__title,4
PBSAP-20,W2917543889,specter2__title,5
PBSAP-20,W4317569089,specter2__title,6
PBSAP-20,W4318433645,specter2__title,7
PBSAP-20,W2392926581,specter2__title,8
PBSAP-20,W4384075943,specter2__title,9
PBSAP-20,S2_5c51f5a71ec340bb2771077eb389cb31b5279692,specter2__title,10
PBSAP-21,W4408886430,specter2__title,1
PBSAP-21,W4404000546,specter2__title,2
PBSAP-21,W4285448720,specter2__title,3
PBSAP-21,W3196070783,specter2__title,4
PBSAP-21,W7219224929,specter2__title,5
PBSAP-21,W2061363487,specter2__title,6
PBSAP-21,W1607292154,specter2__title,7
PBSAP-21,W7215603431,specter2__title,8
PBSAP-21,W2182865760,specter2__title,9
PBSAP-21,W4413846361,specter2__title,10
PBSAP-22,S2_d9ae6d72bbca3bcae5e975ed8c5c7a3ce1f895c4,specter2__title,1
PBSAP-22,S2_005494010ac03823943bc5d21181a435e45290e3,specter2__title,2
PBSAP-22,W3176665606,specter2__title,3
PBSAP-22,W2734328929,specter2__title,4
PBSAP-22,W4390270011,specter2__title,5
PBSAP-22,W2361164004,specter2__title,6
PBSAP-22,W3212886256,specter2__title,7
PBSAP-22,S2_43d3666a59fa86e0986f6ec12b8f989e3aaca600,specter2__title,8
PBSAP-22,W566925752,specter2__title,9
PBSAP-22,W2955984257,specter2__title,10
PBSAP-23,W7203762891,specter2__title,1
PBSAP-23,W3148798085,specter2__title,2
PBSAP-23,W4410399810,specter2__title,3
PBSAP-23,W4417325046,specter2__title,4
PBSAP-23,W2993403696,specter2__title,5
PBSAP-23,W4391481187,specter2__title,6
PBSAP-23,W4414510181,specter2__title,7
PBSAP-23,W4416745341,specter2__title,8
PBSAP-23,W3010958549,specter2__title,9
PBSAP-23,W7203732379,specter2__title,10
PBSAP-01,W7216180733,specter2__verbose,1
PBSAP-01,W7134227437,specter2__verbose,2
PBSAP-01,W2342732913,specter2__verbose,3
PBSAP-01,W4412183575,specter2__verbose,4
PBSAP-01,W2550696583,specter2__verbose,5
PBSAP-01,CR_10.56899_153.6b.08,specter2__verbose,6
PBSAP-01,W7220494638,specter2__verbose,7
PBSAP-01,W4390977452,specter2__verbose,8
PBSAP-01,W2955304591,specter2__verbose,9
PBSAP-01,W4402884064,specter2__verbose,10
PBSAP-02,W3010841788,specter2__verbose,1
PBSAP-02,S2_f36ba38e3b728ba866be553874862a66ea48a28c,specter2__verbose,2
PBSAP-02,W4391631041,specter2__verbose,3
PBSAP-02,W7220494638,specter2__verbose,4
PBSAP-02,W33323309,specter2__verbose,5
PBSAP-02,W4402884064,specter2__verbose,6
PBSAP-02,W2061234940,specter2__verbose,7
PBSAP-02,W4404883281,specter2__verbose,8
PBSAP-02,W4390977452,specter2__verbose,9
PBSAP-02,W3163717263,specter2__verbose,10
PBSAP-03,W2955304591,specter2__verbose,1
PBSAP-03,W2342732913,specter2__verbose,2
PBSAP-03,W4412183575,specter2__verbose,3
PBSAP-03,W3108704521,specter2__verbose,4
PBSAP-03,W2550696583,specter2__verbose,5
PBSAP-03,W7134227437,specter2__verbose,6
PBSAP-03,W7216180733,specter2__verbose,7
PBSAP-03,W4413449508,specter2__verbose,8
PBSAP-03,W4220813165,specter2__verbose,9
PBSAP-03,CR_10.56899_153.6b.08,specter2__verbose,10
PBSAP-04,W2230288673,specter2__verbose,1
PBSAP-04,W4417227324,specter2__verbose,2
PBSAP-04,W4220813165,specter2__verbose,3
PBSAP-04,W4385468596,specter2__verbose,4
PBSAP-04,W3203838631,specter2__verbose,5
PBSAP-04,W4294315899,specter2__verbose,6
PBSAP-04,W3108704521,specter2__verbose,7
PBSAP-04,W7134227437,specter2__verbose,8
PBSAP-04,W4409440336,specter2__verbose,9
PBSAP-04,W4410528686,specter2__verbose,10
PBSAP-05,W2808891583,specter2__verbose,1
PBSAP-05,W2752000753,specter2__verbose,2
PBSAP-05,W3200865534,specter2__verbose,3
PBSAP-05,W2230288673,specter2__verbose,4
PBSAP-05,S2_84e8d34fa2f8867946e822ec5ac6b0331bc0455a,specter2__verbose,5
PBSAP-05,W4295278544,specter2__verbose,6
PBSAP-05,S2_ea59f0616c1fcb874631a41179389f1dd4e72514,specter2__verbose,7
PBSAP-05,S2_29e69f3dfa0edeaa997d6ee59ca72492e90da1d3,specter2__verbose,8
PBSAP-05,W7216180733,specter2__verbose,9
PBSAP-05,S2_5f49f802c2dd0590b8803207137c195de5b3cc36,specter2__verbose,10
PBSAP-06,W3117041061,specter2__verbose,1
PBSAP-06,W7164405707,specter2__verbose,2
PBSAP-06,W2187326120,specter2__verbose,3
PBSAP-06,S2_5f49f802c2dd0590b8803207137c195de5b3cc36,specter2__verbose,4
PBSAP-06,S2_0911c09ac34ceb2f8112eb367639cafedaaf4321,specter2__verbose,5
PBSAP-06,W1885296745,specter2__verbose,6
PBSAP-06,W4319298033,specter2__verbose,7
PBSAP-06,W2751151007,specter2__verbose,8
PBSAP-06,W4312218546,specter2__verbose,9
PBSAP-06,W3108704521,specter2__verbose,10
PBSAP-07,W2906699469,specter2__verbose,1
PBSAP-07,W4380078937,specter2__verbose,2
PBSAP-07,W7217972177,specter2__verbose,3
PBSAP-07,W7220194197,specter2__verbose,4
PBSAP-07,S2_4325b3fbde129eacf44ae80485e9ad8dcc29f046,specter2__verbose,5
PBSAP-07,W3208445960,specter2__verbose,6
PBSAP-07,W7116656793,specter2__verbose,7
PBSAP-07,W4410792016,specter2__verbose,8
PBSAP-07,CR_10.62550_en18053023,specter2__verbose,9
PBSAP-07,W2995685838,specter2__verbose,10
PBSAP-08,W2730785316,specter2__verbose,1
PBSAP-08,W4389192956,specter2__verbose,2
PBSAP-08,W1938137845,specter2__verbose,3
PBSAP-08,W1556955148,specter2__verbose,4
PBSAP-08,W4312559589,specter2__verbose,5
PBSAP-08,W4402884064,specter2__verbose,6
PBSAP-08,S2_650bb7e3f920345050bd2db860968583c9932812,specter2__verbose,7
PBSAP-08,W4395008763,specter2__verbose,8
PBSAP-08,W3133999024,specter2__verbose,9
PBSAP-08,S2_63859ccddaac7e2b835e6ec440b0dfbac2a00829,specter2__verbose,10
PBSAP-09,W4410779488,specter2__verbose,1
PBSAP-09,W3174895525,specter2__verbose,2
PBSAP-09,W2885138739,specter2__verbose,3
PBSAP-09,W3200865534,specter2__verbose,4
PBSAP-09,S2_29e69f3dfa0edeaa997d6ee59ca72492e90da1d3,specter2__verbose,5
PBSAP-09,W2808891583,specter2__verbose,6
PBSAP-09,W2230288673,specter2__verbose,7
PBSAP-09,W2313622369,specter2__verbose,8
PBSAP-09,W4395456172,specter2__verbose,9
PBSAP-09,W7216180733,specter2__verbose,10
PBSAP-10,W7203736561,specter2__verbose,1
PBSAP-10,W2627016283,specter2__verbose,2
PBSAP-10,W2883209247,specter2__verbose,3
PBSAP-10,W197872094,specter2__verbose,4
PBSAP-10,S2_b8d3deb713e5d357ce0fef7d357df626d175fa00,specter2__verbose,5
PBSAP-10,W4380078937,specter2__verbose,6
PBSAP-10,CR_10.62550_en18053023,specter2__verbose,7
PBSAP-10,W4323341763,specter2__verbose,8
PBSAP-10,W7220194197,specter2__verbose,9
PBSAP-10,S2_55d2a3acb683ae0aa74fac38e0be84ac3703a282,specter2__verbose,10
PBSAP-11,W2277658191,specter2__verbose,1
PBSAP-11,W7216180733,specter2__verbose,2
PBSAP-11,W4410834963,specter2__verbose,3
PBSAP-11,W7134227437,specter2__verbose,4
PBSAP-11,W4415723868,specter2__verbose,5
PBSAP-11,W2587237139,specter2__verbose,6
PBSAP-11,S2_f5dfd9123c5f969c54d59df77a32c7bddb37ad54,specter2__verbose,7
PBSAP-11,W4312559589,specter2__verbose,8
PBSAP-11,W3133999024,specter2__verbose,9
PBSAP-11,S2_27019d7f7919e22bc5d80e83e53c5a02a55c288c,specter2__verbose,10
PBSAP-12,W4395008763,specter2__verbose,1
PBSAP-12,W4402884064,specter2__verbose,2
PBSAP-12,W4412040795,specter2__verbose,3
PBSAP-12,W4400318614,specter2__verbose,4
PBSAP-12,W4416862269,specter2__verbose,5
PBSAP-12,S2_dbbabd2e0b0c45d437bb10d6c51e275815fc168b,specter2__verbose,6
PBSAP-12,W7117574889,specter2__verbose,7
PBSAP-12,W4412032766,specter2__verbose,8
PBSAP-12,S2_c6b197bf2856e6ef0528ec1d23dd47bc004f83fb,specter2__verbose,9
PBSAP-12,W2779613575,specter2__verbose,10
PBSAP-13,W4321515620,specter2__verbose,1
PBSAP-13,W7125819955,specter2__verbose,2
PBSAP-13,W7216180733,specter2__verbose,3
PBSAP-13,W4404524185,specter2__verbose,4
PBSAP-13,W4402971859,specter2__verbose,5
PBSAP-13,W4412040795,specter2__verbose,6
PBSAP-13,S2_abbfca136b3504341088138c0764a093e985bc57,specter2__verbose,7
PBSAP-13,W3211939382,specter2__verbose,8
PBSAP-13,W4406748347,specter2__verbose,9
PBSAP-13,W4400344315,specter2__verbose,10
PBSAP-14,S2_3cff0c31944d73e9c187c5dfa5398be262a2a695,specter2__verbose,1
PBSAP-14,W4312559589,specter2__verbose,2
PBSAP-14,W4412040795,specter2__verbose,3
PBSAP-14,S2_0911c09ac34ceb2f8112eb367639cafedaaf4321,specter2__verbose,4
PBSAP-14,W4395008763,specter2__verbose,5
PBSAP-14,S2_f5dfd9123c5f969c54d59df77a32c7bddb37ad54,specter2__verbose,6
PBSAP-14,W7131851356,specter2__verbose,7
PBSAP-14,W3133999024,specter2__verbose,8
PBSAP-14,W2138277462,specter2__verbose,9
PBSAP-14,W2342732913,specter2__verbose,10
PBSAP-15,W7216180733,specter2__verbose,1
PBSAP-15,W4312559589,specter2__verbose,2
PBSAP-15,W4378219384,specter2__verbose,3
PBSAP-15,W3133999024,specter2__verbose,4
PBSAP-15,W4310090096,specter2__verbose,5
PBSAP-15,CR_10.56899_153.6b.08,specter2__verbose,6
PBSAP-15,S2_c36bf128e23f55df3360d1138fbaa3262a856ad7,specter2__verbose,7
PBSAP-15,W2238157130,specter2__verbose,8
PBSAP-15,W7134227437,specter2__verbose,9
PBSAP-15,W4395008763,specter2__verbose,10
PBSAP-16,W4400668787,specter2__verbose,1
PBSAP-16,W3097024190,specter2__verbose,2
PBSAP-16,W2906699469,specter2__verbose,3
PBSAP-16,W4352984548,specter2__verbose,4
PBSAP-16,W4378219384,specter2__verbose,5
PBSAP-16,S2_9d5a16b4de9908bf2b40cc7dedbe2a95dc54f5e0,specter2__verbose,6
PBSAP-16,W4206416897,specter2__verbose,7
PBSAP-16,S2_73f716bcd75ca1277643bfbc32c4c5b073ba7e31,specter2__verbose,8
PBSAP-16,W7220194197,specter2__verbose,9
PBSAP-16,W2995685838,specter2__verbose,10
PBSAP-17,W2995685838,specter2__verbose,1
PBSAP-17,W2238157130,specter2__verbose,2
PBSAP-17,S2_4325b3fbde129eacf44ae80485e9ad8dcc29f046,specter2__verbose,3
PBSAP-17,W2766129475,specter2__verbose,4
PBSAP-17,W3135081841,specter2__verbose,5
PBSAP-17,W4402971859,specter2__verbose,6
PBSAP-17,S2_e4a23859e6ca4f6beef2554ec6907efddb5a2b3c,specter2__verbose,7
PBSAP-17,S2_9ca52ad73d8e8765b234625c6b4a8a761b1959b5,specter2__verbose,8
PBSAP-17,W3200865534,specter2__verbose,9
PBSAP-17,W1567522067,specter2__verbose,10
PBSAP-18,S2_3cff0c31944d73e9c187c5dfa5398be262a2a695,specter2__verbose,1
PBSAP-18,W2761786550,specter2__verbose,2
PBSAP-18,W20757553,specter2__verbose,3
PBSAP-18,S2_53ff6bdd80a4c6f886e3747aef1a322d729f3e1a,specter2__verbose,4
PBSAP-18,W4410834963,specter2__verbose,5
PBSAP-18,W7214047140,specter2__verbose,6
PBSAP-18,W4410528686,specter2__verbose,7
PBSAP-18,W2984343842,specter2__verbose,8
PBSAP-18,W2277658191,specter2__verbose,9
PBSAP-18,W2138277462,specter2__verbose,10
PBSAP-19,W7214047140,specter2__verbose,1
PBSAP-19,W7219939329,specter2__verbose,2
PBSAP-19,S2_720046d1b726759c6925307775875ad6521d0b18,specter2__verbose,3
PBSAP-19,W2138277462,specter2__verbose,4
PBSAP-19,W2984343842,specter2__verbose,5
PBSAP-19,W2550696583,specter2__verbose,6
PBSAP-19,W2336638622,specter2__verbose,7
PBSAP-19,S2_e0c1b6013eb619fd68b3c64bb2c91867a8da02a5,specter2__verbose,8
PBSAP-19,W750846832,specter2__verbose,9
PBSAP-19,S2_3cff0c31944d73e9c187c5dfa5398be262a2a695,specter2__verbose,10
PBSAP-20,W4389287604,specter2__verbose,1
PBSAP-20,S2_f36ba38e3b728ba866be553874862a66ea48a28c,specter2__verbose,2
PBSAP-20,W4411958778,specter2__verbose,3
PBSAP-20,W4414809216,specter2__verbose,4
PBSAP-20,W4404883281,specter2__verbose,5
PBSAP-20,S2_990a41e1730e061b73c74bc9403d47118f99ac85,specter2__verbose,6
PBSAP-20,W7165360961,specter2__verbose,7
PBSAP-20,S2_3cff0c31944d73e9c187c5dfa5398be262a2a695,specter2__verbose,8
PBSAP-20,W4407441821,specter2__verbose,9
PBSAP-20,S2_0911c09ac34ceb2f8112eb367639cafedaaf4321,specter2__verbose,10
PBSAP-21,W4393353983,specter2__verbose,1
PBSAP-21,W4395008763,specter2__verbose,2
PBSAP-21,W4401176757,specter2__verbose,3
PBSAP-21,W4411958778,specter2__verbose,4
PBSAP-21,S2_2b2a9f7e4215ccfe5d47b1bca79cb5ef8f553dc3,specter2__verbose,5
PBSAP-21,S2_0911c09ac34ceb2f8112eb367639cafedaaf4321,specter2__verbose,6
PBSAP-21,W4406673699,specter2__verbose,7
PBSAP-21,W7125819955,specter2__verbose,8
PBSAP-21,W4403734070,specter2__verbose,9
PBSAP-21,W1511114943,specter2__verbose,10
PBSAP-22,W4411958778,specter2__verbose,1
PBSAP-22,S2_990a41e1730e061b73c74bc9403d47118f99ac85,specter2__verbose,2
PBSAP-22,W4414809216,specter2__verbose,3
PBSAP-22,W4389287604,specter2__verbose,4
PBSAP-22,W4392714263,specter2__verbose,5
PBSAP-22,W4395008763,specter2__verbose,6
PBSAP-22,W4385536703,specter2__verbose,7
PBSAP-22,W7165360961,specter2__verbose,8
PBSAP-22,W3018187738,specter2__verbose,9
PBSAP-22,W4405129985,specter2__verbose,10
PBSAP-23,W2993403696,specter2__verbose,1
PBSAP-23,W4414510181,specter2__verbose,2
PBSAP-23,W7153338599,specter2__verbose,3
PBSAP-23,W7203762891,specter2__verbose,4
PBSAP-23,S2_990a41e1730e061b73c74bc9403d47118f99ac85,specter2__verbose,5
PBSAP-23,W7128442380,specter2__verbose,6
PBSAP-23,W7203732379,specter2__verbose,7
PBSAP-23,W4391481187,specter2__verbose,8
PBSAP-23,W4414809216,specter2__verbose,9
PBSAP-23,W4416745341,specter2__verbose,10
